shipment_id,order_date,delivery_date,region,origin,destination,service_type,delivery_status,estimated_days,actual_days,delay_days,distance_km,distribution_center,customer_segment
VLX-2026-000001,2026-03-27,2026-04-02,Southeast,Sao Paulo/SP,Sao Paulo/SP,STANDARD,DELIVERED_ON_TIME,6,6,0,946,DC-MG-01,RETAIL
VLX-2026-000002,2026-05-24,2026-05-29,Southeast,Florianopolis/SC,Sao Paulo/SP,STANDARD,DELIVERED_ON_TIME,5,5,0,907,DC-MG-01,ENTERPRISE
VLX-2026-000003,2026-07-01,2026-07-06,Northeast,Porto Velho/RO,Recife/PE,STANDARD,DELIVERED_ON_TIME,6,5,0,207,DC-PE-01,RETAIL
VLX-2026-000004,2026-08-17,2026-08-22,Southeast,Florianopolis/SC,Belo Horizonte/MG,STANDARD,DELIVERED_ON_TIME,5,5,0,771,DC-MG-01,ENTERPRISE
VLX-2026-000005,2026-08-07,2026-08-12,Central-West,Florianopolis/SC,Brasilia/DF,EXPRESS,DELIVERY_EXCEPTION,3,5,2,1471,DC-GO-01,SMB
VLX-2026-000006,2026-01-18,2026-01-22,North,Porto Alegre/RS,Belem/PA,EXPRESS,DELIVERED_ON_TIME,4,4,0,2343,DC-AM-01,SMB
VLX-2026-000007,2026-01-05,2026-01-11,Northeast,Sao Paulo/SP,Fortaleza/CE,STANDARD,DELIVERED_ON_TIME,6,6,0,1056,DC-PE-01,RETAIL
VLX-2026-000008,2026-07-03,2026-07-08,South,Curitiba/PR,Porto Alegre/RS,STANDARD,DELIVERED_ON_TIME,5,5,0,939,DC-RS-01,RETAIL
VLX-2026-000009,2026-04-13,2026-04-20,Northeast,Sao Paulo/SP,Fortaleza/CE,STANDARD,DELIVERED_ON_TIME,7,7,0,1117,DC-CE-01,RETAIL
VLX-2026-000010,2026-02-16,2026-02-22,Southeast,Recife/PE,Belo Horizonte/MG,STANDARD,DELIVERED_ON_TIME,6,6,0,1062,DC-RJ-01,RETAIL
VLX-2026-000011,2026-07-17,2026-07-25,Southeast,Manaus/AM,Belo Horizonte/MG,STANDARD,DELIVERED_LATE,5,8,3,844,DC-SP-01,RETAIL
VLX-2026-000012,2026-02-17,2026-02-24,North,Belo Horizonte/MG,Belem/PA,STANDARD,DELIVERED_ON_TIME,7,7,0,1639,DC-AM-01,RETAIL
VLX-2026-000013,2026-07-04,2026-07-09,North,Rio de Janeiro/RJ,Manaus/AM,EXPRESS,DELIVERED_ON_TIME,5,5,0,810,DC-AM-01,RETAIL
VLX-2026-000014,2026-07-26,2026-07-27,South,Porto Alegre/RS,Curitiba/PR,EXPRESS,DELIVERED_ON_TIME,2,1,0,1139,DC-RS-01,SMB
VLX-2026-000015,2026-04-08,2026-04-16,Northeast,Rio de Janeiro/RJ,Fortaleza/CE,STANDARD,DELIVERED_LATE,6,8,2,604,DC-PE-01,RETAIL
VLX-2026-000016,2026-03-20,2026-03-26,Southeast,Belo Horizonte/MG,Belo Horizonte/MG,STANDARD,DELIVERED_ON_TIME,6,6,0,1080,DC-RJ-01,SMB
VLX-2026-000017,2026-05-21,2026-05-26,Central-West,Belo Horizonte/MG,Cuiaba/MT,STANDARD,DELIVERED_ON_TIME,6,5,0,973,DC-GO-01,RETAIL
VLX-2026-000018,2026-04-10,2026-04-16,South,Sao Paulo/SP,Porto Alegre/RS,STANDARD,DELIVERED_ON_TIME,6,6,0,709,DC-PR-01,RETAIL
VLX-2026-000019,2026-01-26,2026-01-28,South,Belo Horizonte/MG,Porto Alegre/RS,EXPRESS,DELIVERED_ON_TIME,2,2,0,923,DC-RS-01,RETAIL
VLX-2026-000020,2026-05-26,2026-06-07,Northeast,Porto Velho/RO,Fortaleza/CE,STANDARD,DELIVERED_LATE,6,12,6,396,DC-CE-01,SMB
VLX-2026-000021,2026-07-03,2026-07-08,South,Manaus/AM,Porto Alegre/RS,STANDARD,DELIVERED_ON_TIME,5,5,0,818,DC-RS-01,RETAIL
VLX-2026-000022,2026-04-23,2026-04-25,Southeast,Rio de Janeiro/RJ,Sao Paulo/SP,EXPRESS,DELIVERED_ON_TIME,2,2,0,902,DC-MG-01,SMB
VLX-2026-000023,2026-02-02,2026-02-11,South,Rio de Janeiro/RJ,Florianopolis/SC,STANDARD,DELIVERED_LATE,6,9,3,957,DC-RS-01,RETAIL
VLX-2026-000024,2026-04-24,2026-04-27,Central-West,Belo Horizonte/MG,Brasilia/DF,EXPRESS,DELIVERED_ON_TIME,4,3,0,637,DC-GO-01,SMB
VLX-2026-000025,2026-03-20,2026-03-25,Northeast,Florianopolis/SC,Fortaleza/CE,STANDARD,DELIVERED_ON_TIME,6,5,0,1432,DC-CE-01,RETAIL
VLX-2026-000026,2026-02-03,2026-02-08,South,Recife/PE,Porto Alegre/RS,STANDARD,DELIVERED_ON_TIME,5,5,0,1250,DC-PR-01,SMB
VLX-2026-000027,2026-02-21,2026-03-03,Northeast,Fortaleza/CE,Fortaleza/CE,STANDARD,DELIVERED_LATE,6,10,4,443,DC-CE-01,RETAIL
VLX-2026-000028,2026-08-16,2026-08-21,South,Porto Alegre/RS,Florianopolis/SC,STANDARD,DELIVERED_ON_TIME,6,5,0,476,DC-RS-01,RETAIL
VLX-2026-000029,2026-06-07,2026-06-08,Southeast,Recife/PE,Sao Paulo/SP,EXPRESS,DELIVERED_ON_TIME,2,1,0,882,DC-RJ-01,RETAIL
VLX-2026-000030,2026-04-24,2026-05-06,South,Manaus/AM,Curitiba/PR,STANDARD,DELIVERY_EXCEPTION,6,12,6,916,DC-RS-01,RETAIL
VLX-2026-000031,2026-06-10,2026-06-19,Central-West,Rio de Janeiro/RJ,Cuiaba/MT,STANDARD,DELIVERED_LATE,6,9,3,1169,DC-DF-01,RETAIL
VLX-2026-000032,2026-07-23,2026-07-28,South,Salvador/BA,Porto Alegre/RS,STANDARD,DELIVERED_ON_TIME,5,5,0,483,DC-PR-01,RETAIL
VLX-2026-000033,2026-04-04,2026-04-10,Central-West,Belo Horizonte/MG,Brasilia/DF,STANDARD,DELIVERED_ON_TIME,7,6,0,1160,DC-GO-01,RETAIL
VLX-2026-000034,2026-01-29,2026-02-03,Southeast,Porto Velho/RO,Sao Paulo/SP,STANDARD,DELIVERED_ON_TIME,5,5,0,310,DC-MG-01,ENTERPRISE
VLX-2026-000035,2026-07-15,2026-07-21,Southeast,Brasilia/DF,Belo Horizonte/MG,STANDARD,DELIVERED_ON_TIME,6,6,0,1072,DC-RJ-01,RETAIL
VLX-2026-000036,2026-04-21,2026-04-27,Northeast,Belo Horizonte/MG,Fortaleza/CE,STANDARD,DELIVERED_ON_TIME,6,6,0,1691,DC-CE-01,RETAIL
VLX-2026-000037,2026-08-12,2026-08-17,Southeast,Cuiaba/MT,Sao Paulo/SP,STANDARD,DELIVERED_ON_TIME,5,5,0,789,DC-RJ-01,RETAIL
VLX-2026-000038,2026-01-05,2026-01-07,South,Belo Horizonte/MG,Florianopolis/SC,EXPRESS,DELIVERED_ON_TIME,2,2,0,129,DC-PR-01,ENTERPRISE
VLX-2026-000039,2026-06-08,2026-06-10,Central-West,Belem/PA,Goiania/GO,EXPRESS,DELIVERED_ON_TIME,3,2,0,893,DC-DF-01,RETAIL
VLX-2026-000040,2026-07-01,2026-07-03,Southeast,Recife/PE,Sao Paulo/SP,EXPRESS,DELIVERED_ON_TIME,2,2,0,191,DC-RJ-01,RETAIL
VLX-2026-000041,2026-05-30,2026-06-08,Northeast,Sao Paulo/SP,Salvador/BA,STANDARD,DELIVERED_LATE,6,9,3,864,DC-BA-01,ENTERPRISE
VLX-2026-000042,2026-01-08,2026-01-16,Central-West,Salvador/BA,Brasilia/DF,STANDARD,DELIVERED_LATE,6,8,2,584,DC-GO-01,SMB
VLX-2026-000043,2026-03-02,2026-03-10,Central-West,Recife/PE,Brasilia/DF,STANDARD,DELIVERED_LATE,6,8,2,727,DC-GO-01,RETAIL
VLX-2026-000044,2026-05-28,2026-05-31,South,Curitiba/PR,Curitiba/PR,EXPRESS,DELIVERED_LATE,2,3,1,1006,DC-RS-01,RETAIL
VLX-2026-000045,2026-04-28,2026-05-04,South,Rio de Janeiro/RJ,Porto Alegre/RS,STANDARD,DELIVERED_ON_TIME,6,6,0,760,DC-RS-01,RETAIL
VLX-2026-000046,2026-07-02,2026-07-03,Southeast,Belo Horizonte/MG,Sao Paulo/SP,EXPRESS,DELIVERED_ON_TIME,2,1,0,628,DC-MG-01,ENTERPRISE
VLX-2026-000047,2026-04-16,2026-04-21,Southeast,Rio de Janeiro/RJ,Sao Paulo/SP,STANDARD,DELIVERED_ON_TIME,5,5,0,843,DC-SP-01,RETAIL
VLX-2026-000048,2026-02-10,2026-02-12,Southeast,Cuiaba/MT,Belo Horizonte/MG,EXPRESS,DELIVERED_ON_TIME,2,2,0,424,DC-SP-01,ENTERPRISE
VLX-2026-000049,2026-04-21,2026-04-27,Southeast,Sao Paulo/SP,Rio de Janeiro/RJ,STANDARD,DELIVERED_ON_TIME,6,6,0,553,DC-MG-01,RETAIL
VLX-2026-000050,2026-06-26,2026-07-02,South,Goiania/GO,Curitiba/PR,STANDARD,DELIVERED_ON_TIME,6,6,0,1272,DC-PR-01,RETAIL
VLX-2026-000051,2026-04-28,2026-05-03,Southeast,Manaus/AM,Sao Paulo/SP,STANDARD,DELIVERED_ON_TIME,5,5,0,240,DC-MG-01,RETAIL
VLX-2026-000052,2026-04-28,2026-05-06,North,Rio de Janeiro/RJ,Manaus/AM,STANDARD,DELIVERED_ON_TIME,8,8,0,457,DC-AM-01,RETAIL
VLX-2026-000053,2026-06-07,2026-06-12,South,Belo Horizonte/MG,Curitiba/PR,STANDARD,DELIVERED_ON_TIME,5,5,0,967,DC-PR-01,RETAIL
VLX-2026-000054,2026-02-02,2026-02-08,Northeast,Goiania/GO,Fortaleza/CE,STANDARD,DELIVERED_ON_TIME,6,6,0,603,DC-PE-01,RETAIL
VLX-2026-000055,2026-07-11,2026-07-13,Northeast,Sao Paulo/SP,Recife/PE,EXPRESS,DELIVERED_ON_TIME,3,2,0,1536,DC-CE-01,RETAIL
VLX-2026-000056,2026-05-01,2026-05-04,Central-West,Recife/PE,Goiania/GO,EXPRESS,DELIVERED_ON_TIME,3,3,0,316,DC-DF-01,SMB
VLX-2026-000057,2026-03-16,2026-03-21,South,Brasilia/DF,Porto Alegre/RS,STANDARD,DELIVERED_ON_TIME,6,5,0,756,DC-RS-01,ENTERPRISE
VLX-2026-000058,2026-05-06,2026-05-12,Central-West,Sao Paulo/SP,Goiania/GO,STANDARD,DELIVERED_ON_TIME,6,6,0,891,DC-DF-01,ENTERPRISE
VLX-2026-000059,2026-01-17,2026-01-22,Southeast,Fortaleza/CE,Sao Paulo/SP,STANDARD,DELIVERED_ON_TIME,5,5,0,262,DC-MG-01,RETAIL
VLX-2026-000060,2026-07-11,2026-07-15,Southeast,Cuiaba/MT,Belo Horizonte/MG,STANDARD,DELIVERED_ON_TIME,5,4,0,704,DC-SP-01,RETAIL
VLX-2026-000061,2026-02-04,2026-02-06,Central-West,Belo Horizonte/MG,Cuiaba/MT,EXPRESS,DELIVERED_ON_TIME,3,2,0,318,DC-DF-01,RETAIL
VLX-2026-000062,2026-06-28,2026-07-02,Southeast,Curitiba/PR,Rio de Janeiro/RJ,STANDARD,DELIVERED_ON_TIME,5,4,0,119,DC-MG-01,SMB
VLX-2026-000063,2026-05-09,2026-05-13,North,Curitiba/PR,Belem/PA,EXPRESS,DELIVERED_ON_TIME,4,4,0,956,DC-AM-01,RETAIL
VLX-2026-000064,2026-04-01,2026-04-03,Southeast,Sao Paulo/SP,Rio de Janeiro/RJ,EXPRESS,DELIVERED_ON_TIME,2,2,0,518,DC-MG-01,RETAIL
VLX-2026-000065,2026-01-11,2026-01-17,Northeast,Curitiba/PR,Salvador/BA,STANDARD,DELIVERED_ON_TIME,6,6,0,470,DC-PE-01,RETAIL
VLX-2026-000066,2026-01-21,2026-01-27,Central-West,Manaus/AM,Cuiaba/MT,STANDARD,DELIVERED_ON_TIME,6,6,0,243,DC-DF-01,RETAIL
VLX-2026-000067,2026-07-24,2026-07-29,Southeast,Rio de Janeiro/RJ,Rio de Janeiro/RJ,STANDARD,DELIVERED_ON_TIME,5,5,0,191,DC-MG-01,RETAIL
VLX-2026-000068,2026-06-11,2026-06-17,Central-West,Goiania/GO,Brasilia/DF,STANDARD,DELIVERED_ON_TIME,6,6,0,556,DC-DF-01,RETAIL
VLX-2026-000069,2026-06-22,2026-06-26,Southeast,Cuiaba/MT,Sao Paulo/SP,STANDARD,DELIVERED_ON_TIME,5,4,0,235,DC-RJ-01,ENTERPRISE
VLX-2026-000070,2026-06-03,2026-06-08,Northeast,Manaus/AM,Recife/PE,STANDARD,DELIVERED_ON_TIME,6,5,0,1778,DC-BA-01,RETAIL
VLX-2026-000071,2026-05-19,2026-05-27,North,Recife/PE,Belem/PA,STANDARD,DELIVERED_LATE,7,8,1,455,DC-AM-01,RETAIL
VLX-2026-000072,2026-06-20,2026-06-25,South,Sao Paulo/SP,Porto Alegre/RS,STANDARD,DELIVERED_ON_TIME,5,5,0,1141,DC-RS-01,RETAIL
VLX-2026-000073,2026-05-07,2026-05-18,Northeast,Sao Paulo/SP,Salvador/BA,EXPRESS,DELIVERED_LATE,4,11,7,1713,DC-CE-01,ENTERPRISE
VLX-2026-000074,2026-07-27,2026-08-02,Central-West,Florianopolis/SC,Brasilia/DF,STANDARD,DELIVERED_ON_TIME,6,6,0,324,DC-DF-01,RETAIL
VLX-2026-000075,2026-06-27,2026-06-28,Southeast,Rio de Janeiro/RJ,Belo Horizonte/MG,EXPRESS,DELIVERED_ON_TIME,2,1,0,861,DC-MG-01,SMB
VLX-2026-000076,2026-01-25,2026-02-03,Northeast,Florianopolis/SC,Fortaleza/CE,STANDARD,DELIVERED_LATE,6,9,3,675,DC-PE-01,RETAIL
VLX-2026-000077,2026-03-21,2026-03-24,Central-West,Belo Horizonte/MG,Cuiaba/MT,EXPRESS,DELIVERED_ON_TIME,4,3,0,776,DC-GO-01,RETAIL
VLX-2026-000078,2026-05-11,2026-05-19,Northeast,Belo Horizonte/MG,Recife/PE,EXPRESS,DELIVERY_EXCEPTION,4,8,4,285,DC-PE-01,RETAIL
VLX-2026-000079,2026-02-07,2026-02-10,Northeast,Fortaleza/CE,Fortaleza/CE,EXPRESS,DELIVERED_ON_TIME,3,3,0,589,DC-CE-01,SMB
VLX-2026-000080,2026-02-12,2026-02-18,South,Belo Horizonte/MG,Curitiba/PR,STANDARD,DELIVERED_ON_TIME,6,6,0,680,DC-RS-01,RETAIL
VLX-2026-000081,2026-08-09,2026-08-17,Southeast,Rio de Janeiro/RJ,Rio de Janeiro/RJ,STANDARD,DELIVERED_LATE,5,8,3,614,DC-RJ-01,RETAIL
VLX-2026-000082,2026-01-16,2026-01-18,South,Fortaleza/CE,Porto Alegre/RS,EXPRESS,DELIVERED_ON_TIME,2,2,0,591,DC-RS-01,RETAIL
VLX-2026-000083,2026-03-22,2026-03-26,North,Rio de Janeiro/RJ,Manaus/AM,EXPRESS,DELIVERED_ON_TIME,4,4,0,2109,DC-PA-01,RETAIL
VLX-2026-000084,2026-08-04,2026-08-09,Southeast,Goiania/GO,Rio de Janeiro/RJ,STANDARD,DELIVERED_ON_TIME,5,5,0,795,DC-MG-01,RETAIL
VLX-2026-000085,2026-03-22,2026-03-29,Northeast,Curitiba/PR,Fortaleza/CE,EXPRESS,DELIVERY_EXCEPTION,3,7,4,874,DC-CE-01,RETAIL
VLX-2026-000086,2026-01-05,2026-01-13,South,Sao Paulo/SP,Curitiba/PR,STANDARD,DELIVERED_LATE,5,8,3,648,DC-PR-01,SMB
VLX-2026-000087,2026-05-31,2026-06-01,South,Fortaleza/CE,Florianopolis/SC,EXPRESS,DELIVERED_ON_TIME,2,1,0,1229,DC-RS-01,RETAIL
VLX-2026-000088,2026-04-16,2026-04-21,Southeast,Florianopolis/SC,Belo Horizonte/MG,STANDARD,DELIVERED_ON_TIME,5,5,0,830,DC-MG-01,RETAIL
VLX-2026-000089,2026-08-13,2026-08-18,Southeast,Belo Horizonte/MG,Rio de Janeiro/RJ,STANDARD,DELIVERED_ON_TIME,5,5,0,377,DC-RJ-01,SMB
VLX-2026-000090,2026-03-15,2026-03-20,Southeast,Brasilia/DF,Rio de Janeiro/RJ,STANDARD,DELIVERED_ON_TIME,5,5,0,945,DC-MG-01,SMB
VLX-2026-000091,2026-02-04,2026-02-08,Southeast,Belo Horizonte/MG,Belo Horizonte/MG,STANDARD,DELIVERED_ON_TIME,5,4,0,671,DC-SP-01,RETAIL
VLX-2026-000092,2026-08-14,2026-08-20,Northeast,Porto Alegre/RS,Fortaleza/CE,STANDARD,DELIVERED_ON_TIME,6,6,0,440,DC-CE-01,SMB
VLX-2026-000093,2026-05-07,2026-05-12,Southeast,Sao Paulo/SP,Belo Horizonte/MG,STANDARD,DELIVERED_ON_TIME,5,5,0,84,DC-SP-01,RETAIL
VLX-2026-000094,2026-03-27,2026-04-01,Northeast,Salvador/BA,Recife/PE,STANDARD,DELIVERED_ON_TIME,6,5,0,663,DC-CE-01,RETAIL
VLX-2026-000095,2026-08-11,2026-08-19,North,Salvador/BA,Porto Velho/RO,STANDARD,DELIVERED_ON_TIME,8,8,0,1755,DC-PA-01,SMB
VLX-2026-000096,2026-07-27,2026-08-02,Southeast,Recife/PE,Belo Horizonte/MG,STANDARD,DELIVERED_ON_TIME,6,6,0,661,DC-SP-01,RETAIL
VLX-2026-000097,2026-05-28,2026-05-31,Southeast,Cuiaba/MT,Sao Paulo/SP,EXPRESS,DELIVERED_ON_TIME,3,3,0,400,DC-MG-01,ENTERPRISE
VLX-2026-000098,2026-03-25,2026-03-29,Southeast,Fortaleza/CE,Rio de Janeiro/RJ,STANDARD,DELIVERED_ON_TIME,5,4,0,627,DC-MG-01,ENTERPRISE
VLX-2026-000099,2026-06-08,2026-06-16,North,Rio de Janeiro/RJ,Manaus/AM,STANDARD,DELIVERED_ON_TIME,8,8,0,1194,DC-AM-01,SMB
VLX-2026-000100,2026-08-01,2026-08-03,Southeast,Belo Horizonte/MG,Belo Horizonte/MG,EXPRESS,DELIVERED_ON_TIME,2,2,0,564,DC-SP-01,RETAIL
VLX-2026-000101,2026-06-26,2026-07-01,Southeast,Salvador/BA,Sao Paulo/SP,STANDARD,DELIVERED_ON_TIME,6,5,0,454,DC-RJ-01,ENTERPRISE
VLX-2026-000102,2026-07-18,2026-07-23,South,Fortaleza/CE,Porto Alegre/RS,STANDARD,DELIVERED_ON_TIME,5,5,0,1028,DC-PR-01,RETAIL
VLX-2026-000103,2026-04-04,2026-04-09,Southeast,Goiania/GO,Sao Paulo/SP,STANDARD,DELIVERED_ON_TIME,6,5,0,843,DC-MG-01,ENTERPRISE
VLX-2026-000104,2026-01-22,2026-01-25,Southeast,Belem/PA,Belo Horizonte/MG,EXPRESS,DELIVERED_LATE,2,3,1,451,DC-MG-01,RETAIL
VLX-2026-000105,2026-08-08,2026-08-12,Southeast,Belo Horizonte/MG,Rio de Janeiro/RJ,STANDARD,DELIVERED_ON_TIME,5,4,0,183,DC-SP-01,SMB
VLX-2026-000106,2026-06-08,2026-06-13,Southeast,Porto Alegre/RS,Rio de Janeiro/RJ,STANDARD,DELIVERED_ON_TIME,5,5,0,184,DC-SP-01,RETAIL
VLX-2026-000107,2026-05-08,2026-05-14,Southeast,Cuiaba/MT,Rio de Janeiro/RJ,STANDARD,DELIVERED_ON_TIME,6,6,0,556,DC-MG-01,ENTERPRISE
VLX-2026-000108,2026-02-17,2026-02-19,Southeast,Sao Paulo/SP,Sao Paulo/SP,EXPRESS,DELIVERED_ON_TIME,2,2,0,1085,DC-MG-01,RETAIL
VLX-2026-000109,2026-06-08,2026-06-13,Southeast,Porto Alegre/RS,Rio de Janeiro/RJ,STANDARD,DELIVERED_ON_TIME,5,5,0,881,DC-SP-01,SMB
VLX-2026-000110,2026-08-03,2026-08-06,Northeast,Curitiba/PR,Recife/PE,EXPRESS,DELIVERED_ON_TIME,3,3,0,719,DC-BA-01,RETAIL
VLX-2026-000111,2026-07-15,2026-07-20,Southeast,Porto Velho/RO,Sao Paulo/SP,STANDARD,DELIVERED_ON_TIME,5,5,0,497,DC-MG-01,RETAIL
VLX-2026-000112,2026-01-15,2026-01-18,Southeast,Porto Alegre/RS,Sao Paulo/SP,EXPRESS,DELIVERED_ON_TIME,3,3,0,130,DC-RJ-01,RETAIL
VLX-2026-000113,2026-01-15,2026-01-22,Central-West,Belo Horizonte/MG,Cuiaba/MT,STANDARD,DELIVERED_ON_TIME,7,7,0,1611,DC-DF-01,RETAIL
VLX-2026-000114,2026-02-18,2026-02-26,North,Cuiaba/MT,Belem/PA,STANDARD,DELIVERED_ON_TIME,8,8,0,293,DC-AM-01,RETAIL
VLX-2026-000115,2026-08-02,2026-08-12,South,Belo Horizonte/MG,Porto Alegre/RS,STANDARD,DELIVERED_LATE,6,10,4,668,DC-PR-01,RETAIL
VLX-2026-000116,2026-03-07,2026-03-09,Southeast,Belo Horizonte/MG,Rio de Janeiro/RJ,EXPRESS,DELIVERED_ON_TIME,2,2,0,372,DC-RJ-01,RETAIL
VLX-2026-000117,2026-01-25,2026-01-30,Southeast,Porto Velho/RO,Sao Paulo/SP,STANDARD,DELIVERED_ON_TIME,5,5,0,319,DC-SP-01,RETAIL
VLX-2026-000118,2026-01-04,2026-01-08,North,Recife/PE,Belem/PA,EXPRESS,DELIVERED_ON_TIME,4,4,0,544,DC-PA-01,ENTERPRISE
VLX-2026-000119,2026-06-27,2026-07-02,Southeast,Sao Paulo/SP,Belo Horizonte/MG,STANDARD,DELIVERED_ON_TIME,5,5,0,212,DC-SP-01,RETAIL
VLX-2026-000120,2026-03-03,2026-03-08,Southeast,Recife/PE,Belo Horizonte/MG,STANDARD,DELIVERED_ON_TIME,6,5,0,446,DC-SP-01,RETAIL
VLX-2026-000121,2026-07-25,2026-08-01,North,Sao Paulo/SP,Porto Velho/RO,STANDARD,DELIVERED_ON_TIME,7,7,0,1523,DC-AM-01,RETAIL
VLX-2026-000122,2026-02-28,2026-03-02,South,Belo Horizonte/MG,Curitiba/PR,EXPRESS,DELIVERED_ON_TIME,2,2,0,664,DC-PR-01,RETAIL
VLX-2026-000123,2026-05-27,2026-06-03,Central-West,Porto Alegre/RS,Brasilia/DF,STANDARD,DELIVERED_LATE,6,7,1,1186,DC-DF-01,RETAIL
VLX-2026-000124,2026-04-01,2026-04-07,South,Rio de Janeiro/RJ,Porto Alegre/RS,STANDARD,DELIVERED_ON_TIME,6,6,0,676,DC-PR-01,RETAIL
VLX-2026-000125,2026-02-14,2026-02-23,Northeast,Rio de Janeiro/RJ,Recife/PE,STANDARD,DELIVERED_LATE,7,9,2,1231,DC-BA-01,RETAIL
VLX-2026-000126,2026-02-09,2026-02-21,Southeast,Fortaleza/CE,Rio de Janeiro/RJ,STANDARD,DELIVERY_EXCEPTION,5,12,7,689,DC-RJ-01,RETAIL
VLX-2026-000127,2026-01-10,2026-01-13,Northeast,Rio de Janeiro/RJ,Salvador/BA,EXPRESS,DELIVERED_ON_TIME,3,3,0,1269,DC-CE-01,RETAIL
VLX-2026-000128,2026-08-02,2026-08-07,Central-West,Rio de Janeiro/RJ,Goiania/GO,STANDARD,DELIVERED_ON_TIME,6,5,0,625,DC-DF-01,RETAIL
VLX-2026-000129,2026-01-18,2026-01-24,Northeast,Curitiba/PR,Salvador/BA,STANDARD,DELIVERED_ON_TIME,6,6,0,706,DC-PE-01,RETAIL
VLX-2026-000130,2026-05-05,2026-05-07,Southeast,Porto Alegre/RS,Belo Horizonte/MG,EXPRESS,DELIVERED_ON_TIME,2,2,0,138,DC-RJ-01,SMB
VLX-2026-000131,2026-08-06,2026-08-12,South,Recife/PE,Porto Alegre/RS,EXPRESS,DELIVERED_LATE,2,6,4,444,DC-PR-01,RETAIL
VLX-2026-000132,2026-05-03,2026-05-08,Southeast,Brasilia/DF,Sao Paulo/SP,STANDARD,DELIVERED_ON_TIME,5,5,0,158,DC-SP-01,RETAIL
VLX-2026-000133,2026-07-18,2026-07-24,Central-West,Brasilia/DF,Goiania/GO,EXPRESS,DELIVERY_EXCEPTION,3,6,3,611,DC-GO-01,RETAIL
VLX-2026-000134,2026-02-25,2026-03-03,Southeast,Salvador/BA,Rio de Janeiro/RJ,STANDARD,DELIVERED_ON_TIME,6,6,0,124,DC-MG-01,RETAIL
VLX-2026-000135,2026-02-14,2026-02-20,Central-West,Florianopolis/SC,Goiania/GO,STANDARD,DELIVERED_ON_TIME,7,6,0,190,DC-DF-01,RETAIL
VLX-2026-000136,2026-06-16,2026-06-26,Northeast,Sao Paulo/SP,Fortaleza/CE,STANDARD,DELIVERED_LATE,7,10,3,1477,DC-BA-01,RETAIL
VLX-2026-000137,2026-03-12,2026-03-15,Northeast,Fortaleza/CE,Fortaleza/CE,EXPRESS,DELIVERED_ON_TIME,3,3,0,1391,DC-CE-01,RETAIL
VLX-2026-000138,2026-02-01,2026-02-03,South,Cuiaba/MT,Curitiba/PR,EXPRESS,DELIVERED_ON_TIME,2,2,0,615,DC-PR-01,RETAIL
VLX-2026-000139,2026-06-07,2026-06-12,Southeast,Recife/PE,Rio de Janeiro/RJ,STANDARD,DELIVERED_ON_TIME,5,5,0,941,DC-RJ-01,RETAIL
VLX-2026-000140,2026-03-14,2026-03-20,Central-West,Sao Paulo/SP,Cuiaba/MT,STANDARD,DELIVERED_ON_TIME,6,6,0,1667,DC-GO-01,ENTERPRISE
VLX-2026-000141,2026-08-09,2026-08-16,Northeast,Florianopolis/SC,Recife/PE,STANDARD,DELIVERED_LATE,6,7,1,681,DC-BA-01,RETAIL
VLX-2026-000142,2026-07-15,2026-07-17,Northeast,Fortaleza/CE,Recife/PE,EXPRESS,DELIVERED_ON_TIME,3,2,0,210,DC-BA-01,SMB
VLX-2026-000143,2026-05-14,2026-05-20,Northeast,Belo Horizonte/MG,Recife/PE,STANDARD,DELIVERED_ON_TIME,6,6,0,1194,DC-PE-01,RETAIL
VLX-2026-000144,2026-01-16,2026-01-19,Southeast,Porto Velho/RO,Belo Horizonte/MG,EXPRESS,DELIVERED_ON_TIME,3,3,0,547,DC-RJ-01,RETAIL
VLX-2026-000145,2026-02-28,2026-03-04,Northeast,Goiania/GO,Recife/PE,EXPRESS,DELIVERED_ON_TIME,4,4,0,1134,DC-CE-01,SMB
VLX-2026-000146,2026-03-03,2026-03-04,Southeast,Porto Alegre/RS,Rio de Janeiro/RJ,EXPRESS,DELIVERED_ON_TIME,2,1,0,1044,DC-MG-01,RETAIL
VLX-2026-000147,2026-06-10,2026-06-15,South,Salvador/BA,Curitiba/PR,STANDARD,DELIVERED_ON_TIME,6,5,0,170,DC-RS-01,ENTERPRISE
VLX-2026-000148,2026-06-12,2026-06-26,North,Porto Alegre/RS,Manaus/AM,STANDARD,DELIVERY_EXCEPTION,8,14,6,712,DC-AM-01,RETAIL
VLX-2026-000149,2026-06-17,2026-06-19,Southeast,Sao Paulo/SP,Sao Paulo/SP,EXPRESS,DELIVERED_ON_TIME,2,2,0,498,DC-RJ-01,RETAIL
VLX-2026-000150,2026-05-07,2026-05-15,South,Recife/PE,Florianopolis/SC,STANDARD,DELIVERY_EXCEPTION,5,8,3,345,DC-RS-01,RETAIL
VLX-2026-000151,2026-04-20,2026-04-27,Northeast,Goiania/GO,Fortaleza/CE,STANDARD,DELIVERED_ON_TIME,7,7,0,921,DC-CE-01,ENTERPRISE
VLX-2026-000152,2026-06-16,2026-06-22,Southeast,Porto Alegre/RS,Belo Horizonte/MG,STANDARD,DELIVERED_ON_TIME,6,6,0,1047,DC-MG-01,RETAIL
VLX-2026-000153,2026-08-15,2026-08-19,Southeast,Belo Horizonte/MG,Rio de Janeiro/RJ,STANDARD,DELIVERED_ON_TIME,5,4,0,122,DC-RJ-01,RETAIL
VLX-2026-000154,2026-05-04,2026-05-09,Northeast,Porto Velho/RO,Fortaleza/CE,STANDARD,DELIVERED_ON_TIME,6,5,0,1760,DC-CE-01,RETAIL
VLX-2026-000155,2026-04-23,2026-04-25,Southeast,Sao Paulo/SP,Rio de Janeiro/RJ,EXPRESS,DELIVERED_ON_TIME,2,2,0,905,DC-SP-01,RETAIL
VLX-2026-000156,2026-02-16,2026-02-21,Northeast,Salvador/BA,Recife/PE,EXPRESS,DELIVERED_LATE,3,5,2,1098,DC-PE-01,ENTERPRISE
VLX-2026-000157,2026-01-31,2026-02-05,Southeast,Porto Velho/RO,Rio de Janeiro/RJ,STANDARD,DELIVERED_ON_TIME,5,5,0,1061,DC-RJ-01,RETAIL
VLX-2026-000158,2026-03-11,2026-03-16,South,Rio de Janeiro/RJ,Florianopolis/SC,STANDARD,DELIVERED_ON_TIME,6,5,0,105,DC-PR-01,ENTERPRISE
VLX-2026-000159,2026-03-03,2026-03-06,Central-West,Florianopolis/SC,Cuiaba/MT,EXPRESS,DELIVERED_ON_TIME,3,3,0,1053,DC-GO-01,ENTERPRISE
VLX-2026-000160,2026-02-10,2026-02-17,Northeast,Sao Paulo/SP,Recife/PE,STANDARD,DELIVERED_LATE,6,7,1,187,DC-PE-01,ENTERPRISE
VLX-2026-000161,2026-03-26,2026-04-01,North,Salvador/BA,Manaus/AM,STANDARD,DELIVERED_ON_TIME,7,6,0,393,DC-AM-01,RETAIL
VLX-2026-000162,2026-05-11,2026-05-18,North,Curitiba/PR,Porto Velho/RO,STANDARD,DELIVERED_ON_TIME,7,7,0,2043,DC-PA-01,RETAIL
VLX-2026-000163,2026-04-15,2026-04-20,Southeast,Salvador/BA,Sao Paulo/SP,STANDARD,DELIVERED_ON_TIME,6,5,0,696,DC-SP-01,RETAIL
VLX-2026-000164,2026-01-26,2026-01-31,South,Belo Horizonte/MG,Florianopolis/SC,STANDARD,DELIVERED_ON_TIME,5,5,0,1244,DC-PR-01,SMB
VLX-2026-000165,2026-01-25,2026-01-31,Northeast,Cuiaba/MT,Salvador/BA,STANDARD,DELIVERED_ON_TIME,6,6,0,567,DC-BA-01,SMB
VLX-2026-000166,2026-02-22,2026-03-03,North,Belo Horizonte/MG,Belem/PA,STANDARD,DELIVERED_LATE,8,9,1,1918,DC-AM-01,RETAIL
VLX-2026-000167,2026-04-17,2026-04-25,North,Porto Alegre/RS,Porto Velho/RO,EXPRESS,DELIVERED_LATE,4,8,4,2169,DC-PA-01,RETAIL
VLX-2026-000168,2026-02-09,2026-02-14,Northeast,Belem/PA,Fortaleza/CE,STANDARD,DELIVERED_ON_TIME,6,5,0,1845,DC-PE-01,SMB
VLX-2026-000169,2026-01-20,2026-01-30,Central-West,Manaus/AM,Brasilia/DF,STANDARD,DELIVERED_LATE,7,10,3,1480,DC-DF-01,RETAIL
VLX-2026-000170,2026-07-04,2026-07-10,Southeast,Rio de Janeiro/RJ,Belo Horizonte/MG,EXPRESS,DELIVERY_EXCEPTION,2,6,4,970,DC-SP-01,SMB
VLX-2026-000171,2026-02-24,2026-02-27,Northeast,Florianopolis/SC,Salvador/BA,EXPRESS,DELIVERED_ON_TIME,3,3,0,689,DC-PE-01,RETAIL
VLX-2026-000172,2026-05-11,2026-05-16,South,Sao Paulo/SP,Florianopolis/SC,STANDARD,DELIVERED_ON_TIME,5,5,0,829,DC-RS-01,RETAIL
VLX-2026-000173,2026-07-04,2026-07-10,Northeast,Goiania/GO,Salvador/BA,EXPRESS,DELIVERED_LATE,3,6,3,547,DC-BA-01,RETAIL
VLX-2026-000174,2026-05-31,2026-06-06,Northeast,Belo Horizonte/MG,Recife/PE,STANDARD,DELIVERED_ON_TIME,6,6,0,1379,DC-BA-01,RETAIL
VLX-2026-000175,2026-08-08,2026-08-12,Southeast,Recife/PE,Sao Paulo/SP,STANDARD,DELIVERED_ON_TIME,5,4,0,487,DC-MG-01,RETAIL
VLX-2026-000176,2026-03-23,2026-03-30,North,Porto Alegre/RS,Belem/PA,STANDARD,DELIVERED_ON_TIME,7,7,0,930,DC-PA-01,SMB
VLX-2026-000177,2026-06-04,2026-06-11,Northeast,Manaus/AM,Fortaleza/CE,EXPRESS,DELIVERED_LATE,3,7,4,1642,DC-BA-01,SMB
VLX-2026-000178,2026-03-23,2026-03-27,Northeast,Fortaleza/CE,Salvador/BA,EXPRESS,DELIVERED_ON_TIME,4,4,0,580,DC-PE-01,ENTERPRISE
VLX-2026-000179,2026-02-19,2026-02-24,South,Belo Horizonte/MG,Porto Alegre/RS,STANDARD,DELIVERED_ON_TIME,6,5,0,1131,DC-RS-01,RETAIL
VLX-2026-000180,2026-06-29,2026-07-05,Southeast,Belo Horizonte/MG,Belo Horizonte/MG,STANDARD,DELIVERED_LATE,5,6,1,956,DC-MG-01,SMB
VLX-2026-000181,2026-02-03,2026-02-09,Central-West,Cuiaba/MT,Cuiaba/MT,STANDARD,DELIVERED_ON_TIME,7,6,0,380,DC-DF-01,SMB
VLX-2026-000182,2026-01-19,2026-01-27,North,Salvador/BA,Porto Velho/RO,STANDARD,DELIVERED_ON_TIME,8,8,0,2003,DC-AM-01,RETAIL
VLX-2026-000183,2026-04-23,2026-04-30,North,Recife/PE,Manaus/AM,STANDARD,DELIVERED_ON_TIME,7,7,0,1149,DC-AM-01,RETAIL
VLX-2026-000184,2026-02-20,2026-02-22,Southeast,Porto Alegre/RS,Belo Horizonte/MG,EXPRESS,DELIVERED_ON_TIME,2,2,0,819,DC-RJ-01,SMB
VLX-2026-000185,2026-05-15,2026-05-20,North,Rio de Janeiro/RJ,Porto Velho/RO,EXPRESS,DELIVERED_ON_TIME,5,5,0,1398,DC-AM-01,RETAIL
VLX-2026-000186,2026-06-02,2026-06-04,Southeast,Brasilia/DF,Belo Horizonte/MG,EXPRESS,DELIVERED_ON_TIME,3,2,0,752,DC-RJ-01,RETAIL
VLX-2026-000187,2026-01-02,2026-01-04,Southeast,Cuiaba/MT,Belo Horizonte/MG,EXPRESS,DELIVERED_ON_TIME,2,2,0,345,DC-MG-01,RETAIL
VLX-2026-000188,2026-04-14,2026-04-19,South,Belo Horizonte/MG,Florianopolis/SC,STANDARD,DELIVERED_ON_TIME,6,5,0,658,DC-RS-01,RETAIL
VLX-2026-000189,2026-04-20,2026-05-01,Northeast,Porto Alegre/RS,Recife/PE,STANDARD,DELIVERED_LATE,7,11,4,1825,DC-PE-01,RETAIL
VLX-2026-000190,2026-05-13,2026-05-16,Northeast,Manaus/AM,Fortaleza/CE,EXPRESS,DELIVERED_ON_TIME,3,3,0,1128,DC-CE-01,SMB
VLX-2026-000191,2026-04-12,2026-04-19,Northeast,Porto Alegre/RS,Salvador/BA,STANDARD,DELIVERED_ON_TIME,7,7,0,1454,DC-CE-01,SMB
VLX-2026-000192,2026-03-02,2026-03-11,Northeast,Rio de Janeiro/RJ,Recife/PE,STANDARD,DELIVERED_LATE,6,9,3,1011,DC-BA-01,ENTERPRISE
VLX-2026-000193,2026-04-20,2026-04-23,Northeast,Rio de Janeiro/RJ,Salvador/BA,EXPRESS,DELIVERED_ON_TIME,3,3,0,1254,DC-PE-01,RETAIL
VLX-2026-000194,2026-02-26,2026-03-18,Central-West,Porto Velho/RO,Goiania/GO,STANDARD,LOST,6,20,14,1303,DC-DF-01,RETAIL
VLX-2026-000195,2026-01-01,2026-01-03,Southeast,Brasilia/DF,Belo Horizonte/MG,EXPRESS,DELIVERED_ON_TIME,3,2,0,300,DC-MG-01,SMB
VLX-2026-000196,2026-03-18,2026-03-22,Southeast,Fortaleza/CE,Sao Paulo/SP,STANDARD,DELIVERED_ON_TIME,5,4,0,588,DC-MG-01,SMB
VLX-2026-000197,2026-02-22,2026-02-27,Southeast,Fortaleza/CE,Rio de Janeiro/RJ,STANDARD,DELIVERED_ON_TIME,5,5,0,956,DC-RJ-01,RETAIL
VLX-2026-000198,2026-04-28,2026-05-03,Southeast,Fortaleza/CE,Rio de Janeiro/RJ,STANDARD,DELIVERED_ON_TIME,5,5,0,525,DC-RJ-01,RETAIL
VLX-2026-000199,2026-07-03,2026-07-10,Central-West,Rio de Janeiro/RJ,Brasilia/DF,STANDARD,DELIVERED_ON_TIME,7,7,0,1498,DC-GO-01,RETAIL
VLX-2026-000200,2026-01-13,2026-01-16,Central-West,Porto Velho/RO,Brasilia/DF,EXPRESS,DELIVERED_ON_TIME,3,3,0,1241,DC-GO-01,RETAIL
VLX-2026-000201,2026-06-23,2026-06-26,Northeast,Belo Horizonte/MG,Salvador/BA,EXPRESS,DELIVERED_ON_TIME,3,3,0,596,DC-PE-01,SMB
VLX-2026-000202,2026-03-12,2026-03-18,Central-West,Fortaleza/CE,Cuiaba/MT,STANDARD,DELIVERED_ON_TIME,6,6,0,1115,DC-DF-01,RETAIL
VLX-2026-000203,2026-08-03,2026-08-08,Southeast,Brasilia/DF,Belo Horizonte/MG,STANDARD,DELIVERED_ON_TIME,5,5,0,1061,DC-RJ-01,ENTERPRISE
VLX-2026-000204,2026-03-14,2026-03-20,South,Goiania/GO,Porto Alegre/RS,STANDARD,DELIVERED_ON_TIME,6,6,0,1274,DC-PR-01,RETAIL
VLX-2026-000205,2026-08-13,2026-08-20,North,Belo Horizonte/MG,Porto Velho/RO,STANDARD,DELIVERED_ON_TIME,7,7,0,744,DC-PA-01,RETAIL
VLX-2026-000206,2026-06-05,2026-06-11,Southeast,Fortaleza/CE,Belo Horizonte/MG,STANDARD,DELIVERED_ON_TIME,6,6,0,678,DC-MG-01,RETAIL
VLX-2026-000207,2026-06-17,2026-06-19,Southeast,Porto Alegre/RS,Sao Paulo/SP,EXPRESS,DELIVERED_ON_TIME,2,2,0,742,DC-RJ-01,RETAIL
VLX-2026-000208,2026-03-03,2026-03-10,Central-West,Rio de Janeiro/RJ,Brasilia/DF,STANDARD,DELIVERED_ON_TIME,7,7,0,1208,DC-GO-01,RETAIL
VLX-2026-000209,2026-06-04,2026-06-06,South,Curitiba/PR,Florianopolis/SC,EXPRESS,DELIVERED_ON_TIME,2,2,0,1005,DC-RS-01,SMB
VLX-2026-000210,2026-01-22,2026-01-24,Southeast,Rio de Janeiro/RJ,Belo Horizonte/MG,EXPRESS,DELIVERED_ON_TIME,2,2,0,302,DC-MG-01,RETAIL
VLX-2026-000211,2026-06-12,2026-06-18,Central-West,Salvador/BA,Cuiaba/MT,STANDARD,DELIVERED_ON_TIME,6,6,0,320,DC-DF-01,ENTERPRISE
VLX-2026-000212,2026-01-24,2026-01-29,Southeast,Belo Horizonte/MG,Belo Horizonte/MG,STANDARD,DELIVERED_ON_TIME,5,5,0,913,DC-MG-01,RETAIL
VLX-2026-000213,2026-05-24,2026-05-29,Southeast,Recife/PE,Belo Horizonte/MG,STANDARD,DELIVERED_ON_TIME,5,5,0,648,DC-MG-01,RETAIL
VLX-2026-000214,2026-03-23,2026-03-27,North,Cuiaba/MT,Manaus/AM,EXPRESS,DELIVERED_ON_TIME,4,4,0,1726,DC-AM-01,RETAIL
VLX-2026-000215,2026-02-13,2026-02-19,South,Cuiaba/MT,Porto Alegre/RS,STANDARD,DELIVERED_ON_TIME,6,6,0,611,DC-PR-01,RETAIL
VLX-2026-000216,2026-03-29,2026-04-03,Southeast,Porto Alegre/RS,Belo Horizonte/MG,STANDARD,DELIVERED_ON_TIME,5,5,0,988,DC-RJ-01,RETAIL
VLX-2026-000217,2026-08-05,2026-08-10,South,Manaus/AM,Porto Alegre/RS,STANDARD,DELIVERED_ON_TIME,6,5,0,391,DC-PR-01,SMB
VLX-2026-000218,2026-02-09,2026-02-15,Northeast,Florianopolis/SC,Recife/PE,STANDARD,DELIVERED_ON_TIME,6,6,0,1598,DC-CE-01,RETAIL
VLX-2026-000219,2026-05-17,2026-05-22,North,Recife/PE,Manaus/AM,EXPRESS,DELIVERED_ON_TIME,5,5,0,831,DC-AM-01,RETAIL
VLX-2026-000220,2026-04-19,2026-04-30,North,Manaus/AM,Manaus/AM,STANDARD,DELIVERY_EXCEPTION,8,11,3,344,DC-AM-01,RETAIL
VLX-2026-000221,2026-05-04,2026-05-09,Central-West,Porto Velho/RO,Goiania/GO,STANDARD,DELIVERED_ON_TIME,6,5,0,346,DC-DF-01,SMB
VLX-2026-000222,2026-05-15,2026-05-23,South,Goiania/GO,Curitiba/PR,STANDARD,DELIVERED_LATE,5,8,3,984,DC-RS-01,RETAIL
VLX-2026-000223,2026-06-25,2026-06-30,Southeast,Fortaleza/CE,Rio de Janeiro/RJ,STANDARD,DELIVERED_ON_TIME,5,5,0,367,DC-MG-01,RETAIL
VLX-2026-000224,2026-02-09,2026-02-13,South,Curitiba/PR,Curitiba/PR,STANDARD,DELIVERED_ON_TIME,5,4,0,1057,DC-PR-01,SMB
VLX-2026-000225,2026-06-12,2026-06-19,North,Florianopolis/SC,Porto Velho/RO,STANDARD,DELIVERED_ON_TIME,7,7,0,334,DC-AM-01,RETAIL
VLX-2026-000226,2026-03-23,2026-03-27,South,Belo Horizonte/MG,Curitiba/PR,STANDARD,DELIVERED_ON_TIME,5,4,0,1174,DC-RS-01,RETAIL
VLX-2026-000227,2026-08-17,2026-08-22,Northeast,Rio de Janeiro/RJ,Recife/PE,EXPRESS,DELIVERED_LATE,3,5,2,235,DC-BA-01,RETAIL
VLX-2026-000228,2026-02-27,2026-03-16,South,Manaus/AM,Porto Alegre/RS,STANDARD,LOST,6,17,11,259,DC-PR-01,RETAIL
VLX-2026-000229,2026-05-29,2026-06-08,Northeast,Porto Alegre/RS,Fortaleza/CE,EXPRESS,DELIVERED_LATE,3,10,7,409,DC-BA-01,RETAIL
VLX-2026-000230,2026-03-31,2026-04-05,South,Rio de Janeiro/RJ,Porto Alegre/RS,STANDARD,DELIVERED_ON_TIME,5,5,0,926,DC-RS-01,RETAIL
VLX-2026-000231,2026-05-17,2026-05-24,North,Florianopolis/SC,Manaus/AM,STANDARD,DELIVERED_ON_TIME,7,7,0,1722,DC-AM-01,SMB
VLX-2026-000232,2026-07-20,2026-07-26,North,Rio de Janeiro/RJ,Belem/PA,STANDARD,DELIVERED_ON_TIME,7,6,0,923,DC-PA-01,RETAIL
VLX-2026-000233,2026-05-09,2026-05-11,Southeast,Sao Paulo/SP,Rio de Janeiro/RJ,EXPRESS,DELIVERED_ON_TIME,2,2,0,441,DC-RJ-01,RETAIL
VLX-2026-000234,2026-07-19,2026-07-24,Southeast,Sao Paulo/SP,Rio de Janeiro/RJ,STANDARD,DELIVERED_ON_TIME,5,5,0,900,DC-SP-01,RETAIL
VLX-2026-000235,2026-01-23,2026-01-31,Southeast,Cuiaba/MT,Belo Horizonte/MG,STANDARD,DELIVERY_EXCEPTION,5,8,3,727,DC-MG-01,RETAIL
VLX-2026-000236,2026-07-15,2026-07-21,Northeast,Sao Paulo/SP,Recife/PE,STANDARD,DELIVERED_ON_TIME,6,6,0,426,DC-BA-01,RETAIL
VLX-2026-000237,2026-05-23,2026-05-26,Central-West,Manaus/AM,Goiania/GO,EXPRESS,DELIVERED_ON_TIME,3,3,0,690,DC-GO-01,RETAIL
VLX-2026-000238,2026-04-26,2026-05-01,Southeast,Fortaleza/CE,Sao Paulo/SP,STANDARD,DELIVERED_ON_TIME,5,5,0,153,DC-RJ-01,RETAIL
VLX-2026-000239,2026-03-07,2026-03-12,Southeast,Belo Horizonte/MG,Rio de Janeiro/RJ,STANDARD,DELIVERED_ON_TIME,5,5,0,400,DC-SP-01,ENTERPRISE
VLX-2026-000240,2026-07-27,2026-07-29,South,Curitiba/PR,Curitiba/PR,EXPRESS,DELIVERED_ON_TIME,3,2,0,221,DC-PR-01,RETAIL
VLX-2026-000241,2026-04-04,2026-04-10,Central-West,Brasilia/DF,Cuiaba/MT,STANDARD,DELIVERED_ON_TIME,6,6,0,246,DC-GO-01,SMB
VLX-2026-000242,2026-06-15,2026-06-20,Southeast,Sao Paulo/SP,Belo Horizonte/MG,STANDARD,DELIVERED_ON_TIME,5,5,0,445,DC-SP-01,ENTERPRISE
VLX-2026-000243,2026-01-18,2026-01-21,Northeast,Sao Paulo/SP,Fortaleza/CE,EXPRESS,DELIVERED_ON_TIME,3,3,0,467,DC-BA-01,SMB
VLX-2026-000244,2026-03-14,2026-03-19,Southeast,Sao Paulo/SP,Rio de Janeiro/RJ,STANDARD,DELIVERED_ON_TIME,5,5,0,1011,DC-SP-01,RETAIL
VLX-2026-000245,2026-06-23,2026-06-29,Central-West,Florianopolis/SC,Cuiaba/MT,STANDARD,DELIVERED_ON_TIME,6,6,0,652,DC-GO-01,SMB
VLX-2026-000246,2026-04-20,2026-04-26,Central-West,Sao Paulo/SP,Goiania/GO,STANDARD,DELIVERED_ON_TIME,6,6,0,185,DC-GO-01,RETAIL
VLX-2026-000247,2026-04-10,2026-04-15,Northeast,Salvador/BA,Fortaleza/CE,STANDARD,DELIVERED_ON_TIME,6,5,0,1700,DC-BA-01,RETAIL
VLX-2026-000248,2026-07-04,2026-07-08,Northeast,Belo Horizonte/MG,Fortaleza/CE,EXPRESS,DELIVERED_ON_TIME,4,4,0,548,DC-CE-01,RETAIL
VLX-2026-000249,2026-01-10,2026-01-20,Southeast,Sao Paulo/SP,Sao Paulo/SP,STANDARD,DELIVERY_EXCEPTION,5,10,5,918,DC-SP-01,RETAIL
VLX-2026-000250,2026-04-01,2026-04-02,South,Salvador/BA,Curitiba/PR,EXPRESS,DELIVERED_ON_TIME,2,1,0,1087,DC-PR-01,ENTERPRISE
VLX-2026-000251,2026-05-20,2026-05-28,North,Florianopolis/SC,Porto Velho/RO,STANDARD,DELIVERED_ON_TIME,8,8,0,483,DC-PA-01,RETAIL
VLX-2026-000252,2026-02-20,2026-02-25,Southeast,Porto Alegre/RS,Sao Paulo/SP,STANDARD,DELIVERED_ON_TIME,5,5,0,346,DC-SP-01,RETAIL
VLX-2026-000253,2026-02-25,2026-03-05,South,Sao Paulo/SP,Porto Alegre/RS,STANDARD,DELIVERY_EXCEPTION,5,8,3,354,DC-RS-01,SMB
VLX-2026-000254,2026-06-26,2026-07-03,North,Sao Paulo/SP,Porto Velho/RO,STANDARD,DELIVERED_ON_TIME,7,7,0,1837,DC-AM-01,RETAIL
VLX-2026-000255,2026-03-19,2026-03-24,Northeast,Rio de Janeiro/RJ,Recife/PE,STANDARD,DELIVERED_ON_TIME,6,5,0,436,DC-BA-01,RETAIL
VLX-2026-000256,2026-02-10,2026-02-15,Northeast,Porto Velho/RO,Salvador/BA,STANDARD,DELIVERED_ON_TIME,6,5,0,858,DC-PE-01,RETAIL
VLX-2026-000257,2026-03-26,2026-03-31,South,Goiania/GO,Curitiba/PR,STANDARD,DELIVERED_ON_TIME,5,5,0,110,DC-PR-01,SMB
VLX-2026-000258,2026-08-02,2026-08-07,Northeast,Cuiaba/MT,Salvador/BA,STANDARD,DELIVERED_ON_TIME,6,5,0,477,DC-PE-01,SMB
VLX-2026-000259,2026-01-06,2026-01-11,Southeast,Florianopolis/SC,Belo Horizonte/MG,STANDARD,DELIVERED_ON_TIME,5,5,0,756,DC-MG-01,RETAIL
VLX-2026-000260,2026-04-25,2026-05-04,South,Florianopolis/SC,Florianopolis/SC,STANDARD,DELIVERED_LATE,6,9,3,737,DC-RS-01,ENTERPRISE
VLX-2026-000261,2026-03-25,2026-03-30,Northeast,Florianopolis/SC,Recife/PE,EXPRESS,DELIVERED_LATE,4,5,1,216,DC-CE-01,ENTERPRISE
VLX-2026-000262,2026-07-27,2026-08-03,Central-West,Belem/PA,Cuiaba/MT,STANDARD,DELIVERED_ON_TIME,7,7,0,463,DC-GO-01,RETAIL
VLX-2026-000263,2026-05-23,2026-05-30,Southeast,Recife/PE,Sao Paulo/SP,STANDARD,DELIVERED_LATE,5,7,2,1062,DC-SP-01,RETAIL
VLX-2026-000264,2026-06-23,2026-06-29,North,Belo Horizonte/MG,Belem/PA,STANDARD,DELIVERED_ON_TIME,7,6,0,279,DC-PA-01,ENTERPRISE
VLX-2026-000265,2026-05-01,2026-05-09,North,Belem/PA,Manaus/AM,STANDARD,DELIVERED_LATE,7,8,1,1103,DC-PA-01,RETAIL
VLX-2026-000266,2026-02-18,2026-02-24,Central-West,Sao Paulo/SP,Goiania/GO,STANDARD,DELIVERED_ON_TIME,6,6,0,797,DC-GO-01,RETAIL
VLX-2026-000267,2026-08-01,2026-08-09,North,Curitiba/PR,Belem/PA,STANDARD,DELIVERED_ON_TIME,8,8,0,2316,DC-PA-01,RETAIL
VLX-2026-000268,2026-04-12,2026-04-22,Central-West,Sao Paulo/SP,Brasilia/DF,STANDARD,DELIVERED_LATE,6,10,4,885,DC-DF-01,RETAIL
VLX-2026-000269,2026-06-09,2026-06-14,Southeast,Belo Horizonte/MG,Sao Paulo/SP,STANDARD,DELIVERED_ON_TIME,5,5,0,145,DC-SP-01,SMB
VLX-2026-000270,2026-07-27,2026-08-11,Southeast,Sao Paulo/SP,Sao Paulo/SP,STANDARD,LOST,5,15,10,1063,DC-RJ-01,RETAIL
VLX-2026-000271,2026-07-14,2026-07-15,Southeast,Rio de Janeiro/RJ,Sao Paulo/SP,EXPRESS,DELIVERED_ON_TIME,2,1,0,138,DC-SP-01,ENTERPRISE
VLX-2026-000272,2026-06-28,2026-07-10,Northeast,Brasilia/DF,Recife/PE,STANDARD,DELIVERED_LATE,6,12,6,334,DC-BA-01,ENTERPRISE
VLX-2026-000273,2026-08-03,2026-08-06,North,Manaus/AM,Belem/PA,EXPRESS,DELIVERED_ON_TIME,4,3,0,1601,DC-AM-01,SMB
VLX-2026-000274,2026-07-31,2026-08-02,South,Porto Alegre/RS,Florianopolis/SC,EXPRESS,DELIVERED_ON_TIME,2,2,0,1179,DC-RS-01,RETAIL
VLX-2026-000275,2026-07-14,2026-07-20,Northeast,Rio de Janeiro/RJ,Salvador/BA,STANDARD,DELIVERED_ON_TIME,6,6,0,811,DC-CE-01,RETAIL
VLX-2026-000276,2026-06-05,2026-06-10,Southeast,Rio de Janeiro/RJ,Rio de Janeiro/RJ,STANDARD,DELIVERED_ON_TIME,5,5,0,238,DC-MG-01,RETAIL
VLX-2026-000277,2026-05-03,2026-05-09,South,Florianopolis/SC,Florianopolis/SC,STANDARD,DELIVERED_ON_TIME,6,6,0,1002,DC-PR-01,ENTERPRISE
VLX-2026-000278,2026-08-08,2026-08-11,Northeast,Sao Paulo/SP,Fortaleza/CE,EXPRESS,DELIVERED_ON_TIME,3,3,0,1083,DC-BA-01,RETAIL
VLX-2026-000279,2026-03-01,2026-03-04,Northeast,Brasilia/DF,Salvador/BA,EXPRESS,DELIVERED_ON_TIME,3,3,0,1258,DC-BA-01,RETAIL
VLX-2026-000280,2026-08-03,2026-08-09,South,Curitiba/PR,Florianopolis/SC,STANDARD,DELIVERED_ON_TIME,6,6,0,1297,DC-PR-01,RETAIL
VLX-2026-000281,2026-02-09,2026-02-15,Northeast,Sao Paulo/SP,Salvador/BA,STANDARD,DELIVERED_ON_TIME,6,6,0,845,DC-CE-01,SMB
VLX-2026-000282,2026-08-12,2026-08-17,North,Porto Alegre/RS,Manaus/AM,EXPRESS,DELIVERED_ON_TIME,5,5,0,1083,DC-PA-01,RETAIL
VLX-2026-000283,2026-03-28,2026-04-03,Southeast,Porto Alegre/RS,Sao Paulo/SP,STANDARD,DELIVERED_ON_TIME,6,6,0,833,DC-MG-01,ENTERPRISE
VLX-2026-000284,2026-07-06,2026-07-12,Southeast,Belo Horizonte/MG,Belo Horizonte/MG,STANDARD,DELIVERED_ON_TIME,6,6,0,1024,DC-SP-01,SMB
VLX-2026-000285,2026-04-12,2026-04-16,Northeast,Curitiba/PR,Recife/PE,EXPRESS,DELIVERED_ON_TIME,4,4,0,267,DC-PE-01,RETAIL
VLX-2026-000286,2026-06-25,2026-06-30,South,Sao Paulo/SP,Porto Alegre/RS,STANDARD,DELIVERED_ON_TIME,5,5,0,898,DC-RS-01,SMB
VLX-2026-000287,2026-02-01,2026-02-04,Northeast,Goiania/GO,Fortaleza/CE,EXPRESS,DELIVERED_ON_TIME,3,3,0,775,DC-CE-01,RETAIL
VLX-2026-000288,2026-05-27,2026-06-08,Northeast,Rio de Janeiro/RJ,Salvador/BA,STANDARD,DELIVERED_LATE,6,12,6,1427,DC-CE-01,RETAIL
VLX-2026-000289,2026-03-11,2026-03-16,Southeast,Belo Horizonte/MG,Rio de Janeiro/RJ,STANDARD,DELIVERED_ON_TIME,5,5,0,956,DC-RJ-01,ENTERPRISE
VLX-2026-000290,2026-05-28,2026-06-03,Southeast,Porto Alegre/RS,Sao Paulo/SP,STANDARD,DELIVERED_ON_TIME,6,6,0,822,DC-SP-01,SMB
VLX-2026-000291,2026-07-26,2026-08-03,North,Curitiba/PR,Manaus/AM,EXPRESS,DELIVERED_LATE,4,8,4,2027,DC-PA-01,RETAIL
VLX-2026-000292,2026-02-18,2026-02-23,Southeast,Salvador/BA,Sao Paulo/SP,STANDARD,DELIVERED_ON_TIME,5,5,0,634,DC-MG-01,RETAIL
VLX-2026-000293,2026-03-10,2026-03-15,South,Belo Horizonte/MG,Porto Alegre/RS,STANDARD,DELIVERED_ON_TIME,5,5,0,488,DC-PR-01,RETAIL
VLX-2026-000294,2026-06-18,2026-06-23,South,Recife/PE,Curitiba/PR,STANDARD,DELIVERED_ON_TIME,5,5,0,1086,DC-PR-01,RETAIL
VLX-2026-000295,2026-08-14,2026-08-18,Southeast,Salvador/BA,Belo Horizonte/MG,STANDARD,DELIVERED_ON_TIME,5,4,0,153,DC-SP-01,ENTERPRISE
VLX-2026-000296,2026-05-02,2026-05-08,Northeast,Rio de Janeiro/RJ,Recife/PE,STANDARD,DELIVERED_ON_TIME,6,6,0,1712,DC-CE-01,RETAIL
VLX-2026-000297,2026-06-23,2026-06-29,North,Belo Horizonte/MG,Manaus/AM,STANDARD,DELIVERED_ON_TIME,7,6,0,1744,DC-PA-01,RETAIL
VLX-2026-000298,2026-02-02,2026-02-12,Northeast,Porto Velho/RO,Salvador/BA,STANDARD,DELIVERED_LATE,6,10,4,927,DC-BA-01,RETAIL
VLX-2026-000299,2026-03-02,2026-03-05,Central-West,Salvador/BA,Cuiaba/MT,EXPRESS,DELIVERED_ON_TIME,3,3,0,312,DC-DF-01,ENTERPRISE
VLX-2026-000300,2026-02-11,2026-02-17,Southeast,Sao Paulo/SP,Rio de Janeiro/RJ,STANDARD,DELIVERED_ON_TIME,6,6,0,1011,DC-MG-01,RETAIL
VLX-2026-000301,2026-05-10,2026-05-16,Northeast,Brasilia/DF,Recife/PE,EXPRESS,DELIVERED_LATE,3,6,3,1899,DC-CE-01,SMB
VLX-2026-000302,2026-06-24,2026-06-29,South,Belo Horizonte/MG,Curitiba/PR,STANDARD,DELIVERED_ON_TIME,5,5,0,580,DC-RS-01,RETAIL
VLX-2026-000303,2026-04-04,2026-04-08,Southeast,Belem/PA,Rio de Janeiro/RJ,EXPRESS,DELIVERED_LATE,3,4,1,983,DC-SP-01,SMB
VLX-2026-000304,2026-06-22,2026-06-28,Central-West,Recife/PE,Cuiaba/MT,STANDARD,DELIVERED_ON_TIME,6,6,0,1339,DC-GO-01,RETAIL
VLX-2026-000305,2026-01-20,2026-01-28,Northeast,Porto Alegre/RS,Recife/PE,STANDARD,DELIVERED_LATE,6,8,2,608,DC-BA-01,RETAIL
VLX-2026-000306,2026-01-30,2026-02-02,Southeast,Sao Paulo/SP,Belo Horizonte/MG,EXPRESS,DELIVERED_ON_TIME,3,3,0,359,DC-SP-01,SMB
VLX-2026-000307,2026-03-28,2026-03-29,Southeast,Manaus/AM,Sao Paulo/SP,EXPRESS,DELIVERED_ON_TIME,2,1,0,298,DC-SP-01,RETAIL
VLX-2026-000308,2026-05-31,2026-06-08,Central-West,Goiania/GO,Goiania/GO,STANDARD,DELIVERED_LATE,6,8,2,232,DC-DF-01,RETAIL
VLX-2026-000309,2026-08-16,2026-08-22,Central-West,Cuiaba/MT,Brasilia/DF,STANDARD,DELIVERED_ON_TIME,6,6,0,1656,DC-DF-01,RETAIL
VLX-2026-000310,2026-02-12,2026-02-14,South,Curitiba/PR,Florianopolis/SC,EXPRESS,DELIVERED_ON_TIME,2,2,0,1050,DC-RS-01,SMB
VLX-2026-000311,2026-05-23,2026-05-27,Northeast,Rio de Janeiro/RJ,Recife/PE,EXPRESS,DELIVERED_ON_TIME,4,4,0,391,DC-CE-01,RETAIL
VLX-2026-000312,2026-03-11,2026-03-15,Central-West,Belo Horizonte/MG,Goiania/GO,EXPRESS,DELIVERED_ON_TIME,4,4,0,1514,DC-GO-01,RETAIL
VLX-2026-000313,2026-02-20,2026-02-23,Northeast,Belem/PA,Recife/PE,EXPRESS,DELIVERED_ON_TIME,4,3,0,1838,DC-BA-01,RETAIL
VLX-2026-000314,2026-05-19,2026-05-24,Southeast,Cuiaba/MT,Rio de Janeiro/RJ,STANDARD,DELIVERED_ON_TIME,6,5,0,748,DC-RJ-01,RETAIL
VLX-2026-000315,2026-01-02,2026-01-10,North,Curitiba/PR,Manaus/AM,STANDARD,DELIVERED_LATE,7,8,1,2358,DC-PA-01,SMB
VLX-2026-000316,2026-05-15,2026-05-20,North,Manaus/AM,Porto Velho/RO,EXPRESS,DELIVERED_ON_TIME,5,5,0,1263,DC-PA-01,SMB
VLX-2026-000317,2026-05-21,2026-05-29,Northeast,Florianopolis/SC,Salvador/BA,STANDARD,DELIVERY_EXCEPTION,6,8,2,1363,DC-CE-01,SMB
VLX-2026-000318,2026-04-02,2026-04-07,Southeast,Porto Velho/RO,Belo Horizonte/MG,STANDARD,DELIVERED_ON_TIME,6,5,0,773,DC-MG-01,SMB
VLX-2026-000319,2026-04-15,2026-04-21,Northeast,Salvador/BA,Salvador/BA,STANDARD,DELIVERED_ON_TIME,7,6,0,1122,DC-CE-01,RETAIL
VLX-2026-000320,2026-03-07,2026-03-13,Southeast,Sao Paulo/SP,Sao Paulo/SP,STANDARD,DELIVERED_ON_TIME,6,6,0,557,DC-MG-01,RETAIL
VLX-2026-000321,2026-05-19,2026-05-23,Southeast,Belo Horizonte/MG,Rio de Janeiro/RJ,STANDARD,DELIVERED_ON_TIME,5,4,0,630,DC-SP-01,SMB
VLX-2026-000322,2026-05-25,2026-05-29,North,Rio de Janeiro/RJ,Manaus/AM,EXPRESS,DELIVERED_ON_TIME,4,4,0,2047,DC-AM-01,RETAIL
VLX-2026-000323,2026-02-16,2026-02-22,Central-West,Porto Alegre/RS,Cuiaba/MT,STANDARD,DELIVERED_ON_TIME,6,6,0,887,DC-DF-01,SMB
VLX-2026-000324,2026-06-01,2026-06-07,South,Sao Paulo/SP,Curitiba/PR,EXPRESS,DELIVERED_LATE,2,6,4,371,DC-PR-01,ENTERPRISE
VLX-2026-000325,2026-05-10,2026-05-12,South,Rio de Janeiro/RJ,Florianopolis/SC,EXPRESS,DELIVERED_ON_TIME,2,2,0,1017,DC-RS-01,RETAIL
VLX-2026-000326,2026-05-13,2026-05-16,Northeast,Belo Horizonte/MG,Salvador/BA,EXPRESS,DELIVERED_ON_TIME,4,3,0,887,DC-CE-01,SMB
VLX-2026-000327,2026-01-11,2026-01-16,Southeast,Recife/PE,Belo Horizonte/MG,STANDARD,DELIVERED_ON_TIME,5,5,0,580,DC-SP-01,ENTERPRISE
VLX-2026-000328,2026-05-27,2026-05-31,Southeast,Florianopolis/SC,Sao Paulo/SP,STANDARD,DELIVERED_ON_TIME,5,4,0,927,DC-RJ-01,RETAIL
VLX-2026-000329,2026-07-13,2026-07-16,Southeast,Fortaleza/CE,Sao Paulo/SP,EXPRESS,DELIVERED_ON_TIME,3,3,0,672,DC-SP-01,RETAIL
VLX-2026-000330,2026-05-14,2026-05-22,North,Sao Paulo/SP,Belem/PA,STANDARD,DELIVERED_ON_TIME,8,8,0,339,DC-PA-01,SMB
VLX-2026-000331,2026-08-17,2026-09-01,North,Belo Horizonte/MG,Belem/PA,STANDARD,LOST,7,15,8,1503,DC-PA-01,RETAIL
VLX-2026-000332,2026-07-25,2026-07-28,Northeast,Rio de Janeiro/RJ,Salvador/BA,EXPRESS,DELIVERED_ON_TIME,3,3,0,674,DC-CE-01,RETAIL
VLX-2026-000333,2026-02-23,2026-02-25,Northeast,Curitiba/PR,Fortaleza/CE,EXPRESS,DELIVERED_ON_TIME,3,2,0,493,DC-CE-01,RETAIL
VLX-2026-000334,2026-07-04,2026-07-10,Central-West,Manaus/AM,Brasilia/DF,STANDARD,DELIVERED_ON_TIME,6,6,0,514,DC-GO-01,RETAIL
VLX-2026-000335,2026-07-04,2026-07-10,Southeast,Sao Paulo/SP,Rio de Janeiro/RJ,STANDARD,DELIVERED_ON_TIME,6,6,0,951,DC-MG-01,RETAIL
VLX-2026-000336,2026-06-28,2026-07-03,South,Florianopolis/SC,Porto Alegre/RS,STANDARD,DELIVERED_ON_TIME,5,5,0,586,DC-PR-01,RETAIL
VLX-2026-000337,2026-02-03,2026-02-08,Northeast,Goiania/GO,Salvador/BA,STANDARD,DELIVERED_ON_TIME,6,5,0,1281,DC-BA-01,RETAIL
VLX-2026-000338,2026-07-12,2026-07-20,Northeast,Rio de Janeiro/RJ,Fortaleza/CE,STANDARD,DELIVERED_LATE,6,8,2,1769,DC-PE-01,RETAIL
VLX-2026-000339,2026-05-07,2026-05-12,Northeast,Curitiba/PR,Salvador/BA,STANDARD,DELIVERED_ON_TIME,6,5,0,985,DC-CE-01,RETAIL
VLX-2026-000340,2026-08-10,2026-08-15,Southeast,Fortaleza/CE,Rio de Janeiro/RJ,STANDARD,DELIVERED_ON_TIME,5,5,0,372,DC-MG-01,RETAIL
VLX-2026-000341,2026-04-22,2026-05-04,Southeast,Belo Horizonte/MG,Rio de Janeiro/RJ,STANDARD,DELIVERY_EXCEPTION,6,12,6,264,DC-RJ-01,RETAIL
VLX-2026-000342,2026-06-09,2026-06-12,Central-West,Sao Paulo/SP,Cuiaba/MT,EXPRESS,DELIVERED_ON_TIME,3,3,0,946,DC-DF-01,ENTERPRISE
VLX-2026-000343,2026-02-04,2026-02-10,Northeast,Belo Horizonte/MG,Fortaleza/CE,STANDARD,DELIVERED_ON_TIME,6,6,0,1568,DC-BA-01,ENTERPRISE
VLX-2026-000344,2026-05-12,2026-05-19,North,Sao Paulo/SP,Belem/PA,STANDARD,DELIVERED_ON_TIME,8,7,0,461,DC-PA-01,RETAIL
VLX-2026-000345,2026-07-13,2026-07-18,South,Recife/PE,Porto Alegre/RS,STANDARD,DELIVERED_ON_TIME,5,5,0,742,DC-PR-01,RETAIL
VLX-2026-000346,2026-04-10,2026-04-20,Northeast,Rio de Janeiro/RJ,Salvador/BA,STANDARD,DELIVERED_LATE,6,10,4,659,DC-CE-01,RETAIL
VLX-2026-000347,2026-05-12,2026-05-17,Southeast,Curitiba/PR,Rio de Janeiro/RJ,STANDARD,DELIVERED_ON_TIME,6,5,0,329,DC-MG-01,RETAIL
VLX-2026-000348,2026-05-15,2026-05-19,Southeast,Florianopolis/SC,Sao Paulo/SP,STANDARD,DELIVERED_ON_TIME,5,4,0,442,DC-MG-01,RETAIL
VLX-2026-000349,2026-02-22,2026-02-27,Southeast,Florianopolis/SC,Rio de Janeiro/RJ,STANDARD,DELIVERED_ON_TIME,5,5,0,610,DC-SP-01,RETAIL
VLX-2026-000350,2026-08-07,2026-08-09,Southeast,Curitiba/PR,Sao Paulo/SP,EXPRESS,DELIVERED_ON_TIME,2,2,0,953,DC-SP-01,RETAIL
VLX-2026-000351,2026-07-15,2026-07-22,North,Sao Paulo/SP,Porto Velho/RO,STANDARD,DELIVERED_ON_TIME,7,7,0,1549,DC-PA-01,ENTERPRISE
VLX-2026-000352,2026-07-22,2026-07-24,Northeast,Curitiba/PR,Fortaleza/CE,EXPRESS,DELIVERED_ON_TIME,3,2,0,485,DC-CE-01,RETAIL
VLX-2026-000353,2026-04-01,2026-04-04,Southeast,Rio de Janeiro/RJ,Rio de Janeiro/RJ,EXPRESS,DELIVERED_ON_TIME,3,3,0,939,DC-SP-01,SMB
VLX-2026-000354,2026-01-14,2026-01-19,Northeast,Belo Horizonte/MG,Salvador/BA,STANDARD,DELIVERED_ON_TIME,6,5,0,1572,DC-PE-01,ENTERPRISE
VLX-2026-000355,2026-04-30,2026-05-07,Northeast,Sao Paulo/SP,Recife/PE,EXPRESS,DELIVERED_LATE,3,7,4,1240,DC-PE-01,RETAIL
VLX-2026-000356,2026-05-07,2026-05-13,Northeast,Belo Horizonte/MG,Fortaleza/CE,STANDARD,DELIVERED_ON_TIME,6,6,0,1580,DC-BA-01,RETAIL
VLX-2026-000357,2026-02-08,2026-02-14,South,Porto Velho/RO,Curitiba/PR,STANDARD,DELIVERED_ON_TIME,6,6,0,199,DC-RS-01,SMB
VLX-2026-000358,2026-03-15,2026-03-20,Southeast,Belo Horizonte/MG,Rio de Janeiro/RJ,STANDARD,DELIVERED_ON_TIME,5,5,0,579,DC-MG-01,SMB
VLX-2026-000359,2026-04-28,2026-05-04,North,Belem/PA,Porto Velho/RO,STANDARD,DELIVERED_ON_TIME,7,6,0,587,DC-AM-01,RETAIL
VLX-2026-000360,2026-02-27,2026-03-04,Central-West,Belo Horizonte/MG,Cuiaba/MT,STANDARD,DELIVERED_ON_TIME,6,5,0,1171,DC-DF-01,RETAIL
VLX-2026-000361,2026-04-28,2026-04-30,South,Fortaleza/CE,Curitiba/PR,EXPRESS,DELIVERED_ON_TIME,2,2,0,1194,DC-PR-01,RETAIL
VLX-2026-000362,2026-01-12,2026-01-17,Southeast,Rio de Janeiro/RJ,Belo Horizonte/MG,STANDARD,DELIVERED_ON_TIME,5,5,0,381,DC-RJ-01,RETAIL
VLX-2026-000363,2026-02-03,2026-02-08,Central-West,Curitiba/PR,Goiania/GO,STANDARD,DELIVERED_ON_TIME,6,5,0,434,DC-GO-01,RETAIL
VLX-2026-000364,2026-04-19,2026-04-26,Central-West,Belo Horizonte/MG,Cuiaba/MT,STANDARD,DELIVERED_LATE,6,7,1,808,DC-DF-01,RETAIL
VLX-2026-000365,2026-04-02,2026-04-09,North,Curitiba/PR,Belem/PA,STANDARD,DELIVERED_ON_TIME,7,7,0,1266,DC-AM-01,RETAIL
VLX-2026-000366,2026-08-13,2026-08-18,South,Sao Paulo/SP,Porto Alegre/RS,STANDARD,DELIVERED_ON_TIME,5,5,0,209,DC-RS-01,RETAIL
VLX-2026-000367,2026-05-18,2026-05-23,South,Goiania/GO,Florianopolis/SC,STANDARD,DELIVERED_ON_TIME,6,5,0,626,DC-RS-01,SMB
VLX-2026-000368,2026-05-09,2026-05-14,South,Sao Paulo/SP,Curitiba/PR,STANDARD,DELIVERED_ON_TIME,5,5,0,264,DC-RS-01,SMB
VLX-2026-000369,2026-03-18,2026-03-22,North,Belo Horizonte/MG,Porto Velho/RO,EXPRESS,DELIVERED_ON_TIME,4,4,0,757,DC-AM-01,SMB
VLX-2026-000370,2026-07-15,2026-07-17,Southeast,Sao Paulo/SP,Belo Horizonte/MG,EXPRESS,DELIVERED_ON_TIME,2,2,0,651,DC-RJ-01,RETAIL
VLX-2026-000371,2026-07-03,2026-07-08,South,Fortaleza/CE,Curitiba/PR,STANDARD,DELIVERED_ON_TIME,5,5,0,1096,DC-RS-01,RETAIL
VLX-2026-000372,2026-04-07,2026-04-18,Northeast,Salvador/BA,Salvador/BA,STANDARD,DELIVERED_LATE,6,11,5,881,DC-BA-01,SMB
VLX-2026-000373,2026-04-06,2026-04-15,Central-West,Rio de Janeiro/RJ,Goiania/GO,STANDARD,DELIVERY_EXCEPTION,6,9,3,690,DC-DF-01,RETAIL
VLX-2026-000374,2026-05-22,2026-05-27,Central-West,Sao Paulo/SP,Brasilia/DF,EXPRESS,DELIVERED_LATE,3,5,2,1466,DC-DF-01,RETAIL
VLX-2026-000375,2026-02-20,2026-02-25,Southeast,Sao Paulo/SP,Belo Horizonte/MG,STANDARD,DELIVERED_ON_TIME,5,5,0,758,DC-SP-01,SMB
VLX-2026-000376,2026-04-13,2026-04-19,Central-West,Belo Horizonte/MG,Cuiaba/MT,STANDARD,DELIVERED_ON_TIME,6,6,0,345,DC-GO-01,RETAIL
VLX-2026-000377,2026-07-12,2026-07-17,South,Fortaleza/CE,Florianopolis/SC,STANDARD,DELIVERED_ON_TIME,5,5,0,423,DC-RS-01,RETAIL
VLX-2026-000378,2026-02-22,2026-02-27,Southeast,Rio de Janeiro/RJ,Rio de Janeiro/RJ,EXPRESS,DELIVERED_LATE,2,5,3,278,DC-RJ-01,SMB
VLX-2026-000379,2026-07-09,2026-07-12,Southeast,Curitiba/PR,Sao Paulo/SP,EXPRESS,DELIVERED_ON_TIME,3,3,0,290,DC-MG-01,RETAIL
VLX-2026-000380,2026-07-21,2026-07-27,Southeast,Sao Paulo/SP,Rio de Janeiro/RJ,STANDARD,DELIVERED_ON_TIME,6,6,0,523,DC-MG-01,ENTERPRISE
VLX-2026-000381,2026-03-07,2026-03-12,Southeast,Curitiba/PR,Rio de Janeiro/RJ,STANDARD,DELIVERED_ON_TIME,5,5,0,1011,DC-SP-01,RETAIL
VLX-2026-000382,2026-06-08,2026-06-14,Northeast,Porto Velho/RO,Fortaleza/CE,STANDARD,DELIVERED_ON_TIME,6,6,0,824,DC-BA-01,SMB
VLX-2026-000383,2026-04-25,2026-04-28,Southeast,Sao Paulo/SP,Rio de Janeiro/RJ,EXPRESS,DELIVERED_ON_TIME,3,3,0,304,DC-RJ-01,RETAIL
VLX-2026-000384,2026-02-04,2026-02-10,Southeast,Sao Paulo/SP,Rio de Janeiro/RJ,STANDARD,DELIVERED_ON_TIME,6,6,0,936,DC-SP-01,RETAIL
VLX-2026-000385,2026-03-22,2026-03-27,Southeast,Sao Paulo/SP,Rio de Janeiro/RJ,STANDARD,DELIVERED_ON_TIME,5,5,0,634,DC-SP-01,RETAIL
VLX-2026-000386,2026-05-01,2026-05-07,Central-West,Cuiaba/MT,Brasilia/DF,STANDARD,DELIVERED_ON_TIME,6,6,0,1408,DC-GO-01,ENTERPRISE
VLX-2026-000387,2026-07-02,2026-07-08,North,Belo Horizonte/MG,Belem/PA,STANDARD,DELIVERED_ON_TIME,7,6,0,1674,DC-AM-01,SMB
VLX-2026-000388,2026-02-22,2026-02-27,South,Cuiaba/MT,Porto Alegre/RS,STANDARD,DELIVERED_ON_TIME,6,5,0,1102,DC-RS-01,RETAIL
VLX-2026-000389,2026-06-20,2026-06-28,North,Belo Horizonte/MG,Porto Velho/RO,STANDARD,DELIVERED_ON_TIME,8,8,0,710,DC-PA-01,SMB
VLX-2026-000390,2026-02-24,2026-03-04,Central-West,Sao Paulo/SP,Goiania/GO,STANDARD,DELIVERED_LATE,7,8,1,1488,DC-DF-01,RETAIL
VLX-2026-000391,2026-02-10,2026-02-15,South,Rio de Janeiro/RJ,Florianopolis/SC,STANDARD,DELIVERED_ON_TIME,5,5,0,584,DC-RS-01,RETAIL
VLX-2026-000392,2026-03-10,2026-03-12,Southeast,Recife/PE,Belo Horizonte/MG,EXPRESS,DELIVERED_ON_TIME,3,2,0,269,DC-MG-01,RETAIL
VLX-2026-000393,2026-05-28,2026-05-29,Southeast,Belo Horizonte/MG,Sao Paulo/SP,EXPRESS,DELIVERED_ON_TIME,2,1,0,650,DC-MG-01,RETAIL
VLX-2026-000394,2026-04-07,2026-04-15,Central-West,Recife/PE,Brasilia/DF,STANDARD,DELIVERED_LATE,7,8,1,1285,DC-DF-01,SMB
VLX-2026-000395,2026-01-30,2026-02-04,South,Goiania/GO,Curitiba/PR,STANDARD,DELIVERED_ON_TIME,5,5,0,549,DC-PR-01,SMB
VLX-2026-000396,2026-02-07,2026-02-11,South,Curitiba/PR,Curitiba/PR,STANDARD,DELIVERED_ON_TIME,5,4,0,819,DC-PR-01,RETAIL
VLX-2026-000397,2026-03-01,2026-03-06,Southeast,Recife/PE,Rio de Janeiro/RJ,STANDARD,DELIVERED_ON_TIME,5,5,0,560,DC-MG-01,SMB
VLX-2026-000398,2026-05-03,2026-05-08,Southeast,Rio de Janeiro/RJ,Sao Paulo/SP,STANDARD,DELIVERED_ON_TIME,6,5,0,650,DC-RJ-01,RETAIL
VLX-2026-000399,2026-05-14,2026-05-17,North,Rio de Janeiro/RJ,Belem/PA,EXPRESS,DELIVERED_ON_TIME,4,3,0,929,DC-AM-01,RETAIL
VLX-2026-000400,2026-06-05,2026-06-09,Central-West,Rio de Janeiro/RJ,Cuiaba/MT,EXPRESS,DELIVERED_ON_TIME,4,4,0,831,DC-DF-01,RETAIL
VLX-2026-000401,2026-06-27,2026-07-04,North,Sao Paulo/SP,Belem/PA,STANDARD,DELIVERED_ON_TIME,7,7,0,1521,DC-AM-01,SMB
VLX-2026-000402,2026-08-10,2026-08-14,South,Recife/PE,Florianopolis/SC,STANDARD,DELIVERED_ON_TIME,5,4,0,240,DC-RS-01,ENTERPRISE
VLX-2026-000403,2026-03-10,2026-03-18,Northeast,Curitiba/PR,Salvador/BA,STANDARD,DELIVERED_LATE,6,8,2,955,DC-BA-01,RETAIL
VLX-2026-000404,2026-04-02,2026-04-08,Northeast,Sao Paulo/SP,Recife/PE,STANDARD,DELIVERED_ON_TIME,6,6,0,1609,DC-CE-01,RETAIL
VLX-2026-000405,2026-01-11,2026-01-17,South,Cuiaba/MT,Porto Alegre/RS,STANDARD,DELIVERED_ON_TIME,6,6,0,412,DC-RS-01,SMB
VLX-2026-000406,2026-02-13,2026-02-19,North,Rio de Janeiro/RJ,Porto Velho/RO,STANDARD,DELIVERED_ON_TIME,7,6,0,2226,DC-PA-01,RETAIL
VLX-2026-000407,2026-03-20,2026-03-27,Northeast,Belo Horizonte/MG,Recife/PE,STANDARD,DELIVERED_LATE,6,7,1,1492,DC-PE-01,ENTERPRISE
VLX-2026-000408,2026-04-10,2026-04-16,South,Rio de Janeiro/RJ,Porto Alegre/RS,STANDARD,DELIVERED_LATE,5,6,1,688,DC-RS-01,SMB
VLX-2026-000409,2026-02-25,2026-03-02,Southeast,Rio de Janeiro/RJ,Rio de Janeiro/RJ,STANDARD,DELIVERED_ON_TIME,5,5,0,293,DC-RJ-01,SMB
VLX-2026-000410,2026-04-27,2026-05-09,North,Belem/PA,Manaus/AM,STANDARD,DELIVERY_EXCEPTION,7,12,5,1880,DC-AM-01,RETAIL
VLX-2026-000411,2026-05-02,2026-05-04,Southeast,Recife/PE,Rio de Janeiro/RJ,EXPRESS,DELIVERED_ON_TIME,3,2,0,676,DC-SP-01,SMB
VLX-2026-000412,2026-05-23,2026-05-27,South,Brasilia/DF,Florianopolis/SC,STANDARD,DELIVERED_ON_TIME,5,4,0,129,DC-PR-01,SMB
VLX-2026-000413,2026-04-02,2026-04-08,Central-West,Sao Paulo/SP,Cuiaba/MT,STANDARD,DELIVERED_ON_TIME,6,6,0,812,DC-DF-01,RETAIL
VLX-2026-000414,2026-03-02,2026-03-07,Southeast,Rio de Janeiro/RJ,Rio de Janeiro/RJ,STANDARD,DELIVERED_ON_TIME,5,5,0,1099,DC-SP-01,RETAIL
VLX-2026-000415,2026-07-19,2026-07-25,South,Rio de Janeiro/RJ,Porto Alegre/RS,STANDARD,DELIVERED_ON_TIME,6,6,0,743,DC-PR-01,RETAIL
VLX-2026-000416,2026-08-06,2026-08-09,South,Goiania/GO,Porto Alegre/RS,EXPRESS,DELIVERED_ON_TIME,3,3,0,152,DC-RS-01,RETAIL
VLX-2026-000417,2026-02-18,2026-02-23,South,Sao Paulo/SP,Florianopolis/SC,STANDARD,DELIVERED_ON_TIME,5,5,0,498,DC-RS-01,RETAIL
VLX-2026-000418,2026-03-06,2026-03-11,Southeast,Recife/PE,Sao Paulo/SP,STANDARD,DELIVERED_ON_TIME,5,5,0,494,DC-MG-01,RETAIL
VLX-2026-000419,2026-07-27,2026-08-03,Northeast,Goiania/GO,Fortaleza/CE,EXPRESS,DELIVERED_LATE,4,7,3,843,DC-PE-01,SMB
VLX-2026-000420,2026-07-04,2026-07-10,Northeast,Belo Horizonte/MG,Recife/PE,STANDARD,DELIVERED_ON_TIME,6,6,0,1111,DC-BA-01,RETAIL
VLX-2026-000421,2026-04-04,2026-04-12,Northeast,Sao Paulo/SP,Recife/PE,STANDARD,DELIVERED_LATE,6,8,2,943,DC-PE-01,ENTERPRISE
VLX-2026-000422,2026-07-25,2026-07-31,Southeast,Florianopolis/SC,Sao Paulo/SP,STANDARD,DELIVERED_ON_TIME,6,6,0,577,DC-RJ-01,RETAIL
VLX-2026-000423,2026-01-08,2026-01-13,Southeast,Porto Velho/RO,Belo Horizonte/MG,STANDARD,DELIVERED_ON_TIME,6,5,0,90,DC-SP-01,SMB
VLX-2026-000424,2026-07-08,2026-07-13,South,Belem/PA,Porto Alegre/RS,STANDARD,DELIVERED_ON_TIME,6,5,0,861,DC-PR-01,RETAIL
VLX-2026-000425,2026-02-15,2026-02-21,Northeast,Curitiba/PR,Salvador/BA,STANDARD,DELIVERED_ON_TIME,6,6,0,905,DC-CE-01,RETAIL
VLX-2026-000426,2026-06-13,2026-06-18,Southeast,Rio de Janeiro/RJ,Sao Paulo/SP,STANDARD,DELIVERED_ON_TIME,5,5,0,931,DC-RJ-01,RETAIL
VLX-2026-000427,2026-02-01,2026-02-06,Southeast,Porto Alegre/RS,Belo Horizonte/MG,STANDARD,DELIVERED_ON_TIME,5,5,0,766,DC-MG-01,RETAIL
VLX-2026-000428,2026-04-25,2026-04-30,South,Goiania/GO,Florianopolis/SC,STANDARD,DELIVERED_ON_TIME,5,5,0,282,DC-RS-01,RETAIL
VLX-2026-000429,2026-03-21,2026-03-28,Northeast,Sao Paulo/SP,Recife/PE,STANDARD,DELIVERED_ON_TIME,7,7,0,391,DC-BA-01,RETAIL
VLX-2026-000430,2026-07-04,2026-07-12,North,Recife/PE,Porto Velho/RO,STANDARD,DELIVERED_ON_TIME,8,8,0,1947,DC-PA-01,RETAIL
VLX-2026-000431,2026-03-08,2026-03-12,Central-West,Rio de Janeiro/RJ,Cuiaba/MT,EXPRESS,DELIVERED_ON_TIME,4,4,0,198,DC-DF-01,RETAIL
VLX-2026-000432,2026-03-16,2026-03-19,Northeast,Rio de Janeiro/RJ,Fortaleza/CE,EXPRESS,DELIVERED_ON_TIME,3,3,0,233,DC-PE-01,RETAIL
VLX-2026-000433,2026-04-21,2026-04-27,Central-West,Cuiaba/MT,Cuiaba/MT,STANDARD,DELIVERED_ON_TIME,7,6,0,201,DC-DF-01,SMB
VLX-2026-000434,2026-04-10,2026-04-16,Central-West,Belo Horizonte/MG,Cuiaba/MT,STANDARD,DELIVERED_ON_TIME,6,6,0,563,DC-GO-01,RETAIL
VLX-2026-000435,2026-07-12,2026-07-20,North,Curitiba/PR,Belem/PA,EXPRESS,DELIVERED_LATE,4,8,4,747,DC-AM-01,SMB
VLX-2026-000436,2026-01-08,2026-01-17,Northeast,Recife/PE,Salvador/BA,STANDARD,DELIVERED_LATE,7,9,2,1067,DC-PE-01,RETAIL
VLX-2026-000437,2026-07-29,2026-07-31,Southeast,Curitiba/PR,Sao Paulo/SP,EXPRESS,DELIVERED_ON_TIME,2,2,0,183,DC-MG-01,RETAIL
VLX-2026-000438,2026-05-19,2026-05-27,North,Fortaleza/CE,Porto Velho/RO,STANDARD,DELIVERED_ON_TIME,8,8,0,1127,DC-AM-01,RETAIL
VLX-2026-000439,2026-01-31,2026-02-14,Southeast,Rio de Janeiro/RJ,Rio de Janeiro/RJ,EXPRESS,LOST,2,14,12,284,DC-SP-01,SMB
VLX-2026-000440,2026-06-19,2026-06-25,Northeast,Belo Horizonte/MG,Salvador/BA,STANDARD,DELIVERED_ON_TIME,6,6,0,264,DC-CE-01,ENTERPRISE
VLX-2026-000441,2026-02-27,2026-03-05,Southeast,Brasilia/DF,Sao Paulo/SP,STANDARD,DELIVERED_ON_TIME,6,6,0,798,DC-SP-01,RETAIL
VLX-2026-000442,2026-07-01,2026-07-06,Central-West,Recife/PE,Brasilia/DF,STANDARD,DELIVERED_ON_TIME,6,5,0,1385,DC-GO-01,ENTERPRISE
VLX-2026-000443,2026-05-19,2026-05-27,North,Belo Horizonte/MG,Belem/PA,STANDARD,DELIVERED_ON_TIME,8,8,0,1537,DC-PA-01,SMB
VLX-2026-000444,2026-04-02,2026-04-07,Southeast,Rio de Janeiro/RJ,Sao Paulo/SP,STANDARD,DELIVERED_ON_TIME,5,5,0,891,DC-MG-01,RETAIL
VLX-2026-000445,2026-08-02,2026-08-08,Northeast,Belem/PA,Fortaleza/CE,STANDARD,DELIVERED_ON_TIME,7,6,0,164,DC-PE-01,RETAIL
VLX-2026-000446,2026-07-06,2026-07-11,South,Florianopolis/SC,Porto Alegre/RS,STANDARD,DELIVERED_ON_TIME,5,5,0,1231,DC-PR-01,ENTERPRISE
VLX-2026-000447,2026-05-11,2026-05-15,North,Salvador/BA,Porto Velho/RO,EXPRESS,DELIVERED_ON_TIME,4,4,0,767,DC-AM-01,SMB
VLX-2026-000448,2026-05-31,2026-06-07,North,Goiania/GO,Manaus/AM,STANDARD,DELIVERED_ON_TIME,7,7,0,959,DC-AM-01,SMB
VLX-2026-000449,2026-01-23,2026-01-27,Northeast,Recife/PE,Recife/PE,EXPRESS,DELIVERED_ON_TIME,4,4,0,1705,DC-BA-01,RETAIL
VLX-2026-000450,2026-07-08,2026-07-16,North,Curitiba/PR,Belem/PA,STANDARD,DELIVERED_ON_TIME,8,8,0,1512,DC-PA-01,RETAIL
VLX-2026-000451,2026-06-15,2026-06-21,Northeast,Florianopolis/SC,Salvador/BA,STANDARD,DELIVERED_ON_TIME,6,6,0,1222,DC-BA-01,SMB
VLX-2026-000452,2026-03-11,2026-03-17,Central-West,Sao Paulo/SP,Goiania/GO,STANDARD,DELIVERED_ON_TIME,6,6,0,687,DC-DF-01,RETAIL
VLX-2026-000453,2026-06-11,2026-06-17,Northeast,Sao Paulo/SP,Recife/PE,STANDARD,DELIVERED_ON_TIME,6,6,0,1363,DC-PE-01,SMB
VLX-2026-000454,2026-08-12,2026-08-15,Northeast,Porto Alegre/RS,Fortaleza/CE,EXPRESS,DELIVERED_ON_TIME,3,3,0,1279,DC-PE-01,ENTERPRISE
VLX-2026-000455,2026-02-28,2026-03-09,Northeast,Belo Horizonte/MG,Fortaleza/CE,STANDARD,DELIVERED_LATE,7,9,2,392,DC-PE-01,ENTERPRISE
VLX-2026-000456,2026-07-18,2026-07-23,Southeast,Belo Horizonte/MG,Sao Paulo/SP,STANDARD,DELIVERED_ON_TIME,5,5,0,720,DC-SP-01,ENTERPRISE
VLX-2026-000457,2026-05-07,2026-05-12,Southeast,Goiania/GO,Belo Horizonte/MG,STANDARD,DELIVERED_ON_TIME,5,5,0,116,DC-RJ-01,SMB
VLX-2026-000458,2026-02-17,2026-02-22,Southeast,Sao Paulo/SP,Rio de Janeiro/RJ,STANDARD,DELIVERED_ON_TIME,5,5,0,508,DC-SP-01,SMB
VLX-2026-000459,2026-06-11,2026-06-15,Central-West,Rio de Janeiro/RJ,Goiania/GO,EXPRESS,DELIVERED_ON_TIME,4,4,0,841,DC-GO-01,RETAIL
VLX-2026-000460,2026-05-17,2026-05-21,Central-West,Fortaleza/CE,Brasilia/DF,EXPRESS,DELIVERED_ON_TIME,4,4,0,721,DC-GO-01,SMB
VLX-2026-000461,2026-05-18,2026-05-24,Southeast,Rio de Janeiro/RJ,Sao Paulo/SP,STANDARD,DELIVERED_ON_TIME,6,6,0,858,DC-MG-01,RETAIL
VLX-2026-000462,2026-04-19,2026-04-21,South,Rio de Janeiro/RJ,Florianopolis/SC,EXPRESS,DELIVERED_ON_TIME,2,2,0,1190,DC-RS-01,RETAIL
VLX-2026-000463,2026-07-07,2026-07-27,North,Sao Paulo/SP,Porto Velho/RO,STANDARD,LOST,7,20,13,371,DC-PA-01,SMB
VLX-2026-000464,2026-07-20,2026-07-27,North,Belo Horizonte/MG,Manaus/AM,STANDARD,DELIVERED_ON_TIME,7,7,0,2254,DC-AM-01,RETAIL
VLX-2026-000465,2026-04-25,2026-04-30,South,Sao Paulo/SP,Curitiba/PR,STANDARD,DELIVERED_ON_TIME,5,5,0,764,DC-PR-01,SMB
VLX-2026-000466,2026-05-30,2026-06-06,North,Sao Paulo/SP,Porto Velho/RO,STANDARD,DELIVERED_ON_TIME,7,7,0,1262,DC-AM-01,RETAIL
VLX-2026-000467,2026-03-31,2026-04-01,Southeast,Curitiba/PR,Sao Paulo/SP,EXPRESS,DELIVERED_ON_TIME,2,1,0,596,DC-SP-01,RETAIL
VLX-2026-000468,2026-03-11,2026-03-19,South,Porto Alegre/RS,Florianopolis/SC,STANDARD,DELIVERED_LATE,6,8,2,376,DC-PR-01,ENTERPRISE
VLX-2026-000469,2026-01-31,2026-02-06,South,Brasilia/DF,Porto Alegre/RS,STANDARD,DELIVERED_LATE,5,6,1,942,DC-RS-01,RETAIL
VLX-2026-000470,2026-04-24,2026-05-09,Northeast,Manaus/AM,Fortaleza/CE,STANDARD,LOST,6,15,9,1766,DC-CE-01,ENTERPRISE
VLX-2026-000471,2026-03-27,2026-04-04,North,Rio de Janeiro/RJ,Belem/PA,STANDARD,DELIVERED_ON_TIME,8,8,0,2334,DC-PA-01,SMB
VLX-2026-000472,2026-04-04,2026-04-08,North,Rio de Janeiro/RJ,Belem/PA,EXPRESS,DELIVERED_ON_TIME,4,4,0,1399,DC-PA-01,RETAIL
VLX-2026-000473,2026-01-31,2026-02-06,Northeast,Brasilia/DF,Recife/PE,STANDARD,DELIVERED_ON_TIME,6,6,0,1803,DC-BA-01,RETAIL
VLX-2026-000474,2026-02-09,2026-02-11,South,Porto Velho/RO,Curitiba/PR,EXPRESS,DELIVERED_ON_TIME,2,2,0,321,DC-RS-01,RETAIL
VLX-2026-000475,2026-04-29,2026-05-08,North,Florianopolis/SC,Manaus/AM,STANDARD,DELIVERED_LATE,7,9,2,1624,DC-PA-01,RETAIL
VLX-2026-000476,2026-02-01,2026-02-06,Northeast,Fortaleza/CE,Recife/PE,STANDARD,DELIVERED_ON_TIME,6,5,0,806,DC-PE-01,RETAIL
VLX-2026-000477,2026-03-18,2026-03-22,South,Florianopolis/SC,Florianopolis/SC,STANDARD,DELIVERED_ON_TIME,5,4,0,1072,DC-PR-01,ENTERPRISE
VLX-2026-000478,2026-06-26,2026-07-01,Southeast,Rio de Janeiro/RJ,Sao Paulo/SP,STANDARD,DELIVERED_ON_TIME,5,5,0,193,DC-MG-01,SMB
VLX-2026-000479,2026-07-18,2026-07-24,Central-West,Rio de Janeiro/RJ,Goiania/GO,STANDARD,DELIVERED_ON_TIME,6,6,0,687,DC-GO-01,SMB
VLX-2026-000480,2026-04-06,2026-04-10,Southeast,Belo Horizonte/MG,Sao Paulo/SP,STANDARD,DELIVERED_ON_TIME,5,4,0,999,DC-SP-01,SMB
VLX-2026-000481,2026-07-03,2026-07-12,Southeast,Curitiba/PR,Sao Paulo/SP,STANDARD,DELIVERED_LATE,5,9,4,1061,DC-MG-01,RETAIL
VLX-2026-000482,2026-01-16,2026-01-21,North,Manaus/AM,Porto Velho/RO,EXPRESS,DELIVERED_ON_TIME,5,5,0,494,DC-AM-01,RETAIL
VLX-2026-000483,2026-06-17,2026-06-22,Northeast,Brasilia/DF,Fortaleza/CE,STANDARD,DELIVERED_ON_TIME,6,5,0,1316,DC-PE-01,RETAIL
VLX-2026-000484,2026-07-30,2026-08-08,Northeast,Salvador/BA,Salvador/BA,STANDARD,DELIVERED_LATE,6,9,3,1336,DC-CE-01,RETAIL
VLX-2026-000485,2026-07-29,2026-08-04,Central-West,Salvador/BA,Goiania/GO,STANDARD,DELIVERED_ON_TIME,6,6,0,830,DC-DF-01,RETAIL
VLX-2026-000486,2026-05-14,2026-05-20,Southeast,Sao Paulo/SP,Belo Horizonte/MG,STANDARD,DELIVERED_ON_TIME,6,6,0,975,DC-SP-01,RETAIL
VLX-2026-000487,2026-08-09,2026-08-13,South,Curitiba/PR,Florianopolis/SC,STANDARD,DELIVERED_ON_TIME,5,4,0,671,DC-PR-01,SMB
VLX-2026-000488,2026-07-12,2026-07-24,North,Belo Horizonte/MG,Porto Velho/RO,STANDARD,DELIVERY_EXCEPTION,8,12,4,792,DC-AM-01,RETAIL
VLX-2026-000489,2026-02-19,2026-02-23,Central-West,Belo Horizonte/MG,Cuiaba/MT,EXPRESS,DELIVERED_LATE,3,4,1,1364,DC-DF-01,RETAIL
VLX-2026-000490,2026-08-08,2026-08-12,Southeast,Goiania/GO,Rio de Janeiro/RJ,STANDARD,DELIVERED_ON_TIME,5,4,0,770,DC-RJ-01,SMB
VLX-2026-000491,2026-07-15,2026-07-18,Central-West,Recife/PE,Goiania/GO,EXPRESS,DELIVERED_ON_TIME,3,3,0,1080,DC-GO-01,RETAIL
VLX-2026-000492,2026-07-03,2026-07-05,Southeast,Belo Horizonte/MG,Sao Paulo/SP,EXPRESS,DELIVERED_ON_TIME,2,2,0,645,DC-SP-01,RETAIL
VLX-2026-000493,2026-01-11,2026-01-16,South,Rio de Janeiro/RJ,Florianopolis/SC,STANDARD,DELIVERED_ON_TIME,5,5,0,676,DC-PR-01,RETAIL
VLX-2026-000494,2026-06-03,2026-06-08,Southeast,Porto Alegre/RS,Rio de Janeiro/RJ,STANDARD,DELIVERED_ON_TIME,5,5,0,591,DC-RJ-01,RETAIL
VLX-2026-000495,2026-01-26,2026-01-31,Southeast,Sao Paulo/SP,Rio de Janeiro/RJ,STANDARD,DELIVERED_ON_TIME,5,5,0,795,DC-RJ-01,SMB
VLX-2026-000496,2026-06-19,2026-06-21,Southeast,Fortaleza/CE,Rio de Janeiro/RJ,EXPRESS,DELIVERED_ON_TIME,2,2,0,132,DC-RJ-01,RETAIL
VLX-2026-000497,2026-01-01,2026-01-06,Southeast,Porto Alegre/RS,Belo Horizonte/MG,STANDARD,DELIVERED_ON_TIME,5,5,0,128,DC-RJ-01,RETAIL
VLX-2026-000498,2026-07-28,2026-08-02,Southeast,Porto Velho/RO,Belo Horizonte/MG,STANDARD,DELIVERED_ON_TIME,6,5,0,282,DC-MG-01,RETAIL
VLX-2026-000499,2026-06-30,2026-07-05,Southeast,Belo Horizonte/MG,Rio de Janeiro/RJ,STANDARD,DELIVERED_ON_TIME,5,5,0,639,DC-MG-01,SMB
VLX-2026-000500,2026-05-29,2026-06-03,Southeast,Florianopolis/SC,Sao Paulo/SP,STANDARD,DELIVERED_ON_TIME,5,5,0,97,DC-RJ-01,ENTERPRISE
VLX-2026-000501,2026-05-17,2026-05-25,Northeast,Belo Horizonte/MG,Salvador/BA,STANDARD,DELIVERED_LATE,6,8,2,231,DC-BA-01,RETAIL
VLX-2026-000502,2026-08-11,2026-08-21,Central-West,Salvador/BA,Cuiaba/MT,STANDARD,DELIVERED_LATE,6,10,4,1658,DC-GO-01,SMB
VLX-2026-000503,2026-01-03,2026-01-08,South,Sao Paulo/SP,Porto Alegre/RS,STANDARD,DELIVERED_ON_TIME,5,5,0,629,DC-PR-01,RETAIL
VLX-2026-000504,2026-06-30,2026-07-06,Southeast,Porto Velho/RO,Belo Horizonte/MG,STANDARD,DELIVERED_LATE,5,6,1,218,DC-RJ-01,RETAIL
VLX-2026-000505,2026-03-20,2026-03-27,Southeast,Florianopolis/SC,Rio de Janeiro/RJ,EXPRESS,DELIVERED_LATE,3,7,4,998,DC-RJ-01,RETAIL
VLX-2026-000506,2026-07-04,2026-07-08,Southeast,Fortaleza/CE,Sao Paulo/SP,STANDARD,DELIVERED_ON_TIME,5,4,0,675,DC-SP-01,SMB
VLX-2026-000507,2026-04-25,2026-04-30,South,Fortaleza/CE,Porto Alegre/RS,STANDARD,DELIVERED_ON_TIME,5,5,0,977,DC-PR-01,RETAIL
VLX-2026-000508,2026-01-28,2026-02-04,North,Goiania/GO,Belem/PA,STANDARD,DELIVERED_ON_TIME,8,7,0,1130,DC-PA-01,RETAIL
VLX-2026-000509,2026-02-01,2026-02-07,Northeast,Fortaleza/CE,Fortaleza/CE,STANDARD,DELIVERED_ON_TIME,6,6,0,302,DC-PE-01,RETAIL
VLX-2026-000510,2026-05-11,2026-05-13,Southeast,Rio de Janeiro/RJ,Sao Paulo/SP,EXPRESS,DELIVERED_ON_TIME,2,2,0,700,DC-RJ-01,RETAIL
VLX-2026-000511,2026-01-01,2026-01-11,Central-West,Sao Paulo/SP,Brasilia/DF,STANDARD,DELIVERED_LATE,6,10,4,499,DC-DF-01,RETAIL
VLX-2026-000512,2026-05-03,2026-05-05,Southeast,Belo Horizonte/MG,Sao Paulo/SP,EXPRESS,DELIVERED_ON_TIME,2,2,0,359,DC-MG-01,RETAIL
VLX-2026-000513,2026-05-30,2026-06-03,Southeast,Belo Horizonte/MG,Rio de Janeiro/RJ,STANDARD,DELIVERED_ON_TIME,5,4,0,197,DC-RJ-01,RETAIL
VLX-2026-000514,2026-02-05,2026-02-12,South,Goiania/GO,Florianopolis/SC,STANDARD,DELIVERED_LATE,5,7,2,715,DC-RS-01,RETAIL
VLX-2026-000515,2026-05-26,2026-05-28,South,Belo Horizonte/MG,Curitiba/PR,EXPRESS,DELIVERED_ON_TIME,2,2,0,362,DC-RS-01,RETAIL
VLX-2026-000516,2026-03-28,2026-04-04,North,Florianopolis/SC,Belem/PA,EXPRESS,DELIVERED_LATE,4,7,3,1673,DC-AM-01,RETAIL
VLX-2026-000517,2026-01-29,2026-02-03,Northeast,Fortaleza/CE,Salvador/BA,STANDARD,DELIVERED_ON_TIME,6,5,0,1763,DC-CE-01,RETAIL
VLX-2026-000518,2026-07-28,2026-07-29,Southeast,Curitiba/PR,Sao Paulo/SP,EXPRESS,DELIVERED_ON_TIME,2,1,0,838,DC-MG-01,RETAIL
VLX-2026-000519,2026-02-25,2026-03-02,Southeast,Cuiaba/MT,Rio de Janeiro/RJ,STANDARD,DELIVERED_ON_TIME,6,5,0,663,DC-MG-01,RETAIL
VLX-2026-000520,2026-02-19,2026-02-26,Southeast,Manaus/AM,Rio de Janeiro/RJ,STANDARD,DELIVERED_LATE,5,7,2,101,DC-SP-01,RETAIL
VLX-2026-000521,2026-04-25,2026-05-08,Central-West,Recife/PE,Cuiaba/MT,EXPRESS,LOST,4,13,9,870,DC-GO-01,RETAIL
VLX-2026-000522,2026-03-21,2026-03-25,Southeast,Fortaleza/CE,Belo Horizonte/MG,STANDARD,DELIVERED_ON_TIME,5,4,0,143,DC-RJ-01,RETAIL
VLX-2026-000523,2026-05-02,2026-05-06,Southeast,Belo Horizonte/MG,Belo Horizonte/MG,STANDARD,DELIVERED_ON_TIME,5,4,0,729,DC-SP-01,RETAIL
VLX-2026-000524,2026-06-28,2026-07-09,Northeast,Belo Horizonte/MG,Recife/PE,STANDARD,DELIVERED_LATE,6,11,5,590,DC-BA-01,ENTERPRISE
VLX-2026-000525,2026-05-13,2026-05-19,Northeast,Brasilia/DF,Fortaleza/CE,STANDARD,DELIVERED_ON_TIME,6,6,0,818,DC-PE-01,SMB
VLX-2026-000526,2026-02-11,2026-02-18,Northeast,Sao Paulo/SP,Recife/PE,STANDARD,DELIVERED_ON_TIME,7,7,0,248,DC-PE-01,RETAIL
VLX-2026-000527,2026-08-10,2026-08-16,Northeast,Salvador/BA,Fortaleza/CE,STANDARD,DELIVERED_ON_TIME,6,6,0,638,DC-CE-01,RETAIL
VLX-2026-000528,2026-03-07,2026-03-15,Northeast,Recife/PE,Salvador/BA,STANDARD,DELIVERED_LATE,6,8,2,310,DC-PE-01,RETAIL
VLX-2026-000529,2026-02-12,2026-02-14,South,Recife/PE,Curitiba/PR,EXPRESS,DELIVERED_ON_TIME,2,2,0,575,DC-RS-01,SMB
VLX-2026-000530,2026-04-05,2026-04-07,South,Rio de Janeiro/RJ,Florianopolis/SC,EXPRESS,DELIVERED_ON_TIME,3,2,0,487,DC-RS-01,RETAIL
VLX-2026-000531,2026-01-13,2026-01-18,Northeast,Florianopolis/SC,Salvador/BA,STANDARD,DELIVERED_ON_TIME,6,5,0,1723,DC-CE-01,SMB
VLX-2026-000532,2026-02-13,2026-02-19,Northeast,Florianopolis/SC,Recife/PE,STANDARD,DELIVERED_ON_TIME,6,6,0,504,DC-CE-01,RETAIL
VLX-2026-000533,2026-01-25,2026-01-30,South,Rio de Janeiro/RJ,Porto Alegre/RS,STANDARD,DELIVERED_ON_TIME,5,5,0,349,DC-RS-01,RETAIL
VLX-2026-000534,2026-03-17,2026-03-20,Northeast,Belo Horizonte/MG,Fortaleza/CE,EXPRESS,DELIVERED_ON_TIME,3,3,0,1236,DC-CE-01,ENTERPRISE
VLX-2026-000535,2026-08-16,2026-08-22,North,Rio de Janeiro/RJ,Manaus/AM,STANDARD,DELIVERED_ON_TIME,7,6,0,2114,DC-AM-01,RETAIL
VLX-2026-000536,2026-06-02,2026-06-08,Central-West,Brasilia/DF,Cuiaba/MT,STANDARD,DELIVERED_ON_TIME,6,6,0,407,DC-DF-01,ENTERPRISE
VLX-2026-000537,2026-03-11,2026-03-19,Southeast,Belo Horizonte/MG,Rio de Janeiro/RJ,STANDARD,DELIVERED_LATE,5,8,3,634,DC-MG-01,SMB
VLX-2026-000538,2026-03-23,2026-03-25,Southeast,Porto Alegre/RS,Belo Horizonte/MG,EXPRESS,DELIVERED_ON_TIME,2,2,0,1011,DC-RJ-01,RETAIL
VLX-2026-000539,2026-06-26,2026-07-02,Central-West,Cuiaba/MT,Cuiaba/MT,STANDARD,DELIVERED_ON_TIME,6,6,0,283,DC-DF-01,RETAIL
VLX-2026-000540,2026-03-20,2026-03-23,Central-West,Belo Horizonte/MG,Cuiaba/MT,EXPRESS,DELIVERED_ON_TIME,3,3,0,578,DC-DF-01,RETAIL
VLX-2026-000541,2026-06-09,2026-06-20,Northeast,Rio de Janeiro/RJ,Recife/PE,STANDARD,DELIVERED_LATE,6,11,5,1397,DC-CE-01,SMB
VLX-2026-000542,2026-01-31,2026-02-10,Northeast,Rio de Janeiro/RJ,Fortaleza/CE,STANDARD,DELIVERED_LATE,6,10,4,1607,DC-CE-01,RETAIL
VLX-2026-000543,2026-07-08,2026-07-13,Southeast,Curitiba/PR,Rio de Janeiro/RJ,STANDARD,DELIVERED_ON_TIME,5,5,0,725,DC-RJ-01,RETAIL
VLX-2026-000544,2026-07-28,2026-08-02,South,Porto Alegre/RS,Florianopolis/SC,STANDARD,DELIVERED_ON_TIME,5,5,0,321,DC-PR-01,RETAIL
VLX-2026-000545,2026-05-01,2026-05-13,Northeast,Manaus/AM,Fortaleza/CE,STANDARD,DELIVERED_LATE,6,12,6,520,DC-PE-01,RETAIL
VLX-2026-000546,2026-03-13,2026-03-18,South,Sao Paulo/SP,Porto Alegre/RS,STANDARD,DELIVERED_ON_TIME,5,5,0,935,DC-PR-01,SMB
VLX-2026-000547,2026-02-28,2026-03-07,Northeast,Sao Paulo/SP,Fortaleza/CE,STANDARD,DELIVERED_ON_TIME,7,7,0,1117,DC-BA-01,RETAIL
VLX-2026-000548,2026-07-10,2026-07-17,Northeast,Goiania/GO,Salvador/BA,STANDARD,DELIVERED_LATE,6,7,1,462,DC-BA-01,SMB
VLX-2026-000549,2026-05-20,2026-05-24,Southeast,Florianopolis/SC,Sao Paulo/SP,STANDARD,DELIVERED_ON_TIME,5,4,0,701,DC-MG-01,RETAIL
VLX-2026-000550,2026-04-19,2026-04-26,North,Brasilia/DF,Belem/PA,STANDARD,DELIVERED_ON_TIME,7,7,0,739,DC-AM-01,RETAIL
VLX-2026-000551,2026-04-28,2026-05-02,Southeast,Porto Alegre/RS,Belo Horizonte/MG,STANDARD,DELIVERED_ON_TIME,5,4,0,560,DC-RJ-01,ENTERPRISE
VLX-2026-000552,2026-06-16,2026-06-24,Northeast,Florianopolis/SC,Fortaleza/CE,EXPRESS,DELIVERED_LATE,3,8,5,1684,DC-BA-01,RETAIL
VLX-2026-000553,2026-06-17,2026-06-21,Southeast,Porto Velho/RO,Belo Horizonte/MG,STANDARD,DELIVERED_ON_TIME,5,4,0,105,DC-SP-01,RETAIL
VLX-2026-000554,2026-03-24,2026-03-30,Southeast,Rio de Janeiro/RJ,Sao Paulo/SP,STANDARD,DELIVERED_LATE,5,6,1,1068,DC-SP-01,RETAIL
VLX-2026-000555,2026-06-25,2026-07-02,Northeast,Belo Horizonte/MG,Fortaleza/CE,EXPRESS,DELIVERED_LATE,3,7,4,584,DC-BA-01,RETAIL
VLX-2026-000556,2026-01-16,2026-01-21,Southeast,Goiania/GO,Belo Horizonte/MG,STANDARD,DELIVERED_ON_TIME,5,5,0,220,DC-SP-01,SMB
VLX-2026-000557,2026-05-20,2026-05-29,Northeast,Porto Alegre/RS,Fortaleza/CE,STANDARD,DELIVERED_LATE,7,9,2,384,DC-PE-01,ENTERPRISE
VLX-2026-000558,2026-04-01,2026-04-08,Southeast,Rio de Janeiro/RJ,Rio de Janeiro/RJ,STANDARD,DELIVERED_LATE,5,7,2,608,DC-MG-01,SMB
VLX-2026-000559,2026-01-03,2026-01-05,Northeast,Sao Paulo/SP,Fortaleza/CE,EXPRESS,DELIVERED_ON_TIME,3,2,0,1365,DC-BA-01,ENTERPRISE
VLX-2026-000560,2026-06-24,2026-07-02,Northeast,Porto Alegre/RS,Salvador/BA,STANDARD,DELIVERY_EXCEPTION,6,8,2,864,DC-CE-01,RETAIL
VLX-2026-000561,2026-02-04,2026-02-10,Northeast,Porto Alegre/RS,Fortaleza/CE,STANDARD,DELIVERED_ON_TIME,6,6,0,342,DC-BA-01,RETAIL
VLX-2026-000562,2026-01-10,2026-01-16,North,Florianopolis/SC,Manaus/AM,STANDARD,DELIVERED_ON_TIME,7,6,0,1430,DC-PA-01,ENTERPRISE
VLX-2026-000563,2026-07-12,2026-07-17,Southeast,Belo Horizonte/MG,Belo Horizonte/MG,STANDARD,DELIVERED_ON_TIME,5,5,0,713,DC-MG-01,RETAIL
VLX-2026-000564,2026-02-11,2026-02-14,Southeast,Florianopolis/SC,Rio de Janeiro/RJ,EXPRESS,DELIVERED_ON_TIME,3,3,0,235,DC-MG-01,RETAIL
VLX-2026-000565,2026-05-17,2026-05-28,Northeast,Manaus/AM,Recife/PE,STANDARD,DELIVERED_LATE,7,11,4,1161,DC-CE-01,RETAIL
VLX-2026-000566,2026-07-21,2026-07-23,Southeast,Recife/PE,Rio de Janeiro/RJ,EXPRESS,DELIVERED_ON_TIME,2,2,0,662,DC-SP-01,RETAIL
VLX-2026-000567,2026-01-25,2026-01-28,Southeast,Belo Horizonte/MG,Rio de Janeiro/RJ,EXPRESS,DELIVERED_ON_TIME,3,3,0,514,DC-RJ-01,RETAIL
VLX-2026-000568,2026-08-08,2026-08-13,Southeast,Florianopolis/SC,Rio de Janeiro/RJ,STANDARD,DELIVERED_ON_TIME,5,5,0,1100,DC-RJ-01,RETAIL
VLX-2026-000569,2026-03-22,2026-03-26,North,Cuiaba/MT,Belem/PA,EXPRESS,DELIVERED_ON_TIME,4,4,0,912,DC-PA-01,RETAIL
VLX-2026-000570,2026-03-13,2026-03-18,South,Porto Alegre/RS,Porto Alegre/RS,STANDARD,DELIVERED_ON_TIME,5,5,0,748,DC-RS-01,RETAIL
VLX-2026-000571,2026-07-18,2026-07-24,Southeast,Manaus/AM,Sao Paulo/SP,STANDARD,DELIVERED_ON_TIME,6,6,0,841,DC-MG-01,ENTERPRISE
VLX-2026-000572,2026-03-21,2026-03-26,South,Belo Horizonte/MG,Porto Alegre/RS,STANDARD,DELIVERED_ON_TIME,5,5,0,440,DC-RS-01,SMB
VLX-2026-000573,2026-06-18,2026-06-25,Northeast,Recife/PE,Fortaleza/CE,STANDARD,DELIVERED_ON_TIME,7,7,0,1805,DC-PE-01,RETAIL
VLX-2026-000574,2026-08-05,2026-08-11,Northeast,Florianopolis/SC,Fortaleza/CE,STANDARD,DELIVERED_ON_TIME,6,6,0,1499,DC-PE-01,SMB
VLX-2026-000575,2026-04-17,2026-04-23,Southeast,Sao Paulo/SP,Sao Paulo/SP,STANDARD,DELIVERED_ON_TIME,6,6,0,238,DC-RJ-01,RETAIL
VLX-2026-000576,2026-06-18,2026-06-21,Southeast,Rio de Janeiro/RJ,Sao Paulo/SP,EXPRESS,DELIVERED_ON_TIME,3,3,0,1005,DC-RJ-01,ENTERPRISE
VLX-2026-000577,2026-08-01,2026-08-03,South,Sao Paulo/SP,Curitiba/PR,EXPRESS,DELIVERED_ON_TIME,2,2,0,323,DC-RS-01,SMB
VLX-2026-000578,2026-03-18,2026-03-20,Southeast,Belo Horizonte/MG,Belo Horizonte/MG,EXPRESS,DELIVERED_ON_TIME,2,2,0,549,DC-RJ-01,RETAIL
VLX-2026-000579,2026-05-19,2026-05-22,Southeast,Belo Horizonte/MG,Sao Paulo/SP,EXPRESS,DELIVERED_LATE,2,3,1,159,DC-MG-01,RETAIL
VLX-2026-000580,2026-04-26,2026-04-29,Central-West,Curitiba/PR,Goiania/GO,EXPRESS,DELIVERED_ON_TIME,3,3,0,854,DC-DF-01,RETAIL
VLX-2026-000581,2026-06-02,2026-06-05,Northeast,Florianopolis/SC,Salvador/BA,EXPRESS,DELIVERED_ON_TIME,3,3,0,831,DC-BA-01,SMB
VLX-2026-000582,2026-03-18,2026-03-24,South,Belo Horizonte/MG,Florianopolis/SC,STANDARD,DELIVERED_ON_TIME,6,6,0,1029,DC-PR-01,RETAIL
VLX-2026-000583,2026-01-22,2026-01-27,Central-West,Fortaleza/CE,Cuiaba/MT,STANDARD,DELIVERED_ON_TIME,6,5,0,691,DC-DF-01,RETAIL
VLX-2026-000584,2026-02-02,2026-02-06,Southeast,Rio de Janeiro/RJ,Sao Paulo/SP,STANDARD,DELIVERED_ON_TIME,5,4,0,888,DC-RJ-01,ENTERPRISE
VLX-2026-000585,2026-05-13,2026-05-18,Southeast,Sao Paulo/SP,Rio de Janeiro/RJ,STANDARD,DELIVERED_ON_TIME,5,5,0,480,DC-SP-01,RETAIL
VLX-2026-000586,2026-06-14,2026-06-19,Northeast,Sao Paulo/SP,Recife/PE,EXPRESS,DELIVERED_LATE,3,5,2,1486,DC-CE-01,SMB
VLX-2026-000587,2026-03-21,2026-03-28,Northeast,Curitiba/PR,Fortaleza/CE,STANDARD,DELIVERED_ON_TIME,7,7,0,850,DC-BA-01,ENTERPRISE
VLX-2026-000588,2026-07-15,2026-07-19,Southeast,Florianopolis/SC,Rio de Janeiro/RJ,STANDARD,DELIVERED_ON_TIME,5,4,0,118,DC-RJ-01,RETAIL
VLX-2026-000589,2026-03-04,2026-03-09,Southeast,Belo Horizonte/MG,Sao Paulo/SP,STANDARD,DELIVERED_ON_TIME,5,5,0,501,DC-SP-01,RETAIL
VLX-2026-000590,2026-01-20,2026-01-22,Northeast,Recife/PE,Recife/PE,EXPRESS,DELIVERED_ON_TIME,3,2,0,591,DC-BA-01,SMB
VLX-2026-000591,2026-08-15,2026-08-17,South,Florianopolis/SC,Curitiba/PR,EXPRESS,DELIVERED_ON_TIME,2,2,0,952,DC-PR-01,RETAIL
VLX-2026-000592,2026-05-11,2026-05-14,Northeast,Rio de Janeiro/RJ,Recife/PE,EXPRESS,DELIVERED_ON_TIME,3,3,0,496,DC-PE-01,RETAIL
VLX-2026-000593,2026-02-22,2026-02-27,North,Rio de Janeiro/RJ,Manaus/AM,EXPRESS,DELIVERED_ON_TIME,5,5,0,1362,DC-AM-01,RETAIL
VLX-2026-000594,2026-07-30,2026-08-03,South,Belo Horizonte/MG,Florianopolis/SC,STANDARD,DELIVERED_ON_TIME,5,4,0,533,DC-RS-01,RETAIL
VLX-2026-000595,2026-07-11,2026-07-18,Northeast,Florianopolis/SC,Recife/PE,STANDARD,DELIVERED_ON_TIME,7,7,0,833,DC-PE-01,ENTERPRISE
VLX-2026-000596,2026-01-12,2026-01-18,South,Rio de Janeiro/RJ,Porto Alegre/RS,STANDARD,DELIVERED_ON_TIME,6,6,0,933,DC-RS-01,RETAIL
VLX-2026-000597,2026-04-24,2026-04-29,South,Manaus/AM,Florianopolis/SC,STANDARD,DELIVERED_ON_TIME,5,5,0,1241,DC-RS-01,RETAIL
VLX-2026-000598,2026-08-03,2026-08-05,Southeast,Belo Horizonte/MG,Sao Paulo/SP,EXPRESS,DELIVERED_ON_TIME,2,2,0,731,DC-RJ-01,RETAIL
VLX-2026-000599,2026-02-03,2026-02-09,South,Porto Alegre/RS,Florianopolis/SC,STANDARD,DELIVERED_ON_TIME,6,6,0,560,DC-RS-01,RETAIL
VLX-2026-000600,2026-01-07,2026-01-14,North,Goiania/GO,Belem/PA,STANDARD,DELIVERED_ON_TIME,7,7,0,929,DC-AM-01,RETAIL
VLX-2026-000601,2026-04-23,2026-04-29,Southeast,Sao Paulo/SP,Sao Paulo/SP,STANDARD,DELIVERED_ON_TIME,6,6,0,809,DC-MG-01,RETAIL
VLX-2026-000602,2026-02-15,2026-02-21,Northeast,Sao Paulo/SP,Fortaleza/CE,EXPRESS,DELIVERED_LATE,3,6,3,338,DC-BA-01,RETAIL
VLX-2026-000603,2026-01-17,2026-01-22,Southeast,Florianopolis/SC,Rio de Janeiro/RJ,STANDARD,DELIVERED_ON_TIME,6,5,0,356,DC-MG-01,ENTERPRISE
VLX-2026-000604,2026-07-15,2026-07-23,North,Sao Paulo/SP,Belem/PA,STANDARD,DELIVERED_LATE,7,8,1,2369,DC-AM-01,RETAIL
VLX-2026-000605,2026-02-24,2026-02-26,Northeast,Recife/PE,Salvador/BA,EXPRESS,DELIVERED_ON_TIME,3,2,0,1298,DC-PE-01,RETAIL
VLX-2026-000606,2026-01-19,2026-01-25,Central-West,Manaus/AM,Cuiaba/MT,STANDARD,DELIVERED_ON_TIME,6,6,0,774,DC-DF-01,SMB
VLX-2026-000607,2026-03-06,2026-03-10,South,Sao Paulo/SP,Florianopolis/SC,STANDARD,DELIVERED_ON_TIME,5,4,0,754,DC-PR-01,RETAIL
VLX-2026-000608,2026-01-07,2026-01-09,Southeast,Goiania/GO,Rio de Janeiro/RJ,EXPRESS,DELIVERED_ON_TIME,2,2,0,801,DC-RJ-01,RETAIL
VLX-2026-000609,2026-01-06,2026-01-16,Southeast,Rio de Janeiro/RJ,Belo Horizonte/MG,STANDARD,DELIVERY_EXCEPTION,5,10,5,828,DC-MG-01,RETAIL
VLX-2026-000610,2026-08-02,2026-08-08,North,Rio de Janeiro/RJ,Porto Velho/RO,STANDARD,DELIVERED_ON_TIME,7,6,0,557,DC-AM-01,RETAIL
VLX-2026-000611,2026-08-03,2026-08-08,Southeast,Belo Horizonte/MG,Sao Paulo/SP,STANDARD,DELIVERED_ON_TIME,5,5,0,743,DC-RJ-01,RETAIL
VLX-2026-000612,2026-02-11,2026-02-17,Central-West,Rio de Janeiro/RJ,Goiania/GO,STANDARD,DELIVERED_ON_TIME,7,6,0,1545,DC-GO-01,RETAIL
VLX-2026-000613,2026-07-04,2026-07-13,Central-West,Florianopolis/SC,Brasilia/DF,STANDARD,DELIVERED_LATE,6,9,3,281,DC-DF-01,RETAIL
VLX-2026-000614,2026-05-03,2026-05-09,Northeast,Salvador/BA,Salvador/BA,STANDARD,DELIVERED_ON_TIME,6,6,0,351,DC-CE-01,RETAIL
VLX-2026-000615,2026-01-01,2026-01-06,Southeast,Belo Horizonte/MG,Belo Horizonte/MG,STANDARD,DELIVERED_ON_TIME,5,5,0,375,DC-SP-01,RETAIL
VLX-2026-000616,2026-01-15,2026-01-20,Southeast,Sao Paulo/SP,Rio de Janeiro/RJ,STANDARD,DELIVERED_ON_TIME,6,5,0,886,DC-RJ-01,SMB
VLX-2026-000617,2026-06-28,2026-07-08,Northeast,Manaus/AM,Fortaleza/CE,STANDARD,DELIVERY_EXCEPTION,6,10,4,603,DC-BA-01,RETAIL
VLX-2026-000618,2026-01-08,2026-01-15,Northeast,Recife/PE,Fortaleza/CE,STANDARD,DELIVERED_ON_TIME,7,7,0,1253,DC-BA-01,ENTERPRISE
VLX-2026-000619,2026-01-09,2026-01-15,Southeast,Florianopolis/SC,Rio de Janeiro/RJ,STANDARD,DELIVERED_ON_TIME,6,6,0,888,DC-MG-01,RETAIL
VLX-2026-000620,2026-08-02,2026-08-07,Southeast,Florianopolis/SC,Sao Paulo/SP,STANDARD,DELIVERED_ON_TIME,5,5,0,254,DC-SP-01,RETAIL
VLX-2026-000621,2026-02-01,2026-02-06,South,Brasilia/DF,Florianopolis/SC,STANDARD,DELIVERED_ON_TIME,5,5,0,1067,DC-PR-01,RETAIL
VLX-2026-000622,2026-02-23,2026-02-27,North,Sao Paulo/SP,Porto Velho/RO,EXPRESS,DELIVERED_ON_TIME,4,4,0,1621,DC-PA-01,SMB
VLX-2026-000623,2026-06-22,2026-06-29,Northeast,Rio de Janeiro/RJ,Recife/PE,STANDARD,DELIVERED_ON_TIME,7,7,0,801,DC-CE-01,RETAIL
VLX-2026-000624,2026-04-12,2026-04-21,Southeast,Belo Horizonte/MG,Belo Horizonte/MG,STANDARD,DELIVERED_LATE,6,9,3,1046,DC-RJ-01,RETAIL
VLX-2026-000625,2026-03-23,2026-03-27,Northeast,Rio de Janeiro/RJ,Salvador/BA,EXPRESS,DELIVERED_ON_TIME,4,4,0,517,DC-PE-01,RETAIL
VLX-2026-000626,2026-04-20,2026-04-26,South,Florianopolis/SC,Curitiba/PR,STANDARD,DELIVERED_ON_TIME,6,6,0,1077,DC-RS-01,RETAIL
VLX-2026-000627,2026-02-11,2026-02-16,Central-West,Sao Paulo/SP,Cuiaba/MT,STANDARD,DELIVERED_ON_TIME,6,5,0,1129,DC-DF-01,SMB
VLX-2026-000628,2026-05-15,2026-05-25,Northeast,Fortaleza/CE,Fortaleza/CE,EXPRESS,DELIVERED_LATE,3,10,7,757,DC-PE-01,RETAIL
VLX-2026-000629,2026-05-06,2026-05-16,Northeast,Brasilia/DF,Recife/PE,STANDARD,DELIVERED_LATE,6,10,4,1777,DC-PE-01,RETAIL
VLX-2026-000630,2026-02-11,2026-02-16,South,Belo Horizonte/MG,Florianopolis/SC,STANDARD,DELIVERED_ON_TIME,5,5,0,924,DC-RS-01,RETAIL
VLX-2026-000631,2026-07-01,2026-07-06,Central-West,Fortaleza/CE,Brasilia/DF,STANDARD,DELIVERED_ON_TIME,6,5,0,806,DC-GO-01,SMB
VLX-2026-000632,2026-04-10,2026-04-17,North,Sao Paulo/SP,Belem/PA,STANDARD,DELIVERED_ON_TIME,7,7,0,330,DC-AM-01,SMB
VLX-2026-000633,2026-04-25,2026-05-01,North,Sao Paulo/SP,Manaus/AM,EXPRESS,DELIVERED_LATE,4,6,2,601,DC-PA-01,RETAIL
VLX-2026-000634,2026-06-04,2026-06-06,South,Rio de Janeiro/RJ,Florianopolis/SC,EXPRESS,DELIVERED_ON_TIME,2,2,0,899,DC-PR-01,RETAIL
VLX-2026-000635,2026-08-07,2026-08-10,Southeast,Recife/PE,Rio de Janeiro/RJ,EXPRESS,DELIVERED_ON_TIME,3,3,0,328,DC-MG-01,ENTERPRISE
VLX-2026-000636,2026-04-14,2026-04-18,Southeast,Sao Paulo/SP,Sao Paulo/SP,STANDARD,DELIVERED_ON_TIME,5,4,0,452,DC-MG-01,RETAIL
VLX-2026-000637,2026-08-17,2026-08-22,Southeast,Rio de Janeiro/RJ,Belo Horizonte/MG,STANDARD,DELIVERED_ON_TIME,5,5,0,397,DC-SP-01,SMB
VLX-2026-000638,2026-02-10,2026-02-17,Northeast,Porto Alegre/RS,Recife/PE,STANDARD,DELIVERED_LATE,6,7,1,1116,DC-CE-01,RETAIL
VLX-2026-000639,2026-02-04,2026-02-19,Southeast,Porto Alegre/RS,Belo Horizonte/MG,STANDARD,LOST,5,15,10,323,DC-MG-01,RETAIL
VLX-2026-000640,2026-01-09,2026-01-11,Northeast,Brasilia/DF,Recife/PE,EXPRESS,DELIVERED_ON_TIME,3,2,0,1026,DC-BA-01,RETAIL
VLX-2026-000641,2026-08-03,2026-08-09,North,Sao Paulo/SP,Porto Velho/RO,STANDARD,DELIVERED_ON_TIME,7,6,0,271,DC-AM-01,ENTERPRISE
VLX-2026-000642,2026-07-27,2026-07-29,Northeast,Curitiba/PR,Fortaleza/CE,EXPRESS,DELIVERED_ON_TIME,3,2,0,549,DC-BA-01,RETAIL
VLX-2026-000643,2026-03-30,2026-04-05,Northeast,Belo Horizonte/MG,Fortaleza/CE,STANDARD,DELIVERED_ON_TIME,6,6,0,1195,DC-BA-01,RETAIL
VLX-2026-000644,2026-07-06,2026-07-13,Northeast,Fortaleza/CE,Recife/PE,STANDARD,DELIVERED_ON_TIME,7,7,0,601,DC-BA-01,RETAIL
VLX-2026-000645,2026-05-20,2026-05-25,Southeast,Salvador/BA,Belo Horizonte/MG,STANDARD,DELIVERED_ON_TIME,5,5,0,437,DC-RJ-01,RETAIL
VLX-2026-000646,2026-06-07,2026-06-13,Central-West,Goiania/GO,Cuiaba/MT,STANDARD,DELIVERED_ON_TIME,6,6,0,845,DC-GO-01,RETAIL
VLX-2026-000647,2026-08-16,2026-08-22,Central-West,Rio de Janeiro/RJ,Brasilia/DF,STANDARD,DELIVERED_ON_TIME,6,6,0,1695,DC-GO-01,RETAIL
VLX-2026-000648,2026-03-03,2026-03-12,Northeast,Porto Velho/RO,Recife/PE,STANDARD,DELIVERY_EXCEPTION,6,9,3,1187,DC-CE-01,RETAIL
VLX-2026-000649,2026-01-21,2026-01-27,Northeast,Sao Paulo/SP,Fortaleza/CE,STANDARD,DELIVERED_ON_TIME,6,6,0,1078,DC-PE-01,RETAIL
VLX-2026-000650,2026-01-25,2026-01-27,Southeast,Belo Horizonte/MG,Belo Horizonte/MG,EXPRESS,DELIVERED_ON_TIME,2,2,0,517,DC-SP-01,RETAIL
VLX-2026-000651,2026-08-06,2026-08-09,Southeast,Rio de Janeiro/RJ,Belo Horizonte/MG,EXPRESS,DELIVERED_ON_TIME,3,3,0,618,DC-SP-01,SMB
VLX-2026-000652,2026-02-04,2026-02-07,Central-West,Sao Paulo/SP,Goiania/GO,EXPRESS,DELIVERED_ON_TIME,3,3,0,1410,DC-GO-01,RETAIL
VLX-2026-000653,2026-02-24,2026-03-03,North,Sao Paulo/SP,Manaus/AM,STANDARD,DELIVERED_ON_TIME,7,7,0,1112,DC-AM-01,RETAIL
VLX-2026-000654,2026-03-12,2026-03-17,South,Belo Horizonte/MG,Curitiba/PR,STANDARD,DELIVERED_ON_TIME,5,5,0,1198,DC-PR-01,SMB
VLX-2026-000655,2026-01-27,2026-02-02,Central-West,Porto Velho/RO,Cuiaba/MT,STANDARD,DELIVERED_ON_TIME,6,6,0,1360,DC-DF-01,RETAIL
VLX-2026-000656,2026-07-16,2026-07-22,South,Goiania/GO,Florianopolis/SC,STANDARD,DELIVERED_ON_TIME,6,6,0,308,DC-PR-01,SMB
VLX-2026-000657,2026-05-09,2026-05-20,Northeast,Rio de Janeiro/RJ,Recife/PE,STANDARD,DELIVERED_LATE,6,11,5,724,DC-CE-01,RETAIL
VLX-2026-000658,2026-05-04,2026-05-07,Central-West,Rio de Janeiro/RJ,Brasilia/DF,EXPRESS,DELIVERED_ON_TIME,3,3,0,515,DC-DF-01,SMB
VLX-2026-000659,2026-06-01,2026-06-08,Southeast,Rio de Janeiro/RJ,Belo Horizonte/MG,STANDARD,DELIVERED_LATE,5,7,2,112,DC-MG-01,RETAIL
VLX-2026-000660,2026-02-07,2026-02-11,Southeast,Goiania/GO,Rio de Janeiro/RJ,STANDARD,DELIVERED_ON_TIME,5,4,0,973,DC-RJ-01,RETAIL
VLX-2026-000661,2026-07-15,2026-07-21,Southeast,Manaus/AM,Belo Horizonte/MG,STANDARD,DELIVERED_ON_TIME,6,6,0,338,DC-MG-01,ENTERPRISE
VLX-2026-000662,2026-03-15,2026-03-21,Northeast,Curitiba/PR,Fortaleza/CE,STANDARD,DELIVERED_ON_TIME,6,6,0,1257,DC-PE-01,SMB
VLX-2026-000663,2026-02-27,2026-03-04,Southeast,Belo Horizonte/MG,Rio de Janeiro/RJ,STANDARD,DELIVERED_ON_TIME,5,5,0,659,DC-SP-01,RETAIL
VLX-2026-000664,2026-06-25,2026-06-27,Southeast,Florianopolis/SC,Sao Paulo/SP,EXPRESS,DELIVERED_ON_TIME,2,2,0,815,DC-MG-01,RETAIL
VLX-2026-000665,2026-01-09,2026-01-14,Southeast,Salvador/BA,Sao Paulo/SP,STANDARD,DELIVERED_ON_TIME,5,5,0,245,DC-MG-01,RETAIL
VLX-2026-000666,2026-08-04,2026-08-09,Southeast,Rio de Janeiro/RJ,Sao Paulo/SP,STANDARD,DELIVERED_ON_TIME,5,5,0,337,DC-SP-01,ENTERPRISE
VLX-2026-000667,2026-08-14,2026-08-23,South,Rio de Janeiro/RJ,Curitiba/PR,STANDARD,DELIVERED_LATE,5,9,4,933,DC-PR-01,RETAIL
VLX-2026-000668,2026-04-15,2026-04-20,Southeast,Cuiaba/MT,Rio de Janeiro/RJ,STANDARD,DELIVERED_ON_TIME,5,5,0,111,DC-SP-01,RETAIL
VLX-2026-000669,2026-06-20,2026-06-24,South,Cuiaba/MT,Curitiba/PR,STANDARD,DELIVERED_ON_TIME,5,4,0,484,DC-RS-01,SMB
VLX-2026-000670,2026-07-19,2026-07-25,South,Recife/PE,Porto Alegre/RS,STANDARD,DELIVERED_ON_TIME,6,6,0,1241,DC-PR-01,RETAIL
VLX-2026-000671,2026-07-29,2026-08-04,South,Sao Paulo/SP,Porto Alegre/RS,STANDARD,DELIVERED_ON_TIME,6,6,0,1251,DC-PR-01,SMB
VLX-2026-000672,2026-02-03,2026-02-07,Central-West,Sao Paulo/SP,Brasilia/DF,EXPRESS,DELIVERED_LATE,3,4,1,1611,DC-DF-01,RETAIL
VLX-2026-000673,2026-08-10,2026-08-15,South,Belo Horizonte/MG,Florianopolis/SC,STANDARD,DELIVERED_ON_TIME,5,5,0,901,DC-RS-01,RETAIL
VLX-2026-000674,2026-06-25,2026-06-28,Northeast,Porto Alegre/RS,Recife/PE,EXPRESS,DELIVERED_ON_TIME,3,3,0,1657,DC-CE-01,RETAIL
VLX-2026-000675,2026-05-14,2026-05-19,South,Sao Paulo/SP,Florianopolis/SC,STANDARD,DELIVERED_ON_TIME,5,5,0,1261,DC-PR-01,RETAIL
VLX-2026-000676,2026-06-20,2026-06-26,Central-West,Goiania/GO,Goiania/GO,STANDARD,DELIVERED_ON_TIME,7,6,0,1185,DC-GO-01,RETAIL
VLX-2026-000677,2026-05-15,2026-05-19,South,Rio de Janeiro/RJ,Florianopolis/SC,STANDARD,DELIVERED_ON_TIME,5,4,0,462,DC-RS-01,RETAIL
VLX-2026-000678,2026-08-12,2026-08-18,Southeast,Curitiba/PR,Rio de Janeiro/RJ,STANDARD,DELIVERED_ON_TIME,6,6,0,215,DC-RJ-01,RETAIL
VLX-2026-000679,2026-01-01,2026-01-06,Southeast,Belo Horizonte/MG,Sao Paulo/SP,STANDARD,DELIVERED_ON_TIME,5,5,0,266,DC-MG-01,RETAIL
VLX-2026-000680,2026-02-10,2026-02-15,Southeast,Rio de Janeiro/RJ,Sao Paulo/SP,STANDARD,DELIVERED_ON_TIME,5,5,0,363,DC-SP-01,RETAIL
VLX-2026-000681,2026-01-29,2026-02-04,Southeast,Sao Paulo/SP,Rio de Janeiro/RJ,STANDARD,DELIVERED_ON_TIME,6,6,0,759,DC-MG-01,SMB
VLX-2026-000682,2026-06-13,2026-06-18,South,Florianopolis/SC,Florianopolis/SC,STANDARD,DELIVERED_ON_TIME,5,5,0,873,DC-RS-01,RETAIL
VLX-2026-000683,2026-01-03,2026-01-11,Northeast,Rio de Janeiro/RJ,Recife/PE,STANDARD,DELIVERED_LATE,6,8,2,1863,DC-BA-01,ENTERPRISE
VLX-2026-000684,2026-04-12,2026-04-16,Southeast,Brasilia/DF,Rio de Janeiro/RJ,STANDARD,DELIVERED_ON_TIME,5,4,0,924,DC-MG-01,RETAIL
VLX-2026-000685,2026-01-07,2026-01-13,Northeast,Sao Paulo/SP,Recife/PE,STANDARD,DELIVERED_ON_TIME,6,6,0,796,DC-CE-01,RETAIL
VLX-2026-000686,2026-01-14,2026-01-19,Southeast,Salvador/BA,Rio de Janeiro/RJ,STANDARD,DELIVERED_ON_TIME,5,5,0,1094,DC-MG-01,RETAIL
VLX-2026-000687,2026-01-18,2026-01-23,South,Florianopolis/SC,Florianopolis/SC,STANDARD,DELIVERED_ON_TIME,5,5,0,958,DC-PR-01,RETAIL
VLX-2026-000688,2026-01-29,2026-02-02,North,Manaus/AM,Porto Velho/RO,EXPRESS,DELIVERED_ON_TIME,4,4,0,1077,DC-PA-01,ENTERPRISE
VLX-2026-000689,2026-06-06,2026-06-13,South,Belo Horizonte/MG,Curitiba/PR,STANDARD,DELIVERED_LATE,5,7,2,1000,DC-PR-01,RETAIL
VLX-2026-000690,2026-08-08,2026-08-13,Central-West,Belem/PA,Goiania/GO,STANDARD,DELIVERED_ON_TIME,6,5,0,974,DC-GO-01,RETAIL
VLX-2026-000691,2026-04-28,2026-05-02,North,Salvador/BA,Belem/PA,EXPRESS,DELIVERED_ON_TIME,4,4,0,1420,DC-AM-01,RETAIL
VLX-2026-000692,2026-02-27,2026-03-04,Central-West,Curitiba/PR,Cuiaba/MT,STANDARD,DELIVERED_ON_TIME,6,5,0,589,DC-GO-01,RETAIL
VLX-2026-000693,2026-08-06,2026-08-12,Central-West,Rio de Janeiro/RJ,Goiania/GO,STANDARD,DELIVERED_ON_TIME,6,6,0,352,DC-GO-01,RETAIL
VLX-2026-000694,2026-04-11,2026-04-13,South,Florianopolis/SC,Porto Alegre/RS,EXPRESS,DELIVERED_ON_TIME,2,2,0,940,DC-RS-01,RETAIL
VLX-2026-000695,2026-02-12,2026-02-19,Northeast,Florianopolis/SC,Salvador/BA,STANDARD,DELIVERED_ON_TIME,7,7,0,1301,DC-BA-01,RETAIL
VLX-2026-000696,2026-04-23,2026-05-05,Northeast,Salvador/BA,Salvador/BA,STANDARD,DELIVERED_LATE,6,12,6,1094,DC-CE-01,RETAIL
VLX-2026-000697,2026-05-15,2026-05-21,Southeast,Belo Horizonte/MG,Rio de Janeiro/RJ,STANDARD,DELIVERED_ON_TIME,6,6,0,628,DC-RJ-01,RETAIL
VLX-2026-000698,2026-03-05,2026-03-06,Southeast,Brasilia/DF,Sao Paulo/SP,EXPRESS,DELIVERED_ON_TIME,2,1,0,228,DC-RJ-01,RETAIL
VLX-2026-000699,2026-05-18,2026-05-23,Southeast,Porto Velho/RO,Sao Paulo/SP,STANDARD,DELIVERED_ON_TIME,5,5,0,255,DC-RJ-01,RETAIL
VLX-2026-000700,2026-01-29,2026-02-04,Northeast,Sao Paulo/SP,Fortaleza/CE,STANDARD,DELIVERED_ON_TIME,6,6,0,950,DC-BA-01,SMB
VLX-2026-000701,2026-02-17,2026-02-24,Northeast,Curitiba/PR,Salvador/BA,STANDARD,DELIVERED_ON_TIME,7,7,0,1683,DC-CE-01,RETAIL
VLX-2026-000702,2026-06-13,2026-06-20,North,Brasilia/DF,Manaus/AM,STANDARD,DELIVERED_ON_TIME,7,7,0,2086,DC-AM-01,ENTERPRISE
VLX-2026-000703,2026-01-25,2026-01-27,Southeast,Goiania/GO,Rio de Janeiro/RJ,EXPRESS,DELIVERED_ON_TIME,2,2,0,723,DC-SP-01,RETAIL
VLX-2026-000704,2026-07-30,2026-08-02,Northeast,Sao Paulo/SP,Salvador/BA,EXPRESS,DELIVERED_ON_TIME,4,3,0,300,DC-BA-01,SMB
VLX-2026-000705,2026-02-02,2026-02-06,Southeast,Belo Horizonte/MG,Belo Horizonte/MG,STANDARD,DELIVERED_ON_TIME,5,4,0,396,DC-MG-01,RETAIL
VLX-2026-000706,2026-04-29,2026-05-04,Southeast,Curitiba/PR,Belo Horizonte/MG,STANDARD,DELIVERED_ON_TIME,5,5,0,208,DC-SP-01,RETAIL
VLX-2026-000707,2026-06-14,2026-06-20,Southeast,Goiania/GO,Belo Horizonte/MG,STANDARD,DELIVERED_ON_TIME,6,6,0,813,DC-SP-01,RETAIL
VLX-2026-000708,2026-04-21,2026-04-26,South,Florianopolis/SC,Curitiba/PR,STANDARD,DELIVERED_ON_TIME,5,5,0,509,DC-RS-01,RETAIL
VLX-2026-000709,2026-04-18,2026-04-23,Southeast,Sao Paulo/SP,Rio de Janeiro/RJ,STANDARD,DELIVERED_ON_TIME,5,5,0,1023,DC-MG-01,RETAIL
VLX-2026-000710,2026-04-20,2026-04-25,South,Sao Paulo/SP,Curitiba/PR,STANDARD,DELIVERED_ON_TIME,5,5,0,1010,DC-PR-01,RETAIL
VLX-2026-000711,2026-08-04,2026-08-10,Southeast,Goiania/GO,Rio de Janeiro/RJ,STANDARD,DELIVERED_ON_TIME,6,6,0,430,DC-MG-01,RETAIL
VLX-2026-000712,2026-06-20,2026-06-25,Southeast,Brasilia/DF,Sao Paulo/SP,STANDARD,DELIVERED_ON_TIME,5,5,0,497,DC-SP-01,SMB
VLX-2026-000713,2026-03-18,2026-03-23,Southeast,Porto Alegre/RS,Sao Paulo/SP,EXPRESS,DELIVERED_LATE,2,5,3,724,DC-MG-01,RETAIL
VLX-2026-000714,2026-02-20,2026-02-27,Southeast,Belo Horizonte/MG,Sao Paulo/SP,STANDARD,DELIVERED_LATE,6,7,1,200,DC-MG-01,SMB
VLX-2026-000715,2026-07-15,2026-07-21,North,Porto Alegre/RS,Manaus/AM,STANDARD,DELIVERED_ON_TIME,7,6,0,552,DC-PA-01,RETAIL
VLX-2026-000716,2026-03-17,2026-03-22,Southeast,Belo Horizonte/MG,Sao Paulo/SP,STANDARD,DELIVERED_ON_TIME,5,5,0,359,DC-MG-01,SMB
VLX-2026-000717,2026-08-07,2026-08-13,Northeast,Salvador/BA,Recife/PE,STANDARD,DELIVERED_ON_TIME,7,6,0,1037,DC-PE-01,ENTERPRISE
VLX-2026-000718,2026-04-17,2026-04-29,Northeast,Belem/PA,Recife/PE,STANDARD,DELIVERED_LATE,6,12,6,459,DC-BA-01,ENTERPRISE
VLX-2026-000719,2026-02-27,2026-03-05,Central-West,Belo Horizonte/MG,Goiania/GO,STANDARD,DELIVERED_ON_TIME,6,6,0,187,DC-GO-01,RETAIL
VLX-2026-000720,2026-08-17,2026-08-23,Northeast,Sao Paulo/SP,Recife/PE,STANDARD,DELIVERED_ON_TIME,6,6,0,1289,DC-BA-01,RETAIL
VLX-2026-000721,2026-03-27,2026-04-01,Southeast,Sao Paulo/SP,Belo Horizonte/MG,STANDARD,DELIVERED_ON_TIME,5,5,0,472,DC-RJ-01,RETAIL
VLX-2026-000722,2026-08-09,2026-08-11,Southeast,Rio de Janeiro/RJ,Belo Horizonte/MG,EXPRESS,DELIVERED_ON_TIME,2,2,0,483,DC-SP-01,SMB
VLX-2026-000723,2026-02-07,2026-02-13,Central-West,Rio de Janeiro/RJ,Brasilia/DF,STANDARD,DELIVERED_ON_TIME,6,6,0,1446,DC-GO-01,RETAIL
VLX-2026-000724,2026-01-14,2026-01-19,Southeast,Cuiaba/MT,Rio de Janeiro/RJ,STANDARD,DELIVERED_ON_TIME,5,5,0,506,DC-RJ-01,ENTERPRISE
VLX-2026-000725,2026-03-05,2026-03-11,North,Brasilia/DF,Belem/PA,STANDARD,DELIVERED_ON_TIME,7,6,0,1395,DC-AM-01,RETAIL
VLX-2026-000726,2026-04-12,2026-04-18,Southeast,Sao Paulo/SP,Belo Horizonte/MG,STANDARD,DELIVERED_ON_TIME,6,6,0,735,DC-SP-01,SMB
VLX-2026-000727,2026-01-29,2026-02-03,Northeast,Florianopolis/SC,Salvador/BA,STANDARD,DELIVERED_ON_TIME,6,5,0,1391,DC-BA-01,SMB
VLX-2026-000728,2026-04-16,2026-04-22,Northeast,Salvador/BA,Salvador/BA,STANDARD,DELIVERED_ON_TIME,6,6,0,1228,DC-CE-01,SMB
VLX-2026-000729,2026-04-21,2026-04-26,Southeast,Brasilia/DF,Sao Paulo/SP,STANDARD,DELIVERED_ON_TIME,5,5,0,1028,DC-SP-01,RETAIL
VLX-2026-000730,2026-05-12,2026-05-18,South,Salvador/BA,Porto Alegre/RS,STANDARD,DELIVERED_ON_TIME,6,6,0,992,DC-RS-01,RETAIL
VLX-2026-000731,2026-03-07,2026-03-16,Central-West,Florianopolis/SC,Goiania/GO,STANDARD,DELIVERED_LATE,6,9,3,263,DC-DF-01,RETAIL
VLX-2026-000732,2026-08-17,2026-08-22,Southeast,Porto Alegre/RS,Belo Horizonte/MG,STANDARD,DELIVERED_ON_TIME,5,5,0,420,DC-RJ-01,RETAIL
VLX-2026-000733,2026-05-07,2026-05-12,South,Recife/PE,Florianopolis/SC,STANDARD,DELIVERED_ON_TIME,5,5,0,197,DC-PR-01,RETAIL
VLX-2026-000734,2026-03-10,2026-03-16,Southeast,Belo Horizonte/MG,Rio de Janeiro/RJ,STANDARD,DELIVERED_ON_TIME,6,6,0,1018,DC-RJ-01,RETAIL
VLX-2026-000735,2026-07-15,2026-07-20,Southeast,Goiania/GO,Rio de Janeiro/RJ,STANDARD,DELIVERED_ON_TIME,6,5,0,774,DC-RJ-01,RETAIL
VLX-2026-000736,2026-05-08,2026-05-10,Southeast,Belo Horizonte/MG,Sao Paulo/SP,EXPRESS,DELIVERED_ON_TIME,2,2,0,982,DC-SP-01,ENTERPRISE
VLX-2026-000737,2026-06-25,2026-06-30,Southeast,Brasilia/DF,Rio de Janeiro/RJ,STANDARD,DELIVERED_ON_TIME,5,5,0,449,DC-SP-01,SMB
VLX-2026-000738,2026-06-03,2026-06-06,Central-West,Belo Horizonte/MG,Cuiaba/MT,EXPRESS,DELIVERED_ON_TIME,3,3,0,1240,DC-DF-01,RETAIL
VLX-2026-000739,2026-07-02,2026-07-07,Southeast,Sao Paulo/SP,Belo Horizonte/MG,STANDARD,DELIVERED_ON_TIME,5,5,0,644,DC-MG-01,SMB
VLX-2026-000740,2026-04-05,2026-04-11,Northeast,Florianopolis/SC,Fortaleza/CE,STANDARD,DELIVERED_ON_TIME,6,6,0,978,DC-PE-01,SMB
VLX-2026-000741,2026-07-15,2026-07-25,Southeast,Belem/PA,Belo Horizonte/MG,STANDARD,DELIVERED_LATE,6,10,4,821,DC-MG-01,SMB
VLX-2026-000742,2026-07-12,2026-07-18,Southeast,Porto Alegre/RS,Rio de Janeiro/RJ,STANDARD,DELIVERED_ON_TIME,6,6,0,141,DC-MG-01,RETAIL
VLX-2026-000743,2026-05-27,2026-06-02,South,Belo Horizonte/MG,Porto Alegre/RS,STANDARD,DELIVERED_ON_TIME,6,6,0,1144,DC-PR-01,RETAIL
VLX-2026-000744,2026-06-15,2026-06-17,Southeast,Sao Paulo/SP,Sao Paulo/SP,EXPRESS,DELIVERED_ON_TIME,3,2,0,815,DC-MG-01,SMB
VLX-2026-000745,2026-04-09,2026-04-17,North,Rio de Janeiro/RJ,Belem/PA,STANDARD,DELIVERED_ON_TIME,8,8,0,494,DC-AM-01,RETAIL
VLX-2026-000746,2026-02-23,2026-03-01,Southeast,Sao Paulo/SP,Sao Paulo/SP,STANDARD,DELIVERED_ON_TIME,6,6,0,688,DC-MG-01,RETAIL
VLX-2026-000747,2026-04-10,2026-04-16,Southeast,Goiania/GO,Rio de Janeiro/RJ,STANDARD,DELIVERED_ON_TIME,6,6,0,645,DC-MG-01,RETAIL
VLX-2026-000748,2026-08-03,2026-08-12,Central-West,Rio de Janeiro/RJ,Goiania/GO,STANDARD,DELIVERED_LATE,6,9,3,1533,DC-GO-01,ENTERPRISE
VLX-2026-000749,2026-01-18,2026-01-22,Northeast,Rio de Janeiro/RJ,Salvador/BA,EXPRESS,DELIVERED_ON_TIME,4,4,0,1053,DC-BA-01,RETAIL
VLX-2026-000750,2026-03-03,2026-03-09,Southeast,Florianopolis/SC,Belo Horizonte/MG,STANDARD,DELIVERED_ON_TIME,6,6,0,667,DC-RJ-01,RETAIL
VLX-2026-000751,2026-01-19,2026-01-24,Southeast,Fortaleza/CE,Sao Paulo/SP,STANDARD,DELIVERED_ON_TIME,5,5,0,571,DC-MG-01,SMB
VLX-2026-000752,2026-06-26,2026-06-30,Northeast,Rio de Janeiro/RJ,Recife/PE,EXPRESS,DELIVERED_ON_TIME,4,4,0,1547,DC-BA-01,RETAIL
VLX-2026-000753,2026-06-02,2026-06-07,Southeast,Porto Velho/RO,Sao Paulo/SP,STANDARD,DELIVERED_ON_TIME,5,5,0,332,DC-RJ-01,RETAIL
VLX-2026-000754,2026-06-06,2026-06-12,South,Belo Horizonte/MG,Porto Alegre/RS,STANDARD,DELIVERED_ON_TIME,6,6,0,1211,DC-PR-01,RETAIL
VLX-2026-000755,2026-01-19,2026-01-27,Northeast,Sao Paulo/SP,Recife/PE,STANDARD,DELIVERED_LATE,6,8,2,317,DC-CE-01,SMB
VLX-2026-000756,2026-03-12,2026-03-17,Southeast,Rio de Janeiro/RJ,Rio de Janeiro/RJ,STANDARD,DELIVERED_ON_TIME,5,5,0,315,DC-RJ-01,RETAIL
VLX-2026-000757,2026-06-05,2026-06-10,North,Florianopolis/SC,Belem/PA,EXPRESS,DELIVERED_ON_TIME,5,5,0,2273,DC-PA-01,RETAIL
VLX-2026-000758,2026-01-26,2026-02-01,Northeast,Salvador/BA,Recife/PE,STANDARD,DELIVERED_ON_TIME,6,6,0,689,DC-BA-01,RETAIL
VLX-2026-000759,2026-03-25,2026-04-02,South,Recife/PE,Porto Alegre/RS,STANDARD,DELIVERED_LATE,5,8,3,909,DC-PR-01,RETAIL
VLX-2026-000760,2026-07-01,2026-07-05,Southeast,Porto Velho/RO,Rio de Janeiro/RJ,STANDARD,DELIVERED_ON_TIME,5,4,0,872,DC-RJ-01,RETAIL
VLX-2026-000761,2026-05-11,2026-05-16,South,Rio de Janeiro/RJ,Curitiba/PR,STANDARD,DELIVERED_ON_TIME,5,5,0,314,DC-RS-01,RETAIL
VLX-2026-000762,2026-05-15,2026-05-20,Northeast,Fortaleza/CE,Salvador/BA,STANDARD,DELIVERED_ON_TIME,6,5,0,1300,DC-CE-01,RETAIL
VLX-2026-000763,2026-05-26,2026-05-31,North,Porto Alegre/RS,Belem/PA,EXPRESS,DELIVERED_ON_TIME,5,5,0,1983,DC-PA-01,RETAIL
VLX-2026-000764,2026-08-12,2026-08-17,South,Salvador/BA,Curitiba/PR,STANDARD,DELIVERED_ON_TIME,5,5,0,131,DC-RS-01,RETAIL
VLX-2026-000765,2026-03-01,2026-03-07,Central-West,Sao Paulo/SP,Cuiaba/MT,STANDARD,DELIVERED_ON_TIME,6,6,0,614,DC-DF-01,RETAIL
VLX-2026-000766,2026-04-12,2026-04-17,South,Belo Horizonte/MG,Florianopolis/SC,STANDARD,DELIVERED_ON_TIME,5,5,0,661,DC-RS-01,RETAIL
VLX-2026-000767,2026-05-29,2026-06-03,Southeast,Recife/PE,Belo Horizonte/MG,STANDARD,DELIVERED_ON_TIME,5,5,0,1027,DC-SP-01,SMB
VLX-2026-000768,2026-06-20,2026-06-26,Northeast,Porto Alegre/RS,Fortaleza/CE,STANDARD,DELIVERED_ON_TIME,6,6,0,1360,DC-PE-01,SMB
VLX-2026-000769,2026-01-13,2026-01-18,South,Rio de Janeiro/RJ,Florianopolis/SC,STANDARD,DELIVERED_ON_TIME,5,5,0,468,DC-RS-01,ENTERPRISE
VLX-2026-000770,2026-05-14,2026-05-17,Northeast,Curitiba/PR,Recife/PE,EXPRESS,DELIVERED_ON_TIME,3,3,0,1816,DC-BA-01,ENTERPRISE
VLX-2026-000771,2026-05-25,2026-05-29,Southeast,Brasilia/DF,Rio de Janeiro/RJ,STANDARD,DELIVERED_ON_TIME,5,4,0,589,DC-RJ-01,ENTERPRISE
VLX-2026-000772,2026-08-05,2026-08-08,Northeast,Fortaleza/CE,Salvador/BA,EXPRESS,DELIVERED_ON_TIME,3,3,0,742,DC-BA-01,ENTERPRISE
VLX-2026-000773,2026-07-09,2026-07-16,Central-West,Salvador/BA,Cuiaba/MT,STANDARD,DELIVERED_LATE,6,7,1,323,DC-DF-01,RETAIL
VLX-2026-000774,2026-07-17,2026-07-23,South,Cuiaba/MT,Porto Alegre/RS,STANDARD,DELIVERED_ON_TIME,6,6,0,802,DC-PR-01,RETAIL
VLX-2026-000775,2026-04-30,2026-05-05,South,Florianopolis/SC,Florianopolis/SC,STANDARD,DELIVERED_ON_TIME,5,5,0,294,DC-PR-01,RETAIL
VLX-2026-000776,2026-06-06,2026-06-09,Central-West,Curitiba/PR,Brasilia/DF,EXPRESS,DELIVERED_ON_TIME,3,3,0,311,DC-DF-01,SMB
VLX-2026-000777,2026-03-18,2026-03-24,Central-West,Belo Horizonte/MG,Cuiaba/MT,STANDARD,DELIVERED_ON_TIME,6,6,0,1465,DC-GO-01,RETAIL
VLX-2026-000778,2026-07-29,2026-08-06,Northeast,Salvador/BA,Recife/PE,STANDARD,DELIVERED_LATE,6,8,2,1379,DC-PE-01,ENTERPRISE
VLX-2026-000779,2026-06-10,2026-06-15,Southeast,Recife/PE,Rio de Janeiro/RJ,STANDARD,DELIVERED_ON_TIME,5,5,0,413,DC-MG-01,RETAIL
VLX-2026-000780,2026-04-11,2026-04-13,Southeast,Florianopolis/SC,Rio de Janeiro/RJ,EXPRESS,DELIVERED_ON_TIME,2,2,0,1041,DC-MG-01,SMB
VLX-2026-000781,2026-08-03,2026-08-10,Central-West,Porto Alegre/RS,Cuiaba/MT,STANDARD,DELIVERED_ON_TIME,7,7,0,521,DC-DF-01,RETAIL
VLX-2026-000782,2026-05-02,2026-05-15,Northeast,Belo Horizonte/MG,Recife/PE,STANDARD,DELIVERED_LATE,6,13,7,590,DC-CE-01,RETAIL
VLX-2026-000783,2026-04-20,2026-04-21,Southeast,Sao Paulo/SP,Sao Paulo/SP,EXPRESS,DELIVERED_ON_TIME,2,1,0,637,DC-RJ-01,ENTERPRISE
VLX-2026-000784,2026-01-15,2026-01-20,Southeast,Fortaleza/CE,Rio de Janeiro/RJ,STANDARD,DELIVERED_ON_TIME,5,5,0,645,DC-RJ-01,SMB
VLX-2026-000785,2026-05-16,2026-05-22,Northeast,Belo Horizonte/MG,Salvador/BA,STANDARD,DELIVERED_ON_TIME,6,6,0,737,DC-CE-01,RETAIL
VLX-2026-000786,2026-02-12,2026-02-16,Central-West,Florianopolis/SC,Goiania/GO,EXPRESS,DELIVERED_ON_TIME,4,4,0,976,DC-GO-01,RETAIL
VLX-2026-000787,2026-03-22,2026-03-24,Southeast,Recife/PE,Rio de Janeiro/RJ,EXPRESS,DELIVERED_ON_TIME,2,2,0,715,DC-RJ-01,RETAIL
VLX-2026-000788,2026-03-22,2026-03-31,Southeast,Porto Alegre/RS,Sao Paulo/SP,STANDARD,DELIVERED_LATE,5,9,4,464,DC-RJ-01,SMB
VLX-2026-000789,2026-06-09,2026-06-13,South,Rio de Janeiro/RJ,Curitiba/PR,STANDARD,DELIVERED_ON_TIME,5,4,0,602,DC-PR-01,RETAIL
VLX-2026-000790,2026-06-30,2026-07-09,Northeast,Salvador/BA,Recife/PE,STANDARD,DELIVERED_LATE,6,9,3,1415,DC-PE-01,RETAIL
VLX-2026-000791,2026-03-17,2026-03-20,Central-West,Porto Alegre/RS,Brasilia/DF,EXPRESS,DELIVERED_ON_TIME,3,3,0,1226,DC-GO-01,RETAIL
VLX-2026-000792,2026-01-22,2026-01-29,Northeast,Belo Horizonte/MG,Fortaleza/CE,STANDARD,DELIVERED_ON_TIME,7,7,0,1245,DC-CE-01,RETAIL
VLX-2026-000793,2026-07-19,2026-07-24,Southeast,Rio de Janeiro/RJ,Belo Horizonte/MG,STANDARD,DELIVERED_ON_TIME,5,5,0,726,DC-SP-01,RETAIL
VLX-2026-000794,2026-01-23,2026-01-28,South,Fortaleza/CE,Florianopolis/SC,STANDARD,DELIVERED_ON_TIME,5,5,0,1252,DC-RS-01,ENTERPRISE
VLX-2026-000795,2026-07-28,2026-08-07,North,Sao Paulo/SP,Belem/PA,STANDARD,DELIVERED_LATE,7,10,3,2236,DC-AM-01,RETAIL
VLX-2026-000796,2026-03-20,2026-03-27,North,Porto Velho/RO,Porto Velho/RO,STANDARD,DELIVERED_ON_TIME,8,7,0,483,DC-PA-01,RETAIL
VLX-2026-000797,2026-01-21,2026-01-27,Central-West,Salvador/BA,Goiania/GO,STANDARD,DELIVERED_ON_TIME,7,6,0,336,DC-DF-01,ENTERPRISE
VLX-2026-000798,2026-07-02,2026-07-06,Southeast,Belo Horizonte/MG,Rio de Janeiro/RJ,STANDARD,DELIVERED_ON_TIME,5,4,0,816,DC-SP-01,SMB
VLX-2026-000799,2026-05-15,2026-05-20,Southeast,Belo Horizonte/MG,Rio de Janeiro/RJ,STANDARD,DELIVERED_ON_TIME,5,5,0,880,DC-MG-01,RETAIL
VLX-2026-000800,2026-07-18,2026-07-24,Northeast,Belo Horizonte/MG,Salvador/BA,STANDARD,DELIVERED_ON_TIME,6,6,0,905,DC-CE-01,SMB
VLX-2026-000801,2026-05-14,2026-05-15,South,Cuiaba/MT,Florianopolis/SC,EXPRESS,DELIVERED_ON_TIME,2,1,0,983,DC-PR-01,RETAIL
VLX-2026-000802,2026-06-15,2026-06-23,North,Salvador/BA,Porto Velho/RO,STANDARD,DELIVERED_ON_TIME,8,8,0,1171,DC-AM-01,RETAIL
VLX-2026-000803,2026-01-13,2026-01-18,Southeast,Rio de Janeiro/RJ,Belo Horizonte/MG,STANDARD,DELIVERED_ON_TIME,5,5,0,398,DC-MG-01,SMB
VLX-2026-000804,2026-01-26,2026-02-01,Southeast,Salvador/BA,Sao Paulo/SP,STANDARD,DELIVERED_ON_TIME,6,6,0,661,DC-RJ-01,ENTERPRISE
VLX-2026-000805,2026-03-19,2026-03-24,South,Porto Velho/RO,Florianopolis/SC,STANDARD,DELIVERED_ON_TIME,5,5,0,735,DC-RS-01,RETAIL
VLX-2026-000806,2026-01-03,2026-01-07,North,Sao Paulo/SP,Manaus/AM,EXPRESS,DELIVERED_ON_TIME,4,4,0,1639,DC-AM-01,RETAIL
VLX-2026-000807,2026-05-08,2026-05-13,South,Curitiba/PR,Florianopolis/SC,STANDARD,DELIVERED_ON_TIME,5,5,0,841,DC-PR-01,RETAIL
VLX-2026-000808,2026-04-22,2026-04-28,South,Salvador/BA,Curitiba/PR,STANDARD,DELIVERED_ON_TIME,6,6,0,157,DC-PR-01,RETAIL
VLX-2026-000809,2026-03-10,2026-03-16,Southeast,Manaus/AM,Rio de Janeiro/RJ,STANDARD,DELIVERED_ON_TIME,6,6,0,171,DC-RJ-01,RETAIL
VLX-2026-000810,2026-03-10,2026-03-16,Northeast,Fortaleza/CE,Salvador/BA,STANDARD,DELIVERED_ON_TIME,6,6,0,1154,DC-CE-01,RETAIL
VLX-2026-000811,2026-06-28,2026-07-04,Southeast,Goiania/GO,Sao Paulo/SP,STANDARD,DELIVERED_ON_TIME,6,6,0,537,DC-MG-01,RETAIL
VLX-2026-000812,2026-01-23,2026-01-30,North,Goiania/GO,Belem/PA,STANDARD,DELIVERED_ON_TIME,7,7,0,816,DC-PA-01,RETAIL
VLX-2026-000813,2026-05-20,2026-06-01,Northeast,Porto Alegre/RS,Recife/PE,STANDARD,DELIVERED_LATE,6,12,6,1868,DC-BA-01,RETAIL
VLX-2026-000814,2026-05-24,2026-05-28,South,Manaus/AM,Curitiba/PR,STANDARD,DELIVERED_ON_TIME,5,4,0,247,DC-PR-01,RETAIL
VLX-2026-000815,2026-04-20,2026-04-26,Southeast,Belo Horizonte/MG,Rio de Janeiro/RJ,STANDARD,DELIVERED_ON_TIME,6,6,0,630,DC-RJ-01,RETAIL
VLX-2026-000816,2026-06-13,2026-06-25,Northeast,Curitiba/PR,Fortaleza/CE,STANDARD,DELIVERED_LATE,7,12,5,1879,DC-CE-01,RETAIL
VLX-2026-000817,2026-08-04,2026-08-09,South,Sao Paulo/SP,Curitiba/PR,STANDARD,DELIVERED_ON_TIME,5,5,0,856,DC-RS-01,SMB
VLX-2026-000818,2026-08-11,2026-08-13,Northeast,Porto Alegre/RS,Salvador/BA,EXPRESS,DELIVERED_ON_TIME,3,2,0,1137,DC-CE-01,RETAIL
VLX-2026-000819,2026-02-25,2026-03-05,Northeast,Salvador/BA,Fortaleza/CE,STANDARD,DELIVERED_LATE,6,8,2,155,DC-CE-01,RETAIL
VLX-2026-000820,2026-04-03,2026-04-07,South,Rio de Janeiro/RJ,Florianopolis/SC,STANDARD,DELIVERED_ON_TIME,5,4,0,211,DC-RS-01,SMB
VLX-2026-000821,2026-01-14,2026-01-18,Northeast,Goiania/GO,Recife/PE,EXPRESS,DELIVERED_LATE,3,4,1,1271,DC-CE-01,SMB
VLX-2026-000822,2026-04-21,2026-04-26,Southeast,Porto Velho/RO,Sao Paulo/SP,STANDARD,DELIVERED_ON_TIME,5,5,0,112,DC-MG-01,SMB
VLX-2026-000823,2026-07-21,2026-07-26,Southeast,Recife/PE,Belo Horizonte/MG,STANDARD,DELIVERED_ON_TIME,6,5,0,688,DC-RJ-01,ENTERPRISE
VLX-2026-000824,2026-01-27,2026-01-31,Northeast,Rio de Janeiro/RJ,Fortaleza/CE,EXPRESS,DELIVERED_ON_TIME,4,4,0,1752,DC-PE-01,RETAIL
VLX-2026-000825,2026-01-16,2026-01-21,South,Salvador/BA,Florianopolis/SC,STANDARD,DELIVERED_ON_TIME,6,5,0,498,DC-RS-01,RETAIL
VLX-2026-000826,2026-02-09,2026-02-15,Southeast,Rio de Janeiro/RJ,Sao Paulo/SP,STANDARD,DELIVERED_ON_TIME,6,6,0,536,DC-SP-01,RETAIL
VLX-2026-000827,2026-02-12,2026-02-16,Southeast,Porto Alegre/RS,Sao Paulo/SP,STANDARD,DELIVERED_ON_TIME,5,4,0,945,DC-SP-01,RETAIL
VLX-2026-000828,2026-05-09,2026-05-16,North,Rio de Janeiro/RJ,Porto Velho/RO,STANDARD,DELIVERED_ON_TIME,7,7,0,1270,DC-PA-01,RETAIL
VLX-2026-000829,2026-05-02,2026-05-08,Southeast,Fortaleza/CE,Sao Paulo/SP,STANDARD,DELIVERED_ON_TIME,6,6,0,415,DC-MG-01,RETAIL
VLX-2026-000830,2026-05-16,2026-05-22,Northeast,Recife/PE,Salvador/BA,STANDARD,DELIVERED_ON_TIME,6,6,0,1287,DC-CE-01,SMB
VLX-2026-000831,2026-02-21,2026-02-26,South,Curitiba/PR,Florianopolis/SC,STANDARD,DELIVERED_ON_TIME,5,5,0,986,DC-PR-01,RETAIL
VLX-2026-000832,2026-08-04,2026-08-08,North,Porto Alegre/RS,Belem/PA,EXPRESS,DELIVERED_ON_TIME,4,4,0,2000,DC-AM-01,RETAIL
VLX-2026-000833,2026-05-25,2026-05-30,Southeast,Curitiba/PR,Sao Paulo/SP,STANDARD,DELIVERED_ON_TIME,5,5,0,1043,DC-SP-01,RETAIL
VLX-2026-000834,2026-05-18,2026-05-21,Northeast,Salvador/BA,Salvador/BA,EXPRESS,DELIVERED_ON_TIME,3,3,0,599,DC-CE-01,SMB
VLX-2026-000835,2026-04-29,2026-05-02,Southeast,Belo Horizonte/MG,Sao Paulo/SP,EXPRESS,DELIVERED_ON_TIME,3,3,0,305,DC-SP-01,RETAIL
VLX-2026-000836,2026-07-18,2026-07-23,Northeast,Porto Velho/RO,Salvador/BA,STANDARD,DELIVERED_ON_TIME,6,5,0,655,DC-CE-01,SMB
VLX-2026-000837,2026-02-09,2026-02-13,Southeast,Rio de Janeiro/RJ,Sao Paulo/SP,STANDARD,DELIVERED_ON_TIME,5,4,0,964,DC-SP-01,RETAIL
VLX-2026-000838,2026-01-20,2026-01-25,South,Curitiba/PR,Curitiba/PR,STANDARD,DELIVERED_ON_TIME,5,5,0,669,DC-RS-01,ENTERPRISE
VLX-2026-000839,2026-08-07,2026-08-13,Northeast,Belo Horizonte/MG,Salvador/BA,STANDARD,DELIVERED_ON_TIME,6,6,0,632,DC-BA-01,RETAIL
VLX-2026-000840,2026-07-15,2026-07-21,Central-West,Rio de Janeiro/RJ,Cuiaba/MT,STANDARD,DELIVERED_ON_TIME,6,6,0,1296,DC-DF-01,RETAIL
VLX-2026-000841,2026-06-07,2026-06-17,Central-West,Belo Horizonte/MG,Brasilia/DF,STANDARD,DELIVERED_LATE,6,10,4,304,DC-DF-01,RETAIL
VLX-2026-000842,2026-03-24,2026-03-31,Northeast,Rio de Janeiro/RJ,Recife/PE,STANDARD,DELIVERED_ON_TIME,7,7,0,1518,DC-CE-01,RETAIL
VLX-2026-000843,2026-05-16,2026-05-27,Northeast,Sao Paulo/SP,Salvador/BA,STANDARD,DELIVERED_LATE,7,11,4,1152,DC-CE-01,RETAIL
VLX-2026-000844,2026-07-17,2026-07-18,Southeast,Belo Horizonte/MG,Sao Paulo/SP,EXPRESS,DELIVERED_ON_TIME,2,1,0,767,DC-MG-01,SMB
VLX-2026-000845,2026-02-28,2026-03-05,Southeast,Belo Horizonte/MG,Belo Horizonte/MG,STANDARD,DELIVERED_ON_TIME,5,5,0,564,DC-SP-01,RETAIL
VLX-2026-000846,2026-08-12,2026-08-15,Central-West,Florianopolis/SC,Brasilia/DF,EXPRESS,DELIVERED_ON_TIME,4,3,0,1314,DC-DF-01,SMB
VLX-2026-000847,2026-01-11,2026-01-18,North,Rio de Janeiro/RJ,Manaus/AM,STANDARD,DELIVERED_ON_TIME,7,7,0,1157,DC-PA-01,RETAIL
VLX-2026-000848,2026-05-28,2026-06-07,Northeast,Belo Horizonte/MG,Salvador/BA,EXPRESS,DELIVERED_LATE,3,10,7,1683,DC-PE-01,SMB
VLX-2026-000849,2026-03-21,2026-03-25,Northeast,Sao Paulo/SP,Recife/PE,EXPRESS,DELIVERED_ON_TIME,4,4,0,936,DC-PE-01,SMB
VLX-2026-000850,2026-01-05,2026-01-10,Southeast,Goiania/GO,Sao Paulo/SP,STANDARD,DELIVERED_ON_TIME,5,5,0,666,DC-RJ-01,RETAIL
VLX-2026-000851,2026-02-13,2026-02-18,Central-West,Manaus/AM,Goiania/GO,EXPRESS,DELIVERED_LATE,3,5,2,422,DC-GO-01,RETAIL
VLX-2026-000852,2026-05-06,2026-05-18,Southeast,Fortaleza/CE,Sao Paulo/SP,EXPRESS,LOST,2,12,10,221,DC-RJ-01,RETAIL
VLX-2026-000853,2026-04-25,2026-05-01,Southeast,Florianopolis/SC,Belo Horizonte/MG,STANDARD,DELIVERED_ON_TIME,6,6,0,163,DC-SP-01,RETAIL
VLX-2026-000854,2026-07-25,2026-07-28,Central-West,Salvador/BA,Goiania/GO,EXPRESS,DELIVERED_ON_TIME,3,3,0,476,DC-DF-01,SMB
VLX-2026-000855,2026-03-27,2026-04-01,Southeast,Belo Horizonte/MG,Rio de Janeiro/RJ,STANDARD,DELIVERED_ON_TIME,6,5,0,262,DC-RJ-01,RETAIL
VLX-2026-000856,2026-01-10,2026-01-17,North,Belo Horizonte/MG,Manaus/AM,STANDARD,DELIVERED_ON_TIME,7,7,0,669,DC-AM-01,RETAIL
VLX-2026-000857,2026-03-21,2026-03-27,Southeast,Brasilia/DF,Belo Horizonte/MG,STANDARD,DELIVERED_ON_TIME,6,6,0,396,DC-SP-01,RETAIL
VLX-2026-000858,2026-02-15,2026-02-20,South,Belo Horizonte/MG,Florianopolis/SC,STANDARD,DELIVERED_ON_TIME,5,5,0,111,DC-RS-01,ENTERPRISE
VLX-2026-000859,2026-03-13,2026-03-20,Northeast,Cuiaba/MT,Salvador/BA,STANDARD,DELIVERED_ON_TIME,7,7,0,1725,DC-PE-01,RETAIL
VLX-2026-000860,2026-03-11,2026-03-16,Southeast,Belo Horizonte/MG,Sao Paulo/SP,STANDARD,DELIVERED_ON_TIME,5,5,0,999,DC-RJ-01,RETAIL
VLX-2026-000861,2026-01-15,2026-01-20,South,Recife/PE,Florianopolis/SC,STANDARD,DELIVERED_ON_TIME,5,5,0,348,DC-PR-01,RETAIL
VLX-2026-000862,2026-04-23,2026-04-30,Northeast,Belo Horizonte/MG,Fortaleza/CE,STANDARD,DELIVERED_ON_TIME,7,7,0,643,DC-CE-01,RETAIL
VLX-2026-000863,2026-05-12,2026-05-19,North,Sao Paulo/SP,Porto Velho/RO,STANDARD,DELIVERED_ON_TIME,7,7,0,1334,DC-AM-01,RETAIL
VLX-2026-000864,2026-07-17,2026-07-20,Southeast,Salvador/BA,Sao Paulo/SP,EXPRESS,DELIVERED_ON_TIME,3,3,0,301,DC-MG-01,RETAIL
VLX-2026-000865,2026-03-24,2026-04-02,Northeast,Rio de Janeiro/RJ,Recife/PE,STANDARD,DELIVERED_LATE,6,9,3,1767,DC-CE-01,RETAIL
VLX-2026-000866,2026-02-16,2026-02-21,Southeast,Recife/PE,Sao Paulo/SP,STANDARD,DELIVERED_ON_TIME,5,5,0,95,DC-RJ-01,ENTERPRISE
VLX-2026-000867,2026-07-31,2026-08-07,Northeast,Sao Paulo/SP,Fortaleza/CE,STANDARD,DELIVERED_LATE,6,7,1,1040,DC-CE-01,ENTERPRISE
VLX-2026-000868,2026-02-28,2026-03-03,Northeast,Goiania/GO,Recife/PE,EXPRESS,DELIVERED_ON_TIME,3,3,0,741,DC-PE-01,RETAIL
VLX-2026-000869,2026-08-10,2026-08-15,Southeast,Belo Horizonte/MG,Rio de Janeiro/RJ,STANDARD,DELIVERED_ON_TIME,5,5,0,648,DC-SP-01,RETAIL
VLX-2026-000870,2026-04-03,2026-04-05,Southeast,Sao Paulo/SP,Rio de Janeiro/RJ,EXPRESS,DELIVERED_ON_TIME,2,2,0,988,DC-RJ-01,ENTERPRISE
VLX-2026-000871,2026-06-19,2026-06-29,South,Cuiaba/MT,Porto Alegre/RS,STANDARD,DELIVERED_LATE,6,10,4,1004,DC-RS-01,RETAIL
VLX-2026-000872,2026-05-31,2026-06-02,South,Belo Horizonte/MG,Porto Alegre/RS,EXPRESS,DELIVERED_ON_TIME,2,2,0,1133,DC-PR-01,SMB
VLX-2026-000873,2026-02-27,2026-03-01,Southeast,Rio de Janeiro/RJ,Sao Paulo/SP,EXPRESS,DELIVERED_ON_TIME,2,2,0,499,DC-SP-01,ENTERPRISE
VLX-2026-000874,2026-03-13,2026-03-16,Southeast,Sao Paulo/SP,Sao Paulo/SP,EXPRESS,DELIVERED_ON_TIME,3,3,0,451,DC-MG-01,RETAIL
VLX-2026-000875,2026-02-18,2026-02-20,South,Porto Alegre/RS,Curitiba/PR,EXPRESS,DELIVERED_ON_TIME,2,2,0,1260,DC-RS-01,RETAIL
VLX-2026-000876,2026-04-11,2026-04-12,Southeast,Curitiba/PR,Rio de Janeiro/RJ,EXPRESS,DELIVERED_ON_TIME,2,1,0,1012,DC-RJ-01,SMB
VLX-2026-000877,2026-02-24,2026-02-27,South,Salvador/BA,Curitiba/PR,EXPRESS,DELIVERED_ON_TIME,3,3,0,430,DC-RS-01,RETAIL
VLX-2026-000878,2026-02-06,2026-02-10,Southeast,Manaus/AM,Rio de Janeiro/RJ,STANDARD,DELIVERED_ON_TIME,5,4,0,517,DC-RJ-01,RETAIL
VLX-2026-000879,2026-05-03,2026-05-11,North,Sao Paulo/SP,Belem/PA,STANDARD,DELIVERED_ON_TIME,8,8,0,2248,DC-AM-01,SMB
VLX-2026-000880,2026-06-03,2026-06-11,North,Rio de Janeiro/RJ,Belem/PA,STANDARD,DELIVERED_ON_TIME,8,8,0,2261,DC-AM-01,SMB
VLX-2026-000881,2026-06-23,2026-06-29,Central-West,Sao Paulo/SP,Brasilia/DF,STANDARD,DELIVERED_ON_TIME,6,6,0,619,DC-DF-01,RETAIL
VLX-2026-000882,2026-04-25,2026-05-06,Northeast,Porto Velho/RO,Recife/PE,STANDARD,DELIVERED_LATE,6,11,5,551,DC-BA-01,RETAIL
VLX-2026-000883,2026-02-13,2026-02-20,North,Cuiaba/MT,Porto Velho/RO,STANDARD,DELIVERED_ON_TIME,7,7,0,1590,DC-AM-01,ENTERPRISE
VLX-2026-000884,2026-06-11,2026-06-16,Southeast,Goiania/GO,Belo Horizonte/MG,STANDARD,DELIVERED_ON_TIME,5,5,0,173,DC-SP-01,SMB
VLX-2026-000885,2026-03-29,2026-04-02,Northeast,Salvador/BA,Salvador/BA,EXPRESS,DELIVERED_ON_TIME,4,4,0,375,DC-CE-01,RETAIL
VLX-2026-000886,2026-06-06,2026-06-12,Southeast,Florianopolis/SC,Sao Paulo/SP,STANDARD,DELIVERED_ON_TIME,6,6,0,749,DC-SP-01,RETAIL
VLX-2026-000887,2026-03-18,2026-03-24,Central-West,Rio de Janeiro/RJ,Goiania/GO,STANDARD,DELIVERED_ON_TIME,6,6,0,1090,DC-GO-01,SMB
VLX-2026-000888,2026-05-01,2026-05-06,Central-West,Sao Paulo/SP,Brasilia/DF,EXPRESS,DELIVERED_LATE,3,5,2,1112,DC-GO-01,RETAIL
VLX-2026-000889,2026-06-02,2026-06-07,Southeast,Sao Paulo/SP,Sao Paulo/SP,STANDARD,DELIVERED_ON_TIME,5,5,0,1005,DC-MG-01,RETAIL
VLX-2026-000890,2026-01-21,2026-01-26,South,Porto Alegre/RS,Florianopolis/SC,STANDARD,DELIVERED_ON_TIME,5,5,0,412,DC-PR-01,RETAIL
VLX-2026-000891,2026-01-03,2026-01-07,Southeast,Cuiaba/MT,Sao Paulo/SP,STANDARD,DELIVERED_ON_TIME,5,4,0,674,DC-MG-01,RETAIL
VLX-2026-000892,2026-08-08,2026-08-15,North,Goiania/GO,Porto Velho/RO,STANDARD,DELIVERED_ON_TIME,7,7,0,1393,DC-AM-01,RETAIL
VLX-2026-000893,2026-08-06,2026-08-09,Central-West,Rio de Janeiro/RJ,Cuiaba/MT,EXPRESS,DELIVERED_ON_TIME,3,3,0,782,DC-GO-01,RETAIL
VLX-2026-000894,2026-03-23,2026-03-29,Southeast,Sao Paulo/SP,Belo Horizonte/MG,STANDARD,DELIVERED_ON_TIME,6,6,0,1024,DC-MG-01,RETAIL
VLX-2026-000895,2026-01-21,2026-01-29,North,Florianopolis/SC,Belem/PA,STANDARD,DELIVERED_ON_TIME,8,8,0,1237,DC-AM-01,RETAIL
VLX-2026-000896,2026-08-11,2026-08-12,South,Sao Paulo/SP,Curitiba/PR,EXPRESS,DELIVERED_ON_TIME,2,1,0,437,DC-PR-01,ENTERPRISE
VLX-2026-000897,2026-01-08,2026-01-11,Northeast,Porto Alegre/RS,Recife/PE,EXPRESS,DELIVERED_ON_TIME,4,3,0,1263,DC-BA-01,RETAIL
VLX-2026-000898,2026-02-21,2026-02-24,Central-West,Recife/PE,Cuiaba/MT,EXPRESS,DELIVERED_ON_TIME,3,3,0,1589,DC-DF-01,RETAIL
VLX-2026-000899,2026-08-13,2026-08-16,Southeast,Recife/PE,Belo Horizonte/MG,EXPRESS,DELIVERED_ON_TIME,3,3,0,299,DC-SP-01,RETAIL
VLX-2026-000900,2026-01-31,2026-02-05,Central-West,Curitiba/PR,Brasilia/DF,STANDARD,DELIVERED_ON_TIME,6,5,0,511,DC-DF-01,SMB
VLX-2026-000901,2026-07-16,2026-07-22,Northeast,Rio de Janeiro/RJ,Salvador/BA,STANDARD,DELIVERED_ON_TIME,6,6,0,830,DC-CE-01,RETAIL
VLX-2026-000902,2026-07-23,2026-07-28,Southeast,Rio de Janeiro/RJ,Rio de Janeiro/RJ,STANDARD,DELIVERED_ON_TIME,5,5,0,400,DC-RJ-01,RETAIL
VLX-2026-000903,2026-05-28,2026-06-01,Southeast,Sao Paulo/SP,Rio de Janeiro/RJ,STANDARD,DELIVERED_ON_TIME,5,4,0,839,DC-RJ-01,RETAIL
VLX-2026-000904,2026-07-15,2026-07-16,Southeast,Rio de Janeiro/RJ,Sao Paulo/SP,EXPRESS,DELIVERED_ON_TIME,2,1,0,86,DC-RJ-01,RETAIL
VLX-2026-000905,2026-07-03,2026-07-08,Southeast,Recife/PE,Sao Paulo/SP,STANDARD,DELIVERED_ON_TIME,5,5,0,706,DC-MG-01,RETAIL
VLX-2026-000906,2026-05-10,2026-05-21,Northeast,Belo Horizonte/MG,Salvador/BA,STANDARD,DELIVERED_LATE,7,11,4,786,DC-PE-01,RETAIL
VLX-2026-000907,2026-03-01,2026-03-07,South,Fortaleza/CE,Porto Alegre/RS,STANDARD,DELIVERED_LATE,5,6,1,399,DC-RS-01,RETAIL
VLX-2026-000908,2026-02-14,2026-02-17,South,Sao Paulo/SP,Curitiba/PR,EXPRESS,DELIVERED_LATE,2,3,1,691,DC-PR-01,RETAIL
VLX-2026-000909,2026-05-25,2026-05-27,Southeast,Goiania/GO,Rio de Janeiro/RJ,EXPRESS,DELIVERED_ON_TIME,2,2,0,196,DC-SP-01,SMB
VLX-2026-000910,2026-04-24,2026-04-30,Northeast,Rio de Janeiro/RJ,Recife/PE,STANDARD,DELIVERED_ON_TIME,6,6,0,250,DC-BA-01,RETAIL
VLX-2026-000911,2026-05-01,2026-05-06,South,Belo Horizonte/MG,Curitiba/PR,STANDARD,DELIVERED_ON_TIME,5,5,0,1141,DC-RS-01,SMB
VLX-2026-000912,2026-08-01,2026-08-03,South,Manaus/AM,Porto Alegre/RS,EXPRESS,DELIVERED_ON_TIME,2,2,0,1172,DC-PR-01,RETAIL
VLX-2026-000913,2026-04-06,2026-04-16,Northeast,Recife/PE,Salvador/BA,STANDARD,DELIVERY_EXCEPTION,6,10,4,942,DC-PE-01,SMB
VLX-2026-000914,2026-05-07,2026-05-13,Northeast,Porto Alegre/RS,Fortaleza/CE,EXPRESS,DELIVERED_LATE,3,6,3,300,DC-PE-01,RETAIL
VLX-2026-000915,2026-08-14,2026-08-21,North,Sao Paulo/SP,Manaus/AM,STANDARD,DELIVERED_ON_TIME,7,7,0,1294,DC-AM-01,RETAIL
VLX-2026-000916,2026-07-13,2026-07-17,Southeast,Belo Horizonte/MG,Belo Horizonte/MG,STANDARD,DELIVERED_ON_TIME,5,4,0,412,DC-RJ-01,SMB
VLX-2026-000917,2026-05-14,2026-05-20,Northeast,Rio de Janeiro/RJ,Salvador/BA,STANDARD,DELIVERED_ON_TIME,6,6,0,1238,DC-CE-01,RETAIL
VLX-2026-000918,2026-08-01,2026-08-05,North,Rio de Janeiro/RJ,Porto Velho/RO,EXPRESS,DELIVERED_ON_TIME,4,4,0,650,DC-PA-01,RETAIL
VLX-2026-000919,2026-07-26,2026-08-01,Southeast,Salvador/BA,Rio de Janeiro/RJ,STANDARD,DELIVERED_ON_TIME,6,6,0,331,DC-SP-01,SMB
VLX-2026-000920,2026-04-17,2026-04-22,South,Sao Paulo/SP,Florianopolis/SC,STANDARD,DELIVERED_ON_TIME,5,5,0,1083,DC-PR-01,RETAIL
VLX-2026-000921,2026-05-03,2026-05-08,Southeast,Rio de Janeiro/RJ,Sao Paulo/SP,STANDARD,DELIVERED_ON_TIME,5,5,0,586,DC-RJ-01,ENTERPRISE
VLX-2026-000922,2026-04-11,2026-04-17,Northeast,Rio de Janeiro/RJ,Salvador/BA,STANDARD,DELIVERED_ON_TIME,6,6,0,1452,DC-CE-01,RETAIL
VLX-2026-000923,2026-08-08,2026-08-10,Northeast,Manaus/AM,Recife/PE,EXPRESS,DELIVERED_ON_TIME,3,2,0,1178,DC-CE-01,SMB
VLX-2026-000924,2026-07-25,2026-07-31,Southeast,Belo Horizonte/MG,Sao Paulo/SP,STANDARD,DELIVERED_ON_TIME,6,6,0,231,DC-SP-01,RETAIL
VLX-2026-000925,2026-01-26,2026-01-27,South,Recife/PE,Florianopolis/SC,EXPRESS,DELIVERED_ON_TIME,2,1,0,1064,DC-PR-01,RETAIL
VLX-2026-000926,2026-01-28,2026-02-02,Central-West,Porto Alegre/RS,Cuiaba/MT,EXPRESS,DELIVERED_LATE,3,5,2,704,DC-DF-01,RETAIL
VLX-2026-000927,2026-06-13,2026-06-18,South,Salvador/BA,Curitiba/PR,STANDARD,DELIVERED_ON_TIME,6,5,0,174,DC-PR-01,RETAIL
VLX-2026-000928,2026-08-13,2026-08-16,Southeast,Rio de Janeiro/RJ,Belo Horizonte/MG,EXPRESS,DELIVERED_ON_TIME,3,3,0,723,DC-MG-01,RETAIL
VLX-2026-000929,2026-07-27,2026-08-02,South,Sao Paulo/SP,Curitiba/PR,STANDARD,DELIVERED_LATE,5,6,1,562,DC-PR-01,RETAIL
VLX-2026-000930,2026-02-26,2026-03-02,Southeast,Curitiba/PR,Rio de Janeiro/RJ,STANDARD,DELIVERED_ON_TIME,5,4,0,643,DC-RJ-01,ENTERPRISE
VLX-2026-000931,2026-03-14,2026-03-20,Southeast,Sao Paulo/SP,Sao Paulo/SP,STANDARD,DELIVERED_ON_TIME,6,6,0,309,DC-SP-01,RETAIL
VLX-2026-000932,2026-03-28,2026-04-04,Northeast,Porto Alegre/RS,Salvador/BA,STANDARD,DELIVERED_ON_TIME,7,7,0,151,DC-CE-01,SMB
VLX-2026-000933,2026-06-11,2026-06-12,Southeast,Rio de Janeiro/RJ,Rio de Janeiro/RJ,EXPRESS,DELIVERED_ON_TIME,2,1,0,1006,DC-SP-01,RETAIL
VLX-2026-000934,2026-02-08,2026-02-13,Southeast,Sao Paulo/SP,Sao Paulo/SP,STANDARD,DELIVERED_ON_TIME,5,5,0,690,DC-SP-01,RETAIL
VLX-2026-000935,2026-01-06,2026-01-14,Southeast,Rio de Janeiro/RJ,Belo Horizonte/MG,STANDARD,DELIVERY_EXCEPTION,5,8,3,297,DC-SP-01,RETAIL
VLX-2026-000936,2026-04-12,2026-04-18,South,Belo Horizonte/MG,Florianopolis/SC,STANDARD,DELIVERED_ON_TIME,6,6,0,330,DC-RS-01,RETAIL
VLX-2026-000937,2026-06-29,2026-07-04,Southeast,Curitiba/PR,Sao Paulo/SP,STANDARD,DELIVERED_ON_TIME,5,5,0,1051,DC-SP-01,RETAIL
VLX-2026-000938,2026-01-07,2026-01-15,Southeast,Sao Paulo/SP,Belo Horizonte/MG,STANDARD,DELIVERED_LATE,6,8,2,562,DC-RJ-01,RETAIL
VLX-2026-000939,2026-05-22,2026-05-27,South,Sao Paulo/SP,Curitiba/PR,STANDARD,DELIVERED_ON_TIME,5,5,0,117,DC-PR-01,RETAIL
VLX-2026-000940,2026-01-18,2026-01-21,Northeast,Brasilia/DF,Salvador/BA,EXPRESS,DELIVERED_ON_TIME,3,3,0,166,DC-CE-01,RETAIL
VLX-2026-000941,2026-04-05,2026-04-17,Northeast,Florianopolis/SC,Fortaleza/CE,STANDARD,DELIVERED_LATE,7,12,5,1342,DC-CE-01,ENTERPRISE
VLX-2026-000942,2026-06-23,2026-07-01,North,Sao Paulo/SP,Belem/PA,STANDARD,DELIVERED_LATE,7,8,1,1257,DC-PA-01,RETAIL
VLX-2026-000943,2026-07-19,2026-07-21,South,Salvador/BA,Florianopolis/SC,EXPRESS,DELIVERED_ON_TIME,2,2,0,465,DC-PR-01,SMB
VLX-2026-000944,2026-06-06,2026-06-17,Northeast,Rio de Janeiro/RJ,Fortaleza/CE,STANDARD,DELIVERED_LATE,6,11,5,610,DC-CE-01,RETAIL
VLX-2026-000945,2026-03-28,2026-04-02,Central-West,Sao Paulo/SP,Cuiaba/MT,STANDARD,DELIVERED_ON_TIME,6,5,0,1550,DC-DF-01,RETAIL
VLX-2026-000946,2026-02-09,2026-02-15,South,Cuiaba/MT,Curitiba/PR,STANDARD,DELIVERED_ON_TIME,6,6,0,127,DC-RS-01,RETAIL
VLX-2026-000947,2026-03-30,2026-04-01,Southeast,Belo Horizonte/MG,Sao Paulo/SP,EXPRESS,DELIVERED_ON_TIME,2,2,0,521,DC-RJ-01,RETAIL
VLX-2026-000948,2026-02-17,2026-02-18,Southeast,Sao Paulo/SP,Sao Paulo/SP,EXPRESS,DELIVERED_ON_TIME,2,1,0,985,DC-RJ-01,RETAIL
VLX-2026-000949,2026-01-22,2026-01-30,Southeast,Belo Horizonte/MG,Belo Horizonte/MG,STANDARD,DELIVERED_LATE,5,8,3,516,DC-SP-01,SMB
VLX-2026-000950,2026-04-20,2026-04-26,South,Belo Horizonte/MG,Porto Alegre/RS,STANDARD,DELIVERED_ON_TIME,6,6,0,593,DC-RS-01,RETAIL
VLX-2026-000951,2026-01-12,2026-01-16,North,Belo Horizonte/MG,Manaus/AM,EXPRESS,DELIVERED_ON_TIME,4,4,0,263,DC-PA-01,RETAIL
VLX-2026-000952,2026-05-07,2026-05-13,Northeast,Cuiaba/MT,Salvador/BA,STANDARD,DELIVERED_ON_TIME,6,6,0,1243,DC-BA-01,RETAIL
VLX-2026-000953,2026-05-28,2026-06-03,Southeast,Rio de Janeiro/RJ,Sao Paulo/SP,STANDARD,DELIVERED_ON_TIME,6,6,0,761,DC-MG-01,ENTERPRISE
VLX-2026-000954,2026-04-12,2026-04-20,North,Curitiba/PR,Porto Velho/RO,STANDARD,DELIVERED_ON_TIME,8,8,0,380,DC-AM-01,RETAIL
VLX-2026-000955,2026-07-25,2026-08-01,Northeast,Sao Paulo/SP,Fortaleza/CE,STANDARD,DELIVERED_ON_TIME,7,7,0,388,DC-PE-01,SMB
VLX-2026-000956,2026-04-07,2026-04-13,Northeast,Cuiaba/MT,Recife/PE,STANDARD,DELIVERED_ON_TIME,6,6,0,995,DC-BA-01,SMB
VLX-2026-000957,2026-01-07,2026-01-12,Southeast,Porto Alegre/RS,Rio de Janeiro/RJ,STANDARD,DELIVERED_ON_TIME,5,5,0,687,DC-RJ-01,RETAIL
VLX-2026-000958,2026-02-25,2026-03-03,Northeast,Belo Horizonte/MG,Fortaleza/CE,STANDARD,DELIVERED_ON_TIME,6,6,0,1707,DC-CE-01,RETAIL
VLX-2026-000959,2026-06-21,2026-06-25,Central-West,Porto Alegre/RS,Cuiaba/MT,EXPRESS,DELIVERED_ON_TIME,4,4,0,572,DC-DF-01,RETAIL
VLX-2026-000960,2026-03-16,2026-03-21,Central-West,Belo Horizonte/MG,Cuiaba/MT,STANDARD,DELIVERED_ON_TIME,6,5,0,379,DC-DF-01,ENTERPRISE
VLX-2026-000961,2026-03-17,2026-03-22,South,Belo Horizonte/MG,Porto Alegre/RS,STANDARD,DELIVERED_ON_TIME,5,5,0,1188,DC-RS-01,SMB
VLX-2026-000962,2026-04-09,2026-04-19,Northeast,Belo Horizonte/MG,Recife/PE,STANDARD,DELIVERED_LATE,6,10,4,1535,DC-CE-01,RETAIL
VLX-2026-000963,2026-07-21,2026-07-26,Northeast,Sao Paulo/SP,Recife/PE,STANDARD,DELIVERED_ON_TIME,6,5,0,1298,DC-BA-01,SMB
VLX-2026-000964,2026-07-07,2026-07-18,North,Rio de Janeiro/RJ,Belem/PA,STANDARD,DELIVERED_LATE,7,11,4,770,DC-PA-01,RETAIL
VLX-2026-000965,2026-02-07,2026-02-13,South,Curitiba/PR,Florianopolis/SC,STANDARD,DELIVERED_ON_TIME,6,6,0,814,DC-RS-01,RETAIL
VLX-2026-000966,2026-03-16,2026-03-20,Southeast,Curitiba/PR,Belo Horizonte/MG,STANDARD,DELIVERED_ON_TIME,5,4,0,795,DC-RJ-01,RETAIL
VLX-2026-000967,2026-06-21,2026-06-28,North,Fortaleza/CE,Manaus/AM,STANDARD,DELIVERED_ON_TIME,7,7,0,378,DC-AM-01,SMB
VLX-2026-000968,2026-03-27,2026-04-05,Southeast,Rio de Janeiro/RJ,Rio de Janeiro/RJ,STANDARD,DELIVERED_LATE,6,9,3,209,DC-SP-01,RETAIL
VLX-2026-000969,2026-06-29,2026-07-01,Southeast,Belo Horizonte/MG,Belo Horizonte/MG,EXPRESS,DELIVERED_ON_TIME,2,2,0,817,DC-SP-01,RETAIL
VLX-2026-000970,2026-05-07,2026-05-11,Central-West,Porto Velho/RO,Cuiaba/MT,EXPRESS,DELIVERED_ON_TIME,4,4,0,268,DC-GO-01,SMB
VLX-2026-000971,2026-06-14,2026-06-21,Northeast,Florianopolis/SC,Recife/PE,EXPRESS,DELIVERED_LATE,3,7,4,1636,DC-CE-01,ENTERPRISE
VLX-2026-000972,2026-01-25,2026-01-27,Southeast,Rio de Janeiro/RJ,Sao Paulo/SP,EXPRESS,DELIVERED_ON_TIME,2,2,0,894,DC-MG-01,RETAIL
VLX-2026-000973,2026-03-08,2026-03-15,North,Goiania/GO,Porto Velho/RO,STANDARD,DELIVERED_ON_TIME,7,7,0,1631,DC-AM-01,RETAIL
VLX-2026-000974,2026-07-07,2026-07-08,Southeast,Porto Alegre/RS,Sao Paulo/SP,EXPRESS,DELIVERED_ON_TIME,2,1,0,943,DC-MG-01,RETAIL
VLX-2026-000975,2026-07-02,2026-07-11,Southeast,Porto Alegre/RS,Rio de Janeiro/RJ,STANDARD,DELIVERY_EXCEPTION,5,9,4,1078,DC-MG-01,RETAIL
VLX-2026-000976,2026-06-16,2026-07-05,Southeast,Rio de Janeiro/RJ,Belo Horizonte/MG,STANDARD,LOST,5,19,14,865,DC-MG-01,RETAIL
VLX-2026-000977,2026-06-18,2026-06-23,South,Rio de Janeiro/RJ,Florianopolis/SC,STANDARD,DELIVERED_ON_TIME,5,5,0,995,DC-RS-01,RETAIL
VLX-2026-000978,2026-02-07,2026-02-12,North,Fortaleza/CE,Manaus/AM,EXPRESS,DELIVERED_ON_TIME,5,5,0,1905,DC-PA-01,RETAIL
VLX-2026-000979,2026-01-11,2026-01-14,Southeast,Belo Horizonte/MG,Belo Horizonte/MG,EXPRESS,DELIVERED_ON_TIME,3,3,0,966,DC-SP-01,RETAIL
VLX-2026-000980,2026-08-12,2026-08-16,South,Rio de Janeiro/RJ,Florianopolis/SC,STANDARD,DELIVERED_ON_TIME,5,4,0,903,DC-RS-01,RETAIL
VLX-2026-000981,2026-03-15,2026-03-17,Northeast,Rio de Janeiro/RJ,Fortaleza/CE,EXPRESS,DELIVERED_ON_TIME,3,2,0,1591,DC-BA-01,ENTERPRISE
VLX-2026-000982,2026-06-24,2026-06-29,Southeast,Curitiba/PR,Belo Horizonte/MG,STANDARD,DELIVERED_ON_TIME,5,5,0,739,DC-SP-01,SMB
VLX-2026-000983,2026-07-23,2026-07-26,Central-West,Recife/PE,Brasilia/DF,EXPRESS,DELIVERED_ON_TIME,4,3,0,701,DC-GO-01,RETAIL
VLX-2026-000984,2026-04-15,2026-04-24,Southeast,Recife/PE,Sao Paulo/SP,STANDARD,DELIVERED_LATE,5,9,4,476,DC-RJ-01,RETAIL
VLX-2026-000985,2026-05-28,2026-06-03,Northeast,Sao Paulo/SP,Fortaleza/CE,STANDARD,DELIVERED_ON_TIME,6,6,0,1459,DC-CE-01,SMB
VLX-2026-000986,2026-07-05,2026-07-10,Central-West,Rio de Janeiro/RJ,Goiania/GO,STANDARD,DELIVERED_ON_TIME,6,5,0,981,DC-GO-01,RETAIL
VLX-2026-000987,2026-01-11,2026-01-17,Southeast,Sao Paulo/SP,Belo Horizonte/MG,STANDARD,DELIVERED_ON_TIME,6,6,0,541,DC-RJ-01,ENTERPRISE
VLX-2026-000988,2026-07-22,2026-07-28,Northeast,Porto Alegre/RS,Fortaleza/CE,STANDARD,DELIVERED_ON_TIME,6,6,0,1309,DC-CE-01,RETAIL
VLX-2026-000989,2026-04-29,2026-05-04,Southeast,Rio de Janeiro/RJ,Sao Paulo/SP,STANDARD,DELIVERED_ON_TIME,5,5,0,320,DC-RJ-01,RETAIL
VLX-2026-000990,2026-07-28,2026-07-31,Northeast,Salvador/BA,Fortaleza/CE,EXPRESS,DELIVERED_ON_TIME,3,3,0,350,DC-CE-01,RETAIL
VLX-2026-000991,2026-01-05,2026-01-16,North,Belem/PA,Belem/PA,STANDARD,DELIVERY_EXCEPTION,7,11,4,1194,DC-AM-01,RETAIL
VLX-2026-000992,2026-03-15,2026-03-21,Northeast,Salvador/BA,Salvador/BA,STANDARD,DELIVERED_ON_TIME,6,6,0,196,DC-CE-01,RETAIL
VLX-2026-000993,2026-03-20,2026-03-21,South,Salvador/BA,Porto Alegre/RS,EXPRESS,DELIVERED_ON_TIME,2,1,0,450,DC-RS-01,RETAIL
VLX-2026-000994,2026-05-08,2026-05-14,Northeast,Porto Alegre/RS,Salvador/BA,STANDARD,DELIVERED_ON_TIME,6,6,0,1507,DC-BA-01,RETAIL
VLX-2026-000995,2026-07-01,2026-07-03,Northeast,Belo Horizonte/MG,Salvador/BA,EXPRESS,DELIVERED_ON_TIME,3,2,0,1198,DC-BA-01,RETAIL
VLX-2026-000996,2026-07-03,2026-07-09,South,Fortaleza/CE,Florianopolis/SC,STANDARD,DELIVERED_ON_TIME,6,6,0,806,DC-PR-01,RETAIL
VLX-2026-000997,2026-04-27,2026-04-30,Southeast,Rio de Janeiro/RJ,Sao Paulo/SP,EXPRESS,DELIVERED_ON_TIME,3,3,0,1008,DC-RJ-01,RETAIL
VLX-2026-000998,2026-02-13,2026-02-20,North,Goiania/GO,Porto Velho/RO,STANDARD,DELIVERED_ON_TIME,8,7,0,2176,DC-PA-01,SMB
VLX-2026-000999,2026-04-18,2026-04-26,Central-West,Florianopolis/SC,Goiania/GO,STANDARD,DELIVERED_LATE,6,8,2,1142,DC-GO-01,RETAIL
VLX-2026-001000,2026-01-30,2026-02-11,Southeast,Florianopolis/SC,Sao Paulo/SP,EXPRESS,LOST,2,12,10,679,DC-MG-01,RETAIL
VLX-2026-001001,2026-03-29,2026-04-03,South,Porto Velho/RO,Curitiba/PR,STANDARD,DELIVERED_ON_TIME,5,5,0,646,DC-RS-01,ENTERPRISE
VLX-2026-001002,2026-01-25,2026-01-28,Northeast,Porto Alegre/RS,Fortaleza/CE,EXPRESS,DELIVERED_ON_TIME,3,3,0,337,DC-PE-01,RETAIL
VLX-2026-001003,2026-05-05,2026-05-13,Northeast,Florianopolis/SC,Recife/PE,EXPRESS,DELIVERED_LATE,3,8,5,1615,DC-CE-01,SMB
VLX-2026-001004,2026-02-23,2026-03-02,Northeast,Porto Alegre/RS,Salvador/BA,STANDARD,DELIVERED_ON_TIME,7,7,0,1637,DC-BA-01,RETAIL
VLX-2026-001005,2026-06-09,2026-06-17,South,Cuiaba/MT,Florianopolis/SC,STANDARD,DELIVERED_LATE,5,8,3,1008,DC-RS-01,RETAIL
VLX-2026-001006,2026-04-12,2026-04-21,Central-West,Belo Horizonte/MG,Brasilia/DF,EXPRESS,DELIVERY_EXCEPTION,4,9,5,1391,DC-GO-01,RETAIL
VLX-2026-001007,2026-07-04,2026-07-09,Northeast,Sao Paulo/SP,Recife/PE,STANDARD,DELIVERED_ON_TIME,6,5,0,932,DC-PE-01,RETAIL
VLX-2026-001008,2026-07-22,2026-07-26,Southeast,Sao Paulo/SP,Sao Paulo/SP,STANDARD,DELIVERED_ON_TIME,5,4,0,1032,DC-MG-01,RETAIL
VLX-2026-001009,2026-03-21,2026-03-29,Southeast,Cuiaba/MT,Rio de Janeiro/RJ,STANDARD,DELIVERED_LATE,5,8,3,452,DC-MG-01,RETAIL
VLX-2026-001010,2026-07-24,2026-07-29,Southeast,Curitiba/PR,Sao Paulo/SP,STANDARD,DELIVERED_ON_TIME,5,5,0,396,DC-SP-01,SMB
VLX-2026-001011,2026-07-20,2026-07-22,Southeast,Rio de Janeiro/RJ,Belo Horizonte/MG,EXPRESS,DELIVERED_ON_TIME,2,2,0,246,DC-SP-01,RETAIL
VLX-2026-001012,2026-01-04,2026-01-08,Central-West,Salvador/BA,Brasilia/DF,EXPRESS,DELIVERED_LATE,3,4,1,1389,DC-DF-01,RETAIL
VLX-2026-001013,2026-06-14,2026-06-21,Northeast,Salvador/BA,Salvador/BA,STANDARD,DELIVERED_ON_TIME,7,7,0,872,DC-CE-01,RETAIL
VLX-2026-001014,2026-03-11,2026-03-16,Southeast,Belem/PA,Belo Horizonte/MG,STANDARD,DELIVERED_ON_TIME,5,5,0,818,DC-MG-01,RETAIL
VLX-2026-001015,2026-07-19,2026-07-23,South,Sao Paulo/SP,Porto Alegre/RS,EXPRESS,DELIVERED_LATE,2,4,2,1104,DC-PR-01,SMB
VLX-2026-001016,2026-05-02,2026-05-08,Northeast,Belo Horizonte/MG,Salvador/BA,STANDARD,DELIVERED_ON_TIME,6,6,0,1765,DC-PE-01,RETAIL
VLX-2026-001017,2026-06-07,2026-06-16,Central-West,Brasilia/DF,Brasilia/DF,STANDARD,DELIVERED_LATE,6,9,3,693,DC-DF-01,RETAIL
VLX-2026-001018,2026-01-02,2026-01-07,Southeast,Fortaleza/CE,Belo Horizonte/MG,STANDARD,DELIVERED_ON_TIME,5,5,0,546,DC-RJ-01,RETAIL
VLX-2026-001019,2026-01-31,2026-02-07,North,Belo Horizonte/MG,Belem/PA,STANDARD,DELIVERED_ON_TIME,7,7,0,2011,DC-PA-01,RETAIL
VLX-2026-001020,2026-07-20,2026-07-29,South,Sao Paulo/SP,Porto Alegre/RS,STANDARD,DELIVERED_LATE,6,9,3,127,DC-RS-01,RETAIL
VLX-2026-001021,2026-04-21,2026-04-23,Southeast,Porto Alegre/RS,Rio de Janeiro/RJ,EXPRESS,DELIVERED_ON_TIME,2,2,0,399,DC-SP-01,SMB
VLX-2026-001022,2026-05-03,2026-05-07,Southeast,Florianopolis/SC,Rio de Janeiro/RJ,STANDARD,DELIVERED_ON_TIME,5,4,0,130,DC-SP-01,RETAIL
VLX-2026-001023,2026-02-01,2026-02-11,North,Rio de Janeiro/RJ,Manaus/AM,STANDARD,DELIVERED_LATE,8,10,2,1405,DC-PA-01,SMB
VLX-2026-001024,2026-08-04,2026-08-05,Southeast,Manaus/AM,Belo Horizonte/MG,EXPRESS,DELIVERED_ON_TIME,2,1,0,599,DC-SP-01,RETAIL
VLX-2026-001025,2026-03-21,2026-03-26,Southeast,Rio de Janeiro/RJ,Rio de Janeiro/RJ,STANDARD,DELIVERED_ON_TIME,5,5,0,192,DC-MG-01,SMB
VLX-2026-001026,2026-06-18,2026-06-20,Southeast,Cuiaba/MT,Sao Paulo/SP,EXPRESS,DELIVERED_ON_TIME,2,2,0,114,DC-SP-01,ENTERPRISE
VLX-2026-001027,2026-07-20,2026-07-22,Southeast,Florianopolis/SC,Rio de Janeiro/RJ,EXPRESS,DELIVERED_ON_TIME,2,2,0,528,DC-MG-01,RETAIL
VLX-2026-001028,2026-05-17,2026-05-22,Southeast,Belo Horizonte/MG,Sao Paulo/SP,STANDARD,DELIVERED_ON_TIME,5,5,0,136,DC-RJ-01,RETAIL
VLX-2026-001029,2026-02-26,2026-03-04,Southeast,Belo Horizonte/MG,Rio de Janeiro/RJ,STANDARD,DELIVERED_ON_TIME,6,6,0,648,DC-RJ-01,SMB
VLX-2026-001030,2026-05-26,2026-06-02,North,Salvador/BA,Porto Velho/RO,STANDARD,DELIVERED_ON_TIME,7,7,0,1211,DC-PA-01,ENTERPRISE
VLX-2026-001031,2026-03-30,2026-04-04,Southeast,Manaus/AM,Belo Horizonte/MG,STANDARD,DELIVERED_ON_TIME,5,5,0,941,DC-RJ-01,RETAIL
VLX-2026-001032,2026-08-05,2026-08-11,Northeast,Florianopolis/SC,Recife/PE,STANDARD,DELIVERED_ON_TIME,6,6,0,191,DC-PE-01,SMB
VLX-2026-001033,2026-05-01,2026-05-04,Central-West,Florianopolis/SC,Cuiaba/MT,EXPRESS,DELIVERED_ON_TIME,3,3,0,1404,DC-DF-01,RETAIL
VLX-2026-001034,2026-02-25,2026-03-03,Southeast,Belo Horizonte/MG,Belo Horizonte/MG,STANDARD,DELIVERED_ON_TIME,6,6,0,276,DC-MG-01,RETAIL
VLX-2026-001035,2026-06-19,2026-06-25,Southeast,Rio de Janeiro/RJ,Belo Horizonte/MG,STANDARD,DELIVERED_ON_TIME,6,6,0,831,DC-MG-01,RETAIL
VLX-2026-001036,2026-02-24,2026-03-01,Southeast,Porto Alegre/RS,Rio de Janeiro/RJ,STANDARD,DELIVERED_ON_TIME,5,5,0,97,DC-SP-01,RETAIL
VLX-2026-001037,2026-03-24,2026-03-28,Southeast,Belem/PA,Rio de Janeiro/RJ,STANDARD,DELIVERED_ON_TIME,5,4,0,1087,DC-RJ-01,RETAIL
VLX-2026-001038,2026-07-28,2026-08-02,South,Rio de Janeiro/RJ,Porto Alegre/RS,STANDARD,DELIVERED_ON_TIME,5,5,0,1053,DC-RS-01,ENTERPRISE
VLX-2026-001039,2026-08-05,2026-08-08,Southeast,Sao Paulo/SP,Belo Horizonte/MG,EXPRESS,DELIVERED_ON_TIME,3,3,0,1053,DC-RJ-01,RETAIL
VLX-2026-001040,2026-05-21,2026-05-26,South,Brasilia/DF,Porto Alegre/RS,STANDARD,DELIVERED_ON_TIME,5,5,0,787,DC-PR-01,SMB
VLX-2026-001041,2026-07-26,2026-08-01,Northeast,Cuiaba/MT,Fortaleza/CE,STANDARD,DELIVERED_ON_TIME,6,6,0,1328,DC-BA-01,RETAIL
VLX-2026-001042,2026-06-12,2026-06-16,Southeast,Sao Paulo/SP,Rio de Janeiro/RJ,STANDARD,DELIVERED_ON_TIME,5,4,0,736,DC-RJ-01,SMB
VLX-2026-001043,2026-01-15,2026-01-18,Northeast,Belem/PA,Salvador/BA,EXPRESS,DELIVERED_ON_TIME,3,3,0,835,DC-PE-01,SMB
VLX-2026-001044,2026-06-07,2026-06-13,Southeast,Brasilia/DF,Sao Paulo/SP,STANDARD,DELIVERED_LATE,5,6,1,460,DC-RJ-01,RETAIL
VLX-2026-001045,2026-02-05,2026-02-10,Southeast,Florianopolis/SC,Rio de Janeiro/RJ,STANDARD,DELIVERED_ON_TIME,5,5,0,535,DC-SP-01,RETAIL
VLX-2026-001046,2026-02-28,2026-03-06,Northeast,Rio de Janeiro/RJ,Fortaleza/CE,STANDARD,DELIVERED_ON_TIME,6,6,0,1750,DC-BA-01,RETAIL
VLX-2026-001047,2026-02-06,2026-02-11,South,Rio de Janeiro/RJ,Porto Alegre/RS,STANDARD,DELIVERED_ON_TIME,5,5,0,638,DC-RS-01,RETAIL
VLX-2026-001048,2026-07-02,2026-07-05,Central-West,Sao Paulo/SP,Brasilia/DF,EXPRESS,DELIVERED_ON_TIME,3,3,0,829,DC-DF-01,RETAIL
VLX-2026-001049,2026-03-26,2026-03-30,Southeast,Rio de Janeiro/RJ,Sao Paulo/SP,STANDARD,DELIVERED_ON_TIME,5,4,0,855,DC-MG-01,RETAIL
VLX-2026-001050,2026-06-06,2026-06-18,North,Goiania/GO,Porto Velho/RO,STANDARD,DELIVERY_EXCEPTION,7,12,5,966,DC-AM-01,RETAIL
VLX-2026-001051,2026-04-10,2026-04-19,Southeast,Fortaleza/CE,Belo Horizonte/MG,STANDARD,DELIVERED_LATE,5,9,4,281,DC-RJ-01,SMB
VLX-2026-001052,2026-01-30,2026-02-05,Central-West,Belo Horizonte/MG,Cuiaba/MT,STANDARD,DELIVERED_ON_TIME,6,6,0,1046,DC-DF-01,RETAIL
VLX-2026-001053,2026-06-11,2026-06-16,Southeast,Recife/PE,Rio de Janeiro/RJ,STANDARD,DELIVERED_ON_TIME,5,5,0,126,DC-MG-01,SMB
VLX-2026-001054,2026-06-03,2026-06-09,Northeast,Cuiaba/MT,Fortaleza/CE,STANDARD,DELIVERED_ON_TIME,6,6,0,427,DC-PE-01,RETAIL
VLX-2026-001055,2026-01-29,2026-02-04,Southeast,Belem/PA,Rio de Janeiro/RJ,STANDARD,DELIVERED_ON_TIME,6,6,0,539,DC-MG-01,RETAIL
VLX-2026-001056,2026-03-03,2026-03-08,Southeast,Belo Horizonte/MG,Sao Paulo/SP,STANDARD,DELIVERED_ON_TIME,6,5,0,483,DC-SP-01,RETAIL
VLX-2026-001057,2026-05-14,2026-05-21,North,Sao Paulo/SP,Manaus/AM,STANDARD,DELIVERED_ON_TIME,7,7,0,2035,DC-PA-01,RETAIL
VLX-2026-001058,2026-04-24,2026-04-29,Northeast,Belo Horizonte/MG,Recife/PE,STANDARD,DELIVERED_ON_TIME,6,5,0,1866,DC-BA-01,RETAIL
VLX-2026-001059,2026-03-04,2026-03-10,Central-West,Sao Paulo/SP,Cuiaba/MT,EXPRESS,DELIVERED_LATE,4,6,2,1674,DC-GO-01,RETAIL
VLX-2026-001060,2026-04-23,2026-04-28,North,Belo Horizonte/MG,Belem/PA,EXPRESS,DELIVERED_ON_TIME,5,5,0,535,DC-AM-01,RETAIL
VLX-2026-001061,2026-06-27,2026-07-01,Southeast,Fortaleza/CE,Rio de Janeiro/RJ,STANDARD,DELIVERED_ON_TIME,5,4,0,755,DC-MG-01,SMB
VLX-2026-001062,2026-03-31,2026-04-04,Southeast,Rio de Janeiro/RJ,Rio de Janeiro/RJ,STANDARD,DELIVERED_ON_TIME,5,4,0,1038,DC-SP-01,RETAIL
VLX-2026-001063,2026-03-23,2026-03-27,Southeast,Brasilia/DF,Rio de Janeiro/RJ,STANDARD,DELIVERED_ON_TIME,5,4,0,779,DC-SP-01,RETAIL
VLX-2026-001064,2026-01-01,2026-01-04,Northeast,Rio de Janeiro/RJ,Recife/PE,EXPRESS,DELIVERED_ON_TIME,3,3,0,1695,DC-BA-01,RETAIL
VLX-2026-001065,2026-03-07,2026-03-11,Southeast,Sao Paulo/SP,Belo Horizonte/MG,STANDARD,DELIVERED_ON_TIME,5,4,0,353,DC-MG-01,RETAIL
VLX-2026-001066,2026-02-11,2026-02-13,Southeast,Sao Paulo/SP,Belo Horizonte/MG,EXPRESS,DELIVERED_ON_TIME,2,2,0,808,DC-RJ-01,ENTERPRISE
VLX-2026-001067,2026-02-27,2026-03-04,Southeast,Florianopolis/SC,Belo Horizonte/MG,STANDARD,DELIVERED_ON_TIME,5,5,0,807,DC-SP-01,RETAIL
VLX-2026-001068,2026-02-20,2026-02-26,South,Belo Horizonte/MG,Curitiba/PR,EXPRESS,DELIVERY_EXCEPTION,2,6,4,239,DC-RS-01,RETAIL
VLX-2026-001069,2026-06-22,2026-06-28,Central-West,Porto Alegre/RS,Brasilia/DF,STANDARD,DELIVERED_ON_TIME,6,6,0,1239,DC-GO-01,RETAIL
VLX-2026-001070,2026-05-26,2026-05-29,Southeast,Sao Paulo/SP,Rio de Janeiro/RJ,EXPRESS,DELIVERED_ON_TIME,3,3,0,190,DC-MG-01,RETAIL
VLX-2026-001071,2026-04-18,2026-04-24,Southeast,Fortaleza/CE,Sao Paulo/SP,STANDARD,DELIVERED_ON_TIME,6,6,0,698,DC-MG-01,RETAIL
VLX-2026-001072,2026-03-15,2026-03-19,North,Goiania/GO,Manaus/AM,EXPRESS,DELIVERED_ON_TIME,4,4,0,562,DC-PA-01,SMB
VLX-2026-001073,2026-05-07,2026-05-13,North,Belem/PA,Porto Velho/RO,STANDARD,DELIVERED_ON_TIME,7,6,0,1275,DC-PA-01,RETAIL
VLX-2026-001074,2026-06-19,2026-06-24,Southeast,Rio de Janeiro/RJ,Rio de Janeiro/RJ,STANDARD,DELIVERED_ON_TIME,5,5,0,471,DC-MG-01,ENTERPRISE
VLX-2026-001075,2026-07-15,2026-07-27,Southeast,Florianopolis/SC,Belo Horizonte/MG,STANDARD,DELIVERY_EXCEPTION,5,12,7,687,DC-SP-01,RETAIL
VLX-2026-001076,2026-03-15,2026-03-20,South,Sao Paulo/SP,Porto Alegre/RS,STANDARD,DELIVERED_ON_TIME,5,5,0,305,DC-PR-01,RETAIL
VLX-2026-001077,2026-01-19,2026-01-25,Northeast,Curitiba/PR,Salvador/BA,STANDARD,DELIVERED_ON_TIME,6,6,0,1679,DC-CE-01,RETAIL
VLX-2026-001078,2026-06-14,2026-06-19,Southeast,Rio de Janeiro/RJ,Sao Paulo/SP,STANDARD,DELIVERED_ON_TIME,5,5,0,987,DC-MG-01,SMB
VLX-2026-001079,2026-02-04,2026-02-10,Central-West,Sao Paulo/SP,Brasilia/DF,STANDARD,DELIVERED_ON_TIME,7,6,0,538,DC-DF-01,SMB
VLX-2026-001080,2026-04-10,2026-04-21,Northeast,Belo Horizonte/MG,Salvador/BA,STANDARD,DELIVERED_LATE,6,11,5,218,DC-BA-01,RETAIL
VLX-2026-001081,2026-03-18,2026-03-24,Northeast,Fortaleza/CE,Salvador/BA,STANDARD,DELIVERED_ON_TIME,6,6,0,232,DC-PE-01,RETAIL
VLX-2026-001082,2026-02-04,2026-02-19,Southeast,Rio de Janeiro/RJ,Sao Paulo/SP,STANDARD,LOST,5,15,10,509,DC-RJ-01,RETAIL
VLX-2026-001083,2026-04-18,2026-04-22,South,Sao Paulo/SP,Porto Alegre/RS,STANDARD,DELIVERED_ON_TIME,5,4,0,1228,DC-PR-01,RETAIL
VLX-2026-001084,2026-02-09,2026-02-12,Northeast,Sao Paulo/SP,Fortaleza/CE,EXPRESS,DELIVERED_ON_TIME,3,3,0,790,DC-BA-01,RETAIL
VLX-2026-001085,2026-03-27,2026-04-04,Northeast,Belo Horizonte/MG,Recife/PE,STANDARD,DELIVERED_LATE,6,8,2,428,DC-PE-01,ENTERPRISE
VLX-2026-001086,2026-01-26,2026-01-28,Southeast,Recife/PE,Sao Paulo/SP,EXPRESS,DELIVERED_ON_TIME,2,2,0,827,DC-SP-01,RETAIL
VLX-2026-001087,2026-03-06,2026-03-08,South,Belo Horizonte/MG,Curitiba/PR,EXPRESS,DELIVERED_ON_TIME,2,2,0,1005,DC-RS-01,SMB
VLX-2026-001088,2026-03-30,2026-04-03,Central-West,Brasilia/DF,Brasilia/DF,EXPRESS,DELIVERED_ON_TIME,4,4,0,610,DC-GO-01,RETAIL
VLX-2026-001089,2026-04-09,2026-04-21,North,Belo Horizonte/MG,Belem/PA,STANDARD,DELIVERY_EXCEPTION,7,12,5,2397,DC-PA-01,RETAIL
VLX-2026-001090,2026-07-17,2026-07-23,Central-West,Rio de Janeiro/RJ,Cuiaba/MT,STANDARD,DELIVERED_ON_TIME,6,6,0,732,DC-GO-01,RETAIL
VLX-2026-001091,2026-01-10,2026-01-17,North,Porto Velho/RO,Porto Velho/RO,STANDARD,DELIVERED_ON_TIME,7,7,0,362,DC-PA-01,RETAIL
VLX-2026-001092,2026-01-10,2026-01-16,Northeast,Belem/PA,Salvador/BA,STANDARD,DELIVERED_ON_TIME,6,6,0,1705,DC-PE-01,RETAIL
VLX-2026-001093,2026-07-15,2026-07-18,Central-West,Belo Horizonte/MG,Goiania/GO,EXPRESS,DELIVERED_ON_TIME,4,3,0,1289,DC-DF-01,SMB
VLX-2026-001094,2026-07-13,2026-07-15,Southeast,Sao Paulo/SP,Sao Paulo/SP,EXPRESS,DELIVERED_ON_TIME,2,2,0,87,DC-SP-01,RETAIL
VLX-2026-001095,2026-04-24,2026-04-30,Central-West,Sao Paulo/SP,Cuiaba/MT,STANDARD,DELIVERED_ON_TIME,7,6,0,697,DC-GO-01,RETAIL
VLX-2026-001096,2026-02-16,2026-02-23,Northeast,Curitiba/PR,Fortaleza/CE,STANDARD,DELIVERED_ON_TIME,7,7,0,436,DC-BA-01,SMB
VLX-2026-001097,2026-04-05,2026-04-11,South,Belo Horizonte/MG,Porto Alegre/RS,STANDARD,DELIVERED_ON_TIME,6,6,0,524,DC-RS-01,RETAIL
VLX-2026-001098,2026-06-13,2026-06-19,Northeast,Goiania/GO,Salvador/BA,STANDARD,DELIVERED_ON_TIME,6,6,0,1329,DC-CE-01,SMB
VLX-2026-001099,2026-04-15,2026-04-20,Southeast,Rio de Janeiro/RJ,Rio de Janeiro/RJ,STANDARD,DELIVERED_ON_TIME,5,5,0,821,DC-SP-01,RETAIL
VLX-2026-001100,2026-01-16,2026-01-23,Northeast,Recife/PE,Recife/PE,STANDARD,DELIVERED_LATE,6,7,1,415,DC-CE-01,RETAIL
VLX-2026-001101,2026-03-30,2026-04-01,Southeast,Belo Horizonte/MG,Belo Horizonte/MG,EXPRESS,DELIVERED_ON_TIME,2,2,0,302,DC-MG-01,ENTERPRISE
VLX-2026-001102,2026-06-30,2026-07-02,Central-West,Salvador/BA,Cuiaba/MT,EXPRESS,DELIVERED_ON_TIME,3,2,0,835,DC-GO-01,SMB
VLX-2026-001103,2026-07-29,2026-07-31,Central-West,Fortaleza/CE,Cuiaba/MT,EXPRESS,DELIVERED_ON_TIME,3,2,0,1001,DC-GO-01,RETAIL
VLX-2026-001104,2026-01-15,2026-01-20,Southeast,Belo Horizonte/MG,Rio de Janeiro/RJ,STANDARD,DELIVERED_ON_TIME,5,5,0,442,DC-RJ-01,ENTERPRISE
VLX-2026-001105,2026-01-10,2026-01-16,North,Porto Alegre/RS,Manaus/AM,STANDARD,DELIVERED_ON_TIME,7,6,0,2212,DC-AM-01,RETAIL
VLX-2026-001106,2026-06-21,2026-07-03,Northeast,Porto Alegre/RS,Fortaleza/CE,STANDARD,DELIVERED_LATE,6,12,6,1495,DC-BA-01,RETAIL
VLX-2026-001107,2026-06-19,2026-06-24,Southeast,Porto Alegre/RS,Belo Horizonte/MG,STANDARD,DELIVERED_ON_TIME,5,5,0,935,DC-MG-01,SMB
VLX-2026-001108,2026-04-02,2026-04-13,Northeast,Cuiaba/MT,Recife/PE,STANDARD,DELIVERED_LATE,6,11,5,812,DC-BA-01,SMB
VLX-2026-001109,2026-02-13,2026-02-15,Southeast,Rio de Janeiro/RJ,Rio de Janeiro/RJ,EXPRESS,DELIVERED_ON_TIME,2,2,0,680,DC-SP-01,RETAIL
VLX-2026-001110,2026-01-13,2026-01-20,South,Belo Horizonte/MG,Curitiba/PR,STANDARD,DELIVERED_LATE,5,7,2,989,DC-PR-01,RETAIL
VLX-2026-001111,2026-06-19,2026-06-25,South,Porto Alegre/RS,Porto Alegre/RS,STANDARD,DELIVERED_ON_TIME,6,6,0,694,DC-PR-01,RETAIL
VLX-2026-001112,2026-02-01,2026-02-06,Southeast,Belo Horizonte/MG,Rio de Janeiro/RJ,EXPRESS,DELIVERED_LATE,2,5,3,236,DC-MG-01,RETAIL
VLX-2026-001113,2026-03-21,2026-03-27,Southeast,Brasilia/DF,Belo Horizonte/MG,STANDARD,DELIVERED_ON_TIME,6,6,0,99,DC-RJ-01,RETAIL
VLX-2026-001114,2026-03-03,2026-03-09,South,Belem/PA,Curitiba/PR,STANDARD,DELIVERED_ON_TIME,6,6,0,810,DC-RS-01,RETAIL
VLX-2026-001115,2026-08-02,2026-08-07,Northeast,Sao Paulo/SP,Salvador/BA,STANDARD,DELIVERED_ON_TIME,6,5,0,1844,DC-BA-01,RETAIL
VLX-2026-001116,2026-01-01,2026-01-10,Northeast,Porto Velho/RO,Recife/PE,STANDARD,DELIVERED_LATE,6,9,3,1367,DC-CE-01,RETAIL
VLX-2026-001117,2026-04-25,2026-04-30,Southeast,Florianopolis/SC,Rio de Janeiro/RJ,STANDARD,DELIVERED_ON_TIME,5,5,0,560,DC-RJ-01,RETAIL
VLX-2026-001118,2026-01-28,2026-01-30,Northeast,Rio de Janeiro/RJ,Fortaleza/CE,EXPRESS,DELIVERED_ON_TIME,3,2,0,1167,DC-BA-01,RETAIL
VLX-2026-001119,2026-07-18,2026-07-28,South,Rio de Janeiro/RJ,Curitiba/PR,STANDARD,DELIVERED_LATE,6,10,4,177,DC-RS-01,RETAIL
VLX-2026-001120,2026-03-13,2026-03-18,South,Rio de Janeiro/RJ,Porto Alegre/RS,STANDARD,DELIVERED_ON_TIME,5,5,0,1069,DC-RS-01,RETAIL
VLX-2026-001121,2026-01-18,2026-01-25,Northeast,Salvador/BA,Salvador/BA,STANDARD,DELIVERED_ON_TIME,7,7,0,738,DC-PE-01,RETAIL
VLX-2026-001122,2026-01-31,2026-02-05,Northeast,Fortaleza/CE,Salvador/BA,STANDARD,DELIVERED_ON_TIME,6,5,0,1506,DC-CE-01,RETAIL
VLX-2026-001123,2026-06-13,2026-06-18,Southeast,Rio de Janeiro/RJ,Sao Paulo/SP,STANDARD,DELIVERED_ON_TIME,5,5,0,552,DC-MG-01,RETAIL
VLX-2026-001124,2026-07-01,2026-07-07,North,Florianopolis/SC,Belem/PA,STANDARD,DELIVERED_ON_TIME,7,6,0,1993,DC-PA-01,RETAIL
VLX-2026-001125,2026-03-30,2026-04-06,Northeast,Belo Horizonte/MG,Recife/PE,STANDARD,DELIVERED_ON_TIME,7,7,0,1478,DC-PE-01,RETAIL
VLX-2026-001126,2026-06-02,2026-06-12,Northeast,Salvador/BA,Fortaleza/CE,STANDARD,DELIVERED_LATE,6,10,4,1214,DC-PE-01,ENTERPRISE
VLX-2026-001127,2026-06-30,2026-07-05,Central-West,Recife/PE,Cuiaba/MT,STANDARD,DELIVERED_ON_TIME,6,5,0,910,DC-DF-01,RETAIL
VLX-2026-001128,2026-08-15,2026-08-22,Northeast,Porto Velho/RO,Fortaleza/CE,STANDARD,DELIVERED_ON_TIME,7,7,0,1434,DC-BA-01,RETAIL
VLX-2026-001129,2026-02-07,2026-02-17,North,Fortaleza/CE,Porto Velho/RO,STANDARD,DELIVERED_LATE,8,10,2,1901,DC-PA-01,RETAIL
VLX-2026-001130,2026-05-26,2026-06-01,Northeast,Rio de Janeiro/RJ,Salvador/BA,STANDARD,DELIVERED_ON_TIME,6,6,0,401,DC-PE-01,RETAIL
VLX-2026-001131,2026-03-02,2026-03-09,Southeast,Rio de Janeiro/RJ,Rio de Janeiro/RJ,STANDARD,DELIVERED_LATE,5,7,2,158,DC-RJ-01,RETAIL
VLX-2026-001132,2026-05-16,2026-05-20,North,Belo Horizonte/MG,Porto Velho/RO,EXPRESS,DELIVERED_ON_TIME,5,4,0,847,DC-PA-01,SMB
VLX-2026-001133,2026-04-07,2026-04-21,Northeast,Fortaleza/CE,Fortaleza/CE,STANDARD,DELIVERED_LATE,7,14,7,504,DC-BA-01,SMB
VLX-2026-001134,2026-05-19,2026-06-02,Southeast,Recife/PE,Belo Horizonte/MG,EXPRESS,LOST,2,14,12,127,DC-RJ-01,RETAIL
VLX-2026-001135,2026-03-03,2026-03-12,North,Rio de Janeiro/RJ,Manaus/AM,STANDARD,DELIVERED_LATE,7,9,2,1914,DC-AM-01,RETAIL
VLX-2026-001136,2026-01-16,2026-01-20,Southeast,Rio de Janeiro/RJ,Sao Paulo/SP,STANDARD,DELIVERED_ON_TIME,5,4,0,196,DC-MG-01,RETAIL
VLX-2026-001137,2026-04-21,2026-04-26,South,Goiania/GO,Curitiba/PR,STANDARD,DELIVERED_ON_TIME,5,5,0,724,DC-RS-01,ENTERPRISE
VLX-2026-001138,2026-07-06,2026-07-12,Southeast,Porto Alegre/RS,Rio de Janeiro/RJ,STANDARD,DELIVERED_ON_TIME,6,6,0,670,DC-RJ-01,SMB
VLX-2026-001139,2026-01-09,2026-01-19,South,Porto Velho/RO,Porto Alegre/RS,STANDARD,DELIVERED_LATE,6,10,4,538,DC-PR-01,ENTERPRISE
VLX-2026-001140,2026-02-25,2026-03-04,Northeast,Curitiba/PR,Salvador/BA,STANDARD,DELIVERED_ON_TIME,7,7,0,1012,DC-BA-01,SMB
VLX-2026-001141,2026-08-16,2026-08-21,Southeast,Recife/PE,Rio de Janeiro/RJ,STANDARD,DELIVERED_ON_TIME,5,5,0,1065,DC-MG-01,RETAIL
VLX-2026-001142,2026-06-13,2026-06-15,South,Curitiba/PR,Florianopolis/SC,EXPRESS,DELIVERED_ON_TIME,2,2,0,963,DC-PR-01,RETAIL
VLX-2026-001143,2026-03-31,2026-04-08,Northeast,Porto Alegre/RS,Salvador/BA,STANDARD,DELIVERED_LATE,6,8,2,627,DC-CE-01,ENTERPRISE
VLX-2026-001144,2026-04-02,2026-04-07,Southeast,Rio de Janeiro/RJ,Belo Horizonte/MG,STANDARD,DELIVERED_ON_TIME,5,5,0,713,DC-RJ-01,RETAIL
VLX-2026-001145,2026-01-30,2026-02-03,Southeast,Salvador/BA,Sao Paulo/SP,STANDARD,DELIVERED_ON_TIME,5,4,0,750,DC-SP-01,RETAIL
VLX-2026-001146,2026-04-10,2026-04-15,Southeast,Porto Alegre/RS,Rio de Janeiro/RJ,STANDARD,DELIVERED_ON_TIME,5,5,0,154,DC-SP-01,RETAIL
VLX-2026-001147,2026-08-11,2026-08-14,Southeast,Fortaleza/CE,Belo Horizonte/MG,EXPRESS,DELIVERED_ON_TIME,3,3,0,690,DC-MG-01,RETAIL
VLX-2026-001148,2026-05-16,2026-05-20,North,Belo Horizonte/MG,Porto Velho/RO,EXPRESS,DELIVERED_ON_TIME,4,4,0,1383,DC-PA-01,ENTERPRISE
VLX-2026-001149,2026-05-14,2026-05-20,Southeast,Florianopolis/SC,Belo Horizonte/MG,STANDARD,DELIVERED_ON_TIME,6,6,0,616,DC-RJ-01,SMB
VLX-2026-001150,2026-08-01,2026-08-07,Northeast,Rio de Janeiro/RJ,Salvador/BA,STANDARD,DELIVERED_ON_TIME,6,6,0,1831,DC-CE-01,RETAIL
VLX-2026-001151,2026-03-25,2026-03-31,Central-West,Belo Horizonte/MG,Cuiaba/MT,STANDARD,DELIVERED_ON_TIME,6,6,0,982,DC-GO-01,RETAIL
VLX-2026-001152,2026-05-05,2026-05-07,Southeast,Brasilia/DF,Sao Paulo/SP,EXPRESS,DELIVERED_ON_TIME,2,2,0,734,DC-MG-01,ENTERPRISE
VLX-2026-001153,2026-04-25,2026-04-28,Central-West,Cuiaba/MT,Goiania/GO,EXPRESS,DELIVERED_ON_TIME,3,3,0,792,DC-GO-01,RETAIL
VLX-2026-001154,2026-08-10,2026-08-15,Southeast,Porto Alegre/RS,Rio de Janeiro/RJ,STANDARD,DELIVERED_ON_TIME,5,5,0,886,DC-MG-01,SMB
VLX-2026-001155,2026-04-30,2026-05-02,South,Florianopolis/SC,Porto Alegre/RS,EXPRESS,DELIVERED_ON_TIME,2,2,0,245,DC-PR-01,RETAIL
VLX-2026-001156,2026-05-03,2026-05-09,Central-West,Sao Paulo/SP,Brasilia/DF,STANDARD,DELIVERED_ON_TIME,6,6,0,259,DC-DF-01,RETAIL
VLX-2026-001157,2026-04-14,2026-04-20,Northeast,Brasilia/DF,Recife/PE,STANDARD,DELIVERED_ON_TIME,6,6,0,227,DC-PE-01,RETAIL
VLX-2026-001158,2026-06-10,2026-06-15,Southeast,Fortaleza/CE,Belo Horizonte/MG,STANDARD,DELIVERED_ON_TIME,5,5,0,757,DC-MG-01,SMB
VLX-2026-001159,2026-05-22,2026-05-28,South,Belo Horizonte/MG,Florianopolis/SC,STANDARD,DELIVERED_ON_TIME,6,6,0,208,DC-RS-01,RETAIL
VLX-2026-001160,2026-01-02,2026-01-04,Southeast,Porto Alegre/RS,Rio de Janeiro/RJ,EXPRESS,DELIVERED_ON_TIME,2,2,0,94,DC-MG-01,RETAIL
VLX-2026-001161,2026-03-21,2026-03-25,North,Fortaleza/CE,Porto Velho/RO,EXPRESS,DELIVERED_ON_TIME,4,4,0,2148,DC-PA-01,RETAIL
VLX-2026-001162,2026-04-11,2026-04-13,Southeast,Fortaleza/CE,Rio de Janeiro/RJ,EXPRESS,DELIVERED_ON_TIME,2,2,0,444,DC-SP-01,RETAIL
VLX-2026-001163,2026-02-13,2026-02-17,South,Rio de Janeiro/RJ,Porto Alegre/RS,STANDARD,DELIVERED_ON_TIME,5,4,0,266,DC-RS-01,RETAIL
VLX-2026-001164,2026-03-16,2026-03-23,Northeast,Fortaleza/CE,Recife/PE,STANDARD,DELIVERED_LATE,6,7,1,997,DC-BA-01,RETAIL
VLX-2026-001165,2026-03-22,2026-03-25,Northeast,Salvador/BA,Recife/PE,EXPRESS,DELIVERED_ON_TIME,3,3,0,371,DC-PE-01,RETAIL
VLX-2026-001166,2026-02-01,2026-02-09,North,Recife/PE,Porto Velho/RO,STANDARD,DELIVERED_ON_TIME,8,8,0,598,DC-AM-01,RETAIL
VLX-2026-001167,2026-05-06,2026-05-11,North,Belo Horizonte/MG,Belem/PA,EXPRESS,DELIVERED_ON_TIME,5,5,0,331,DC-PA-01,RETAIL
VLX-2026-001168,2026-07-28,2026-08-04,South,Florianopolis/SC,Curitiba/PR,STANDARD,DELIVERED_LATE,5,7,2,321,DC-PR-01,SMB
VLX-2026-001169,2026-01-22,2026-02-02,Central-West,Brasilia/DF,Goiania/GO,STANDARD,DELIVERY_EXCEPTION,6,11,5,513,DC-DF-01,RETAIL
VLX-2026-001170,2026-04-22,2026-04-28,Southeast,Belem/PA,Belo Horizonte/MG,STANDARD,DELIVERED_ON_TIME,6,6,0,514,DC-SP-01,SMB
VLX-2026-001171,2026-02-10,2026-02-15,Southeast,Sao Paulo/SP,Belo Horizonte/MG,STANDARD,DELIVERED_ON_TIME,5,5,0,620,DC-RJ-01,RETAIL
VLX-2026-001172,2026-03-31,2026-04-02,Northeast,Porto Alegre/RS,Salvador/BA,EXPRESS,DELIVERED_ON_TIME,3,2,0,1808,DC-PE-01,SMB
VLX-2026-001173,2026-03-16,2026-03-18,Southeast,Rio de Janeiro/RJ,Rio de Janeiro/RJ,EXPRESS,DELIVERED_ON_TIME,2,2,0,847,DC-MG-01,RETAIL
VLX-2026-001174,2026-07-12,2026-07-18,Central-West,Belo Horizonte/MG,Brasilia/DF,STANDARD,DELIVERED_ON_TIME,6,6,0,348,DC-DF-01,RETAIL
VLX-2026-001175,2026-04-12,2026-04-18,Southeast,Recife/PE,Sao Paulo/SP,STANDARD,DELIVERED_ON_TIME,6,6,0,1044,DC-MG-01,RETAIL
VLX-2026-001176,2026-01-21,2026-01-24,Southeast,Salvador/BA,Belo Horizonte/MG,EXPRESS,DELIVERED_ON_TIME,3,3,0,262,DC-MG-01,SMB
VLX-2026-001177,2026-01-31,2026-02-04,South,Porto Alegre/RS,Curitiba/PR,STANDARD,DELIVERED_ON_TIME,5,4,0,632,DC-PR-01,RETAIL
VLX-2026-001178,2026-05-20,2026-05-26,Southeast,Belo Horizonte/MG,Rio de Janeiro/RJ,EXPRESS,DELIVERY_EXCEPTION,3,6,3,125,DC-SP-01,SMB
VLX-2026-001179,2026-08-07,2026-08-12,South,Brasilia/DF,Porto Alegre/RS,STANDARD,DELIVERED_ON_TIME,6,5,0,435,DC-PR-01,SMB
VLX-2026-001180,2026-03-07,2026-03-12,South,Florianopolis/SC,Florianopolis/SC,STANDARD,DELIVERED_ON_TIME,5,5,0,1142,DC-PR-01,ENTERPRISE
VLX-2026-001181,2026-07-31,2026-08-02,Southeast,Recife/PE,Sao Paulo/SP,EXPRESS,DELIVERED_ON_TIME,2,2,0,161,DC-RJ-01,ENTERPRISE
VLX-2026-001182,2026-03-16,2026-03-20,South,Sao Paulo/SP,Curitiba/PR,STANDARD,DELIVERED_ON_TIME,5,4,0,869,DC-PR-01,SMB
VLX-2026-001183,2026-07-26,2026-07-29,Central-West,Manaus/AM,Goiania/GO,EXPRESS,DELIVERED_ON_TIME,4,3,0,1141,DC-DF-01,RETAIL
VLX-2026-001184,2026-05-30,2026-06-05,Southeast,Brasilia/DF,Belo Horizonte/MG,STANDARD,DELIVERED_ON_TIME,6,6,0,977,DC-MG-01,RETAIL
VLX-2026-001185,2026-01-03,2026-01-09,Southeast,Porto Velho/RO,Belo Horizonte/MG,STANDARD,DELIVERED_ON_TIME,6,6,0,252,DC-SP-01,RETAIL
VLX-2026-001186,2026-01-23,2026-01-28,South,Salvador/BA,Porto Alegre/RS,STANDARD,DELIVERED_ON_TIME,5,5,0,331,DC-PR-01,RETAIL
VLX-2026-001187,2026-02-23,2026-03-04,Northeast,Belo Horizonte/MG,Salvador/BA,STANDARD,DELIVERED_LATE,6,9,3,718,DC-BA-01,ENTERPRISE
VLX-2026-001188,2026-05-01,2026-05-04,North,Goiania/GO,Porto Velho/RO,EXPRESS,DELIVERED_ON_TIME,4,3,0,1111,DC-PA-01,RETAIL
VLX-2026-001189,2026-03-31,2026-04-06,Northeast,Florianopolis/SC,Salvador/BA,STANDARD,DELIVERED_ON_TIME,6,6,0,1090,DC-BA-01,RETAIL
VLX-2026-001190,2026-06-02,2026-06-06,Southeast,Rio de Janeiro/RJ,Rio de Janeiro/RJ,STANDARD,DELIVERED_ON_TIME,5,4,0,658,DC-SP-01,RETAIL
VLX-2026-001191,2026-02-14,2026-02-15,Southeast,Rio de Janeiro/RJ,Belo Horizonte/MG,EXPRESS,DELIVERED_ON_TIME,2,1,0,801,DC-SP-01,RETAIL
VLX-2026-001192,2026-05-07,2026-05-14,Central-West,Recife/PE,Goiania/GO,STANDARD,DELIVERED_LATE,6,7,1,1046,DC-DF-01,SMB
VLX-2026-001193,2026-05-18,2026-05-30,Northeast,Porto Velho/RO,Salvador/BA,STANDARD,DELIVERED_LATE,7,12,5,906,DC-PE-01,RETAIL
VLX-2026-001194,2026-04-01,2026-04-07,Southeast,Rio de Janeiro/RJ,Rio de Janeiro/RJ,STANDARD,DELIVERED_ON_TIME,6,6,0,543,DC-SP-01,RETAIL
VLX-2026-001195,2026-03-03,2026-03-08,Southeast,Sao Paulo/SP,Rio de Janeiro/RJ,STANDARD,DELIVERED_ON_TIME,6,5,0,392,DC-SP-01,RETAIL
VLX-2026-001196,2026-04-04,2026-04-10,Northeast,Curitiba/PR,Recife/PE,STANDARD,DELIVERED_ON_TIME,6,6,0,805,DC-CE-01,RETAIL
VLX-2026-001197,2026-01-05,2026-01-10,Southeast,Sao Paulo/SP,Rio de Janeiro/RJ,STANDARD,DELIVERED_ON_TIME,5,5,0,730,DC-MG-01,RETAIL
VLX-2026-001198,2026-02-19,2026-02-26,North,Goiania/GO,Belem/PA,STANDARD,DELIVERED_ON_TIME,7,7,0,672,DC-AM-01,RETAIL
VLX-2026-001199,2026-04-15,2026-04-22,North,Curitiba/PR,Manaus/AM,STANDARD,DELIVERED_ON_TIME,7,7,0,2193,DC-AM-01,RETAIL
VLX-2026-001200,2026-02-28,2026-03-02,Southeast,Sao Paulo/SP,Sao Paulo/SP,EXPRESS,DELIVERED_ON_TIME,3,2,0,503,DC-MG-01,RETAIL
VLX-2026-001201,2026-02-02,2026-02-08,Northeast,Cuiaba/MT,Fortaleza/CE,STANDARD,DELIVERED_ON_TIME,6,6,0,316,DC-PE-01,RETAIL
VLX-2026-001202,2026-05-28,2026-06-03,South,Rio de Janeiro/RJ,Porto Alegre/RS,STANDARD,DELIVERED_ON_TIME,6,6,0,784,DC-RS-01,ENTERPRISE
VLX-2026-001203,2026-03-09,2026-03-12,Southeast,Rio de Janeiro/RJ,Belo Horizonte/MG,EXPRESS,DELIVERED_ON_TIME,3,3,0,296,DC-RJ-01,SMB
VLX-2026-001204,2026-05-13,2026-05-21,South,Rio de Janeiro/RJ,Curitiba/PR,STANDARD,DELIVERY_EXCEPTION,6,8,2,265,DC-RS-01,RETAIL
VLX-2026-001205,2026-01-12,2026-01-14,Southeast,Curitiba/PR,Belo Horizonte/MG,EXPRESS,DELIVERED_ON_TIME,3,2,0,1092,DC-RJ-01,RETAIL
VLX-2026-001206,2026-04-08,2026-04-15,Northeast,Brasilia/DF,Recife/PE,STANDARD,DELIVERED_ON_TIME,7,7,0,750,DC-BA-01,SMB
VLX-2026-001207,2026-01-15,2026-01-30,Southeast,Rio de Janeiro/RJ,Sao Paulo/SP,STANDARD,LOST,5,15,10,291,DC-SP-01,RETAIL
VLX-2026-001208,2026-01-21,2026-01-26,South,Brasilia/DF,Curitiba/PR,STANDARD,DELIVERED_ON_TIME,5,5,0,723,DC-PR-01,RETAIL
VLX-2026-001209,2026-06-06,2026-06-10,South,Brasilia/DF,Porto Alegre/RS,STANDARD,DELIVERED_ON_TIME,5,4,0,911,DC-PR-01,SMB
VLX-2026-001210,2026-06-25,2026-06-28,Central-West,Porto Alegre/RS,Cuiaba/MT,EXPRESS,DELIVERED_ON_TIME,3,3,0,676,DC-GO-01,SMB
VLX-2026-001211,2026-05-08,2026-05-14,Northeast,Belo Horizonte/MG,Fortaleza/CE,STANDARD,DELIVERED_ON_TIME,6,6,0,537,DC-CE-01,SMB
VLX-2026-001212,2026-05-22,2026-05-28,Southeast,Belem/PA,Belo Horizonte/MG,EXPRESS,DELIVERED_LATE,2,6,4,954,DC-SP-01,RETAIL
VLX-2026-001213,2026-08-02,2026-08-08,Central-West,Belo Horizonte/MG,Brasilia/DF,STANDARD,DELIVERED_ON_TIME,7,6,0,1505,DC-DF-01,RETAIL
VLX-2026-001214,2026-05-09,2026-05-16,North,Rio de Janeiro/RJ,Belem/PA,STANDARD,DELIVERED_ON_TIME,7,7,0,1919,DC-PA-01,SMB
VLX-2026-001215,2026-06-30,2026-07-03,Southeast,Porto Alegre/RS,Belo Horizonte/MG,EXPRESS,DELIVERED_ON_TIME,3,3,0,503,DC-MG-01,SMB
VLX-2026-001216,2026-04-21,2026-04-27,South,Rio de Janeiro/RJ,Porto Alegre/RS,STANDARD,DELIVERED_ON_TIME,6,6,0,525,DC-PR-01,SMB
VLX-2026-001217,2026-05-21,2026-05-26,South,Brasilia/DF,Curitiba/PR,STANDARD,DELIVERED_ON_TIME,5,5,0,1237,DC-PR-01,RETAIL
VLX-2026-001218,2026-05-27,2026-06-03,Northeast,Recife/PE,Fortaleza/CE,STANDARD,DELIVERED_ON_TIME,7,7,0,1498,DC-CE-01,SMB
VLX-2026-001219,2026-05-20,2026-05-24,South,Rio de Janeiro/RJ,Curitiba/PR,STANDARD,DELIVERED_ON_TIME,5,4,0,213,DC-PR-01,RETAIL
VLX-2026-001220,2026-05-27,2026-06-05,Southeast,Belo Horizonte/MG,Belo Horizonte/MG,STANDARD,DELIVERED_LATE,5,9,4,456,DC-MG-01,SMB
VLX-2026-001221,2026-04-13,2026-04-23,Northeast,Belo Horizonte/MG,Salvador/BA,EXPRESS,LOST,3,10,7,1477,DC-PE-01,RETAIL
VLX-2026-001222,2026-05-25,2026-05-31,Southeast,Rio de Janeiro/RJ,Sao Paulo/SP,STANDARD,DELIVERED_ON_TIME,6,6,0,1009,DC-RJ-01,RETAIL
VLX-2026-001223,2026-07-11,2026-07-16,South,Recife/PE,Florianopolis/SC,STANDARD,DELIVERED_ON_TIME,5,5,0,542,DC-PR-01,SMB
VLX-2026-001224,2026-08-05,2026-08-09,South,Sao Paulo/SP,Porto Alegre/RS,STANDARD,DELIVERED_ON_TIME,5,4,0,745,DC-RS-01,RETAIL
VLX-2026-001225,2026-04-13,2026-04-16,Northeast,Rio de Janeiro/RJ,Salvador/BA,EXPRESS,DELIVERED_ON_TIME,3,3,0,1098,DC-CE-01,SMB
VLX-2026-001226,2026-03-08,2026-03-10,Central-West,Sao Paulo/SP,Brasilia/DF,EXPRESS,DELIVERED_ON_TIME,3,2,0,691,DC-GO-01,RETAIL
VLX-2026-001227,2026-01-25,2026-02-01,Central-West,Sao Paulo/SP,Brasilia/DF,STANDARD,DELIVERED_LATE,6,7,1,253,DC-GO-01,RETAIL
VLX-2026-001228,2026-01-17,2026-01-23,Northeast,Sao Paulo/SP,Fortaleza/CE,STANDARD,DELIVERED_ON_TIME,6,6,0,531,DC-BA-01,ENTERPRISE
VLX-2026-001229,2026-05-29,2026-06-03,North,Belo Horizonte/MG,Porto Velho/RO,EXPRESS,DELIVERED_ON_TIME,5,5,0,263,DC-AM-01,RETAIL
VLX-2026-001230,2026-06-08,2026-06-10,Southeast,Sao Paulo/SP,Sao Paulo/SP,EXPRESS,DELIVERED_ON_TIME,3,2,0,234,DC-MG-01,RETAIL
VLX-2026-001231,2026-01-13,2026-01-16,Northeast,Goiania/GO,Recife/PE,EXPRESS,DELIVERED_ON_TIME,3,3,0,866,DC-CE-01,SMB
VLX-2026-001232,2026-02-02,2026-02-08,Northeast,Curitiba/PR,Recife/PE,STANDARD,DELIVERED_ON_TIME,6,6,0,1697,DC-BA-01,RETAIL
VLX-2026-001233,2026-04-04,2026-04-06,Northeast,Goiania/GO,Fortaleza/CE,EXPRESS,DELIVERED_ON_TIME,3,2,0,988,DC-PE-01,SMB
VLX-2026-001234,2026-02-02,2026-02-09,North,Salvador/BA,Porto Velho/RO,STANDARD,DELIVERED_ON_TIME,7,7,0,427,DC-PA-01,SMB
VLX-2026-001235,2026-03-28,2026-04-02,Southeast,Rio de Janeiro/RJ,Belo Horizonte/MG,STANDARD,DELIVERED_ON_TIME,5,5,0,936,DC-MG-01,RETAIL
VLX-2026-001236,2026-06-19,2026-06-25,Northeast,Florianopolis/SC,Recife/PE,EXPRESS,DELIVERED_LATE,3,6,3,1517,DC-CE-01,RETAIL
VLX-2026-001237,2026-07-26,2026-07-29,Southeast,Cuiaba/MT,Sao Paulo/SP,EXPRESS,DELIVERED_ON_TIME,3,3,0,185,DC-SP-01,RETAIL
VLX-2026-001238,2026-03-25,2026-03-31,Northeast,Salvador/BA,Salvador/BA,STANDARD,DELIVERED_ON_TIME,6,6,0,1117,DC-CE-01,SMB
VLX-2026-001239,2026-07-12,2026-07-18,Northeast,Belo Horizonte/MG,Recife/PE,STANDARD,DELIVERED_ON_TIME,6,6,0,445,DC-PE-01,RETAIL
VLX-2026-001240,2026-01-25,2026-01-29,North,Sao Paulo/SP,Manaus/AM,EXPRESS,DELIVERED_ON_TIME,4,4,0,2096,DC-PA-01,RETAIL
VLX-2026-001241,2026-01-27,2026-02-01,South,Belo Horizonte/MG,Florianopolis/SC,STANDARD,DELIVERED_ON_TIME,5,5,0,526,DC-RS-01,RETAIL
VLX-2026-001242,2026-07-27,2026-08-02,Southeast,Rio de Janeiro/RJ,Sao Paulo/SP,EXPRESS,DELIVERED_LATE,2,6,4,846,DC-RJ-01,RETAIL
VLX-2026-001243,2026-04-20,2026-04-23,Northeast,Porto Alegre/RS,Recife/PE,EXPRESS,DELIVERED_ON_TIME,3,3,0,947,DC-BA-01,RETAIL
VLX-2026-001244,2026-03-01,2026-03-03,Northeast,Sao Paulo/SP,Fortaleza/CE,EXPRESS,DELIVERED_ON_TIME,3,2,0,1363,DC-CE-01,RETAIL
VLX-2026-001245,2026-05-01,2026-05-06,Northeast,Rio de Janeiro/RJ,Fortaleza/CE,STANDARD,DELIVERED_ON_TIME,6,5,0,824,DC-BA-01,SMB
VLX-2026-001246,2026-02-18,2026-02-23,South,Sao Paulo/SP,Florianopolis/SC,STANDARD,DELIVERED_ON_TIME,5,5,0,792,DC-RS-01,RETAIL
VLX-2026-001247,2026-03-22,2026-03-29,Central-West,Rio de Janeiro/RJ,Goiania/GO,STANDARD,DELIVERED_ON_TIME,7,7,0,750,DC-GO-01,SMB
VLX-2026-001248,2026-01-17,2026-01-23,Northeast,Fortaleza/CE,Salvador/BA,STANDARD,DELIVERED_ON_TIME,6,6,0,449,DC-PE-01,RETAIL
VLX-2026-001249,2026-05-25,2026-05-28,Northeast,Salvador/BA,Salvador/BA,EXPRESS,DELIVERED_ON_TIME,4,3,0,330,DC-CE-01,RETAIL
VLX-2026-001250,2026-07-31,2026-08-05,South,Manaus/AM,Porto Alegre/RS,STANDARD,DELIVERED_ON_TIME,6,5,0,106,DC-RS-01,SMB
VLX-2026-001251,2026-07-09,2026-07-16,South,Belo Horizonte/MG,Florianopolis/SC,STANDARD,DELIVERED_LATE,5,7,2,242,DC-RS-01,SMB
VLX-2026-001252,2026-08-16,2026-08-22,Southeast,Goiania/GO,Belo Horizonte/MG,EXPRESS,DELIVERED_LATE,2,6,4,684,DC-MG-01,RETAIL
VLX-2026-001253,2026-05-22,2026-05-25,South,Manaus/AM,Curitiba/PR,EXPRESS,DELIVERED_ON_TIME,3,3,0,449,DC-RS-01,SMB
VLX-2026-001254,2026-04-27,2026-05-03,Southeast,Belo Horizonte/MG,Belo Horizonte/MG,STANDARD,DELIVERED_ON_TIME,6,6,0,425,DC-MG-01,SMB
VLX-2026-001255,2026-02-19,2026-02-24,South,Curitiba/PR,Porto Alegre/RS,STANDARD,DELIVERED_ON_TIME,5,5,0,891,DC-PR-01,SMB
VLX-2026-001256,2026-01-19,2026-01-20,Southeast,Rio de Janeiro/RJ,Rio de Janeiro/RJ,EXPRESS,DELIVERED_ON_TIME,2,1,0,432,DC-MG-01,SMB
VLX-2026-001257,2026-06-02,2026-06-07,South,Salvador/BA,Porto Alegre/RS,STANDARD,DELIVERED_ON_TIME,5,5,0,165,DC-RS-01,ENTERPRISE
VLX-2026-001258,2026-06-01,2026-06-04,Central-West,Sao Paulo/SP,Goiania/GO,EXPRESS,DELIVERED_ON_TIME,3,3,0,1325,DC-GO-01,RETAIL
VLX-2026-001259,2026-07-26,2026-07-31,Southeast,Belo Horizonte/MG,Sao Paulo/SP,STANDARD,DELIVERED_ON_TIME,5,5,0,291,DC-SP-01,SMB
VLX-2026-001260,2026-05-22,2026-05-26,Southeast,Fortaleza/CE,Sao Paulo/SP,STANDARD,DELIVERED_ON_TIME,5,4,0,985,DC-RJ-01,SMB
VLX-2026-001261,2026-02-02,2026-02-12,North,Salvador/BA,Porto Velho/RO,STANDARD,DELIVERED_LATE,7,10,3,1919,DC-AM-01,ENTERPRISE
VLX-2026-001262,2026-01-04,2026-01-11,North,Cuiaba/MT,Manaus/AM,STANDARD,DELIVERED_ON_TIME,7,7,0,2299,DC-PA-01,RETAIL
VLX-2026-001263,2026-06-01,2026-06-07,South,Salvador/BA,Curitiba/PR,STANDARD,DELIVERED_ON_TIME,6,6,0,456,DC-PR-01,SMB
VLX-2026-001264,2026-03-25,2026-03-28,Northeast,Curitiba/PR,Recife/PE,EXPRESS,DELIVERED_ON_TIME,3,3,0,976,DC-CE-01,RETAIL
VLX-2026-001265,2026-07-08,2026-07-15,North,Belo Horizonte/MG,Porto Velho/RO,STANDARD,DELIVERED_ON_TIME,7,7,0,1369,DC-AM-01,ENTERPRISE
VLX-2026-001266,2026-01-27,2026-02-02,South,Salvador/BA,Florianopolis/SC,STANDARD,DELIVERED_ON_TIME,6,6,0,782,DC-RS-01,RETAIL
VLX-2026-001267,2026-08-02,2026-08-09,Northeast,Sao Paulo/SP,Recife/PE,STANDARD,DELIVERED_ON_TIME,7,7,0,1624,DC-BA-01,RETAIL
VLX-2026-001268,2026-03-07,2026-03-12,Southeast,Cuiaba/MT,Belo Horizonte/MG,STANDARD,DELIVERED_ON_TIME,5,5,0,1016,DC-SP-01,RETAIL
VLX-2026-001269,2026-06-20,2026-06-26,South,Salvador/BA,Curitiba/PR,STANDARD,DELIVERED_ON_TIME,6,6,0,532,DC-PR-01,RETAIL
VLX-2026-001270,2026-03-30,2026-04-02,Southeast,Fortaleza/CE,Rio de Janeiro/RJ,EXPRESS,DELIVERED_ON_TIME,3,3,0,739,DC-RJ-01,RETAIL
VLX-2026-001271,2026-08-06,2026-08-13,North,Rio de Janeiro/RJ,Belem/PA,STANDARD,DELIVERED_ON_TIME,7,7,0,2207,DC-AM-01,RETAIL
VLX-2026-001272,2026-02-25,2026-03-02,Southeast,Fortaleza/CE,Rio de Janeiro/RJ,STANDARD,DELIVERED_ON_TIME,5,5,0,719,DC-MG-01,RETAIL
VLX-2026-001273,2026-07-23,2026-07-25,Southeast,Sao Paulo/SP,Belo Horizonte/MG,EXPRESS,DELIVERED_ON_TIME,2,2,0,407,DC-MG-01,ENTERPRISE
VLX-2026-001274,2026-01-17,2026-01-21,Northeast,Sao Paulo/SP,Recife/PE,EXPRESS,DELIVERED_ON_TIME,4,4,0,1802,DC-BA-01,ENTERPRISE
VLX-2026-001275,2026-08-06,2026-08-11,South,Porto Alegre/RS,Curitiba/PR,STANDARD,DELIVERED_ON_TIME,5,5,0,197,DC-RS-01,RETAIL
VLX-2026-001276,2026-04-26,2026-04-28,Southeast,Belo Horizonte/MG,Rio de Janeiro/RJ,EXPRESS,DELIVERED_ON_TIME,3,2,0,278,DC-MG-01,RETAIL
VLX-2026-001277,2026-08-03,2026-08-08,Southeast,Sao Paulo/SP,Belo Horizonte/MG,STANDARD,DELIVERED_ON_TIME,5,5,0,191,DC-SP-01,RETAIL
VLX-2026-001278,2026-02-06,2026-02-09,Southeast,Rio de Janeiro/RJ,Belo Horizonte/MG,EXPRESS,DELIVERED_LATE,2,3,1,529,DC-RJ-01,RETAIL
VLX-2026-001279,2026-04-27,2026-04-30,Northeast,Belo Horizonte/MG,Fortaleza/CE,EXPRESS,DELIVERED_ON_TIME,3,3,0,1405,DC-PE-01,SMB
VLX-2026-001280,2026-02-27,2026-03-08,Southeast,Rio de Janeiro/RJ,Belo Horizonte/MG,STANDARD,DELIVERED_LATE,6,9,3,418,DC-RJ-01,RETAIL
VLX-2026-001281,2026-06-14,2026-06-19,South,Porto Alegre/RS,Porto Alegre/RS,STANDARD,DELIVERED_ON_TIME,5,5,0,959,DC-RS-01,SMB
VLX-2026-001282,2026-01-26,2026-01-31,Northeast,Goiania/GO,Fortaleza/CE,STANDARD,DELIVERED_ON_TIME,6,5,0,723,DC-PE-01,RETAIL
VLX-2026-001283,2026-04-24,2026-04-29,Southeast,Salvador/BA,Belo Horizonte/MG,STANDARD,DELIVERED_ON_TIME,5,5,0,783,DC-RJ-01,ENTERPRISE
VLX-2026-001284,2026-06-01,2026-06-06,Southeast,Belem/PA,Sao Paulo/SP,STANDARD,DELIVERED_ON_TIME,5,5,0,499,DC-SP-01,RETAIL
VLX-2026-001285,2026-04-20,2026-04-25,Southeast,Sao Paulo/SP,Belo Horizonte/MG,STANDARD,DELIVERED_ON_TIME,5,5,0,258,DC-MG-01,RETAIL
VLX-2026-001286,2026-01-09,2026-01-14,Southeast,Goiania/GO,Sao Paulo/SP,STANDARD,DELIVERED_ON_TIME,5,5,0,442,DC-MG-01,RETAIL
VLX-2026-001287,2026-06-07,2026-06-12,Northeast,Rio de Janeiro/RJ,Salvador/BA,STANDARD,DELIVERED_ON_TIME,6,5,0,1545,DC-PE-01,RETAIL
VLX-2026-001288,2026-08-05,2026-08-09,South,Curitiba/PR,Curitiba/PR,STANDARD,DELIVERED_ON_TIME,5,4,0,506,DC-RS-01,SMB
VLX-2026-001289,2026-07-09,2026-07-14,Southeast,Belo Horizonte/MG,Rio de Janeiro/RJ,STANDARD,DELIVERED_ON_TIME,5,5,0,315,DC-RJ-01,RETAIL
VLX-2026-001290,2026-02-05,2026-02-22,Northeast,Salvador/BA,Salvador/BA,STANDARD,LOST,6,17,11,1486,DC-CE-01,RETAIL
VLX-2026-001291,2026-02-23,2026-03-05,North,Belo Horizonte/MG,Porto Velho/RO,STANDARD,DELIVERED_LATE,7,10,3,672,DC-PA-01,SMB
VLX-2026-001292,2026-08-09,2026-08-13,Southeast,Belo Horizonte/MG,Rio de Janeiro/RJ,STANDARD,DELIVERED_ON_TIME,5,4,0,741,DC-MG-01,RETAIL
VLX-2026-001293,2026-07-10,2026-07-12,Southeast,Manaus/AM,Belo Horizonte/MG,EXPRESS,DELIVERED_ON_TIME,2,2,0,273,DC-SP-01,SMB
VLX-2026-001294,2026-04-30,2026-05-05,Southeast,Sao Paulo/SP,Rio de Janeiro/RJ,STANDARD,DELIVERED_ON_TIME,5,5,0,953,DC-MG-01,SMB
VLX-2026-001295,2026-06-01,2026-06-06,South,Rio de Janeiro/RJ,Porto Alegre/RS,STANDARD,DELIVERED_ON_TIME,5,5,0,987,DC-RS-01,RETAIL
VLX-2026-001296,2026-08-08,2026-08-14,Central-West,Goiania/GO,Cuiaba/MT,STANDARD,DELIVERED_ON_TIME,7,6,0,1468,DC-GO-01,SMB
VLX-2026-001297,2026-06-03,2026-06-10,Northeast,Recife/PE,Recife/PE,STANDARD,DELIVERED_ON_TIME,7,7,0,677,DC-BA-01,RETAIL
VLX-2026-001298,2026-06-03,2026-06-15,North,Sao Paulo/SP,Belem/PA,STANDARD,DELIVERED_LATE,8,12,4,1606,DC-AM-01,RETAIL
VLX-2026-001299,2026-06-29,2026-07-07,South,Belo Horizonte/MG,Curitiba/PR,STANDARD,DELIVERED_LATE,6,8,2,872,DC-RS-01,RETAIL
VLX-2026-001300,2026-04-05,2026-04-12,North,Salvador/BA,Belem/PA,STANDARD,DELIVERED_ON_TIME,7,7,0,1070,DC-PA-01,RETAIL
VLX-2026-001301,2026-05-25,2026-06-01,Northeast,Goiania/GO,Fortaleza/CE,EXPRESS,DELIVERED_LATE,3,7,4,1526,DC-PE-01,SMB
VLX-2026-001302,2026-05-03,2026-05-15,South,Sao Paulo/SP,Florianopolis/SC,STANDARD,DELIVERY_EXCEPTION,5,12,7,389,DC-RS-01,ENTERPRISE
VLX-2026-001303,2026-01-31,2026-02-08,North,Rio de Janeiro/RJ,Porto Velho/RO,STANDARD,DELIVERED_ON_TIME,8,8,0,1868,DC-PA-01,RETAIL
VLX-2026-001304,2026-08-12,2026-08-16,South,Belo Horizonte/MG,Curitiba/PR,STANDARD,DELIVERED_ON_TIME,5,4,0,1150,DC-RS-01,RETAIL
VLX-2026-001305,2026-07-25,2026-08-02,North,Sao Paulo/SP,Porto Velho/RO,STANDARD,DELIVERED_ON_TIME,8,8,0,2116,DC-AM-01,SMB
VLX-2026-001306,2026-05-19,2026-05-23,North,Goiania/GO,Belem/PA,EXPRESS,DELIVERED_ON_TIME,4,4,0,1341,DC-PA-01,ENTERPRISE
VLX-2026-001307,2026-07-31,2026-08-03,South,Curitiba/PR,Porto Alegre/RS,EXPRESS,DELIVERED_ON_TIME,3,3,0,893,DC-PR-01,RETAIL
VLX-2026-001308,2026-03-23,2026-03-30,North,Recife/PE,Porto Velho/RO,STANDARD,DELIVERED_ON_TIME,7,7,0,477,DC-AM-01,SMB
VLX-2026-001309,2026-06-14,2026-06-19,Southeast,Fortaleza/CE,Sao Paulo/SP,STANDARD,DELIVERED_ON_TIME,5,5,0,337,DC-SP-01,RETAIL
VLX-2026-001310,2026-08-03,2026-08-12,Northeast,Sao Paulo/SP,Fortaleza/CE,STANDARD,DELIVERED_LATE,6,9,3,176,DC-PE-01,RETAIL
VLX-2026-001311,2026-06-12,2026-06-18,Northeast,Rio de Janeiro/RJ,Fortaleza/CE,STANDARD,DELIVERED_ON_TIME,7,6,0,1889,DC-CE-01,RETAIL
VLX-2026-001312,2026-08-15,2026-08-20,Southeast,Goiania/GO,Belo Horizonte/MG,STANDARD,DELIVERED_ON_TIME,5,5,0,981,DC-MG-01,RETAIL
VLX-2026-001313,2026-04-01,2026-04-06,South,Salvador/BA,Porto Alegre/RS,STANDARD,DELIVERED_ON_TIME,5,5,0,377,DC-PR-01,SMB
VLX-2026-001314,2026-04-25,2026-04-27,South,Recife/PE,Florianopolis/SC,EXPRESS,DELIVERED_ON_TIME,2,2,0,887,DC-PR-01,ENTERPRISE
VLX-2026-001315,2026-01-29,2026-02-05,North,Sao Paulo/SP,Belem/PA,STANDARD,DELIVERED_ON_TIME,7,7,0,2293,DC-AM-01,SMB
VLX-2026-001316,2026-02-10,2026-02-15,Southeast,Belo Horizonte/MG,Sao Paulo/SP,STANDARD,DELIVERED_ON_TIME,5,5,0,674,DC-MG-01,RETAIL
VLX-2026-001317,2026-08-02,2026-08-07,Southeast,Rio de Janeiro/RJ,Sao Paulo/SP,STANDARD,DELIVERED_ON_TIME,5,5,0,645,DC-RJ-01,RETAIL
VLX-2026-001318,2026-05-03,2026-05-08,South,Rio de Janeiro/RJ,Curitiba/PR,STANDARD,DELIVERED_ON_TIME,5,5,0,684,DC-PR-01,SMB
VLX-2026-001319,2026-05-21,2026-05-24,Northeast,Belo Horizonte/MG,Fortaleza/CE,EXPRESS,DELIVERED_ON_TIME,3,3,0,294,DC-BA-01,RETAIL
VLX-2026-001320,2026-01-27,2026-01-30,Southeast,Cuiaba/MT,Sao Paulo/SP,EXPRESS,DELIVERED_ON_TIME,3,3,0,129,DC-RJ-01,RETAIL
VLX-2026-001321,2026-07-20,2026-07-23,Northeast,Porto Alegre/RS,Salvador/BA,EXPRESS,DELIVERED_ON_TIME,3,3,0,364,DC-PE-01,RETAIL
VLX-2026-001322,2026-07-19,2026-07-23,North,Manaus/AM,Belem/PA,EXPRESS,DELIVERED_ON_TIME,4,4,0,1552,DC-AM-01,SMB
VLX-2026-001323,2026-05-27,2026-05-30,South,Sao Paulo/SP,Florianopolis/SC,EXPRESS,DELIVERED_ON_TIME,3,3,0,440,DC-RS-01,SMB
VLX-2026-001324,2026-05-04,2026-05-08,South,Porto Alegre/RS,Florianopolis/SC,STANDARD,DELIVERED_ON_TIME,5,4,0,1140,DC-PR-01,ENTERPRISE
VLX-2026-001325,2026-06-11,2026-06-16,Southeast,Recife/PE,Sao Paulo/SP,STANDARD,DELIVERED_ON_TIME,5,5,0,918,DC-SP-01,ENTERPRISE
VLX-2026-001326,2026-07-02,2026-07-08,Southeast,Porto Alegre/RS,Sao Paulo/SP,STANDARD,DELIVERED_ON_TIME,6,6,0,719,DC-SP-01,RETAIL
VLX-2026-001327,2026-05-07,2026-05-17,Northeast,Porto Velho/RO,Salvador/BA,STANDARD,DELIVERED_LATE,6,10,4,567,DC-CE-01,ENTERPRISE
VLX-2026-001328,2026-05-26,2026-05-30,South,Belo Horizonte/MG,Curitiba/PR,STANDARD,DELIVERED_ON_TIME,5,4,0,1300,DC-RS-01,RETAIL
VLX-2026-001329,2026-01-06,2026-01-13,North,Goiania/GO,Manaus/AM,STANDARD,DELIVERED_ON_TIME,7,7,0,1087,DC-PA-01,RETAIL
VLX-2026-001330,2026-01-29,2026-02-03,Southeast,Belo Horizonte/MG,Belo Horizonte/MG,STANDARD,DELIVERED_ON_TIME,5,5,0,114,DC-MG-01,ENTERPRISE
VLX-2026-001331,2026-07-20,2026-07-26,Southeast,Rio de Janeiro/RJ,Belo Horizonte/MG,STANDARD,DELIVERED_ON_TIME,6,6,0,786,DC-MG-01,RETAIL
VLX-2026-001332,2026-04-22,2026-04-27,Southeast,Porto Alegre/RS,Sao Paulo/SP,STANDARD,DELIVERED_ON_TIME,5,5,0,243,DC-SP-01,RETAIL
VLX-2026-001333,2026-04-05,2026-04-06,Southeast,Sao Paulo/SP,Belo Horizonte/MG,EXPRESS,DELIVERED_ON_TIME,2,1,0,592,DC-RJ-01,SMB
VLX-2026-001334,2026-07-25,2026-07-31,South,Curitiba/PR,Curitiba/PR,STANDARD,DELIVERED_ON_TIME,6,6,0,780,DC-RS-01,RETAIL
VLX-2026-001335,2026-08-08,2026-08-21,Northeast,Curitiba/PR,Fortaleza/CE,STANDARD,DELIVERY_EXCEPTION,7,13,6,225,DC-PE-01,RETAIL
VLX-2026-001336,2026-05-05,2026-05-10,Southeast,Florianopolis/SC,Rio de Janeiro/RJ,STANDARD,DELIVERED_ON_TIME,5,5,0,269,DC-SP-01,ENTERPRISE
VLX-2026-001337,2026-01-10,2026-01-16,Central-West,Belo Horizonte/MG,Brasilia/DF,STANDARD,DELIVERED_ON_TIME,6,6,0,666,DC-DF-01,RETAIL
VLX-2026-001338,2026-03-23,2026-03-28,Southeast,Porto Alegre/RS,Rio de Janeiro/RJ,STANDARD,DELIVERED_ON_TIME,5,5,0,374,DC-SP-01,SMB
VLX-2026-001339,2026-06-18,2026-06-23,South,Curitiba/PR,Curitiba/PR,STANDARD,DELIVERED_ON_TIME,5,5,0,614,DC-RS-01,RETAIL
VLX-2026-001340,2026-05-23,2026-05-28,Southeast,Rio de Janeiro/RJ,Sao Paulo/SP,STANDARD,DELIVERED_ON_TIME,5,5,0,183,DC-MG-01,RETAIL
VLX-2026-001341,2026-07-02,2026-07-06,North,Curitiba/PR,Belem/PA,EXPRESS,DELIVERED_ON_TIME,4,4,0,2354,DC-PA-01,SMB
VLX-2026-001342,2026-01-26,2026-02-08,Southeast,Salvador/BA,Rio de Janeiro/RJ,STANDARD,LOST,5,13,8,1083,DC-MG-01,SMB
VLX-2026-001343,2026-04-18,2026-04-21,Central-West,Belo Horizonte/MG,Brasilia/DF,EXPRESS,DELIVERED_ON_TIME,3,3,0,1544,DC-DF-01,RETAIL
VLX-2026-001344,2026-01-23,2026-01-30,North,Rio de Janeiro/RJ,Manaus/AM,STANDARD,DELIVERED_ON_TIME,7,7,0,1879,DC-AM-01,SMB
VLX-2026-001345,2026-03-11,2026-03-13,South,Belo Horizonte/MG,Florianopolis/SC,EXPRESS,DELIVERED_ON_TIME,2,2,0,234,DC-PR-01,RETAIL
VLX-2026-001346,2026-03-16,2026-03-23,Southeast,Porto Alegre/RS,Rio de Janeiro/RJ,STANDARD,DELIVERED_LATE,5,7,2,992,DC-MG-01,RETAIL
VLX-2026-001347,2026-05-20,2026-05-24,South,Salvador/BA,Porto Alegre/RS,STANDARD,DELIVERED_ON_TIME,5,4,0,1151,DC-RS-01,RETAIL
VLX-2026-001348,2026-05-09,2026-05-14,North,Rio de Janeiro/RJ,Manaus/AM,EXPRESS,DELIVERED_ON_TIME,5,5,0,2230,DC-PA-01,SMB
VLX-2026-001349,2026-05-31,2026-06-05,Central-West,Rio de Janeiro/RJ,Cuiaba/MT,EXPRESS,DELIVERY_EXCEPTION,3,5,2,548,DC-GO-01,RETAIL
VLX-2026-001350,2026-04-12,2026-04-16,Central-West,Rio de Janeiro/RJ,Cuiaba/MT,EXPRESS,DELIVERED_ON_TIME,4,4,0,1452,DC-DF-01,RETAIL
VLX-2026-001351,2026-08-02,2026-08-08,Northeast,Belo Horizonte/MG,Fortaleza/CE,STANDARD,DELIVERED_ON_TIME,7,6,0,782,DC-PE-01,RETAIL
VLX-2026-001352,2026-06-28,2026-07-04,Southeast,Cuiaba/MT,Rio de Janeiro/RJ,STANDARD,DELIVERED_ON_TIME,6,6,0,1057,DC-MG-01,SMB
VLX-2026-001353,2026-02-05,2026-02-10,Southeast,Fortaleza/CE,Rio de Janeiro/RJ,STANDARD,DELIVERED_ON_TIME,5,5,0,338,DC-MG-01,RETAIL
VLX-2026-001354,2026-02-01,2026-02-06,South,Belo Horizonte/MG,Curitiba/PR,STANDARD,DELIVERED_ON_TIME,5,5,0,1050,DC-PR-01,SMB
VLX-2026-001355,2026-08-17,2026-08-22,Southeast,Florianopolis/SC,Rio de Janeiro/RJ,STANDARD,DELIVERED_ON_TIME,5,5,0,762,DC-SP-01,RETAIL
VLX-2026-001356,2026-07-04,2026-07-09,Southeast,Porto Alegre/RS,Belo Horizonte/MG,STANDARD,DELIVERED_ON_TIME,5,5,0,130,DC-MG-01,RETAIL
VLX-2026-001357,2026-06-21,2026-06-28,North,Goiania/GO,Belem/PA,STANDARD,DELIVERED_ON_TIME,7,7,0,873,DC-PA-01,RETAIL
VLX-2026-001358,2026-02-18,2026-02-27,South,Sao Paulo/SP,Porto Alegre/RS,STANDARD,DELIVERED_LATE,5,9,4,1116,DC-RS-01,SMB
VLX-2026-001359,2026-06-12,2026-06-22,Northeast,Sao Paulo/SP,Fortaleza/CE,STANDARD,DELIVERED_LATE,6,10,4,835,DC-BA-01,SMB
VLX-2026-001360,2026-05-19,2026-05-27,Southeast,Rio de Janeiro/RJ,Rio de Janeiro/RJ,STANDARD,DELIVERED_LATE,6,8,2,540,DC-SP-01,RETAIL
VLX-2026-001361,2026-04-01,2026-04-06,South,Fortaleza/CE,Porto Alegre/RS,STANDARD,DELIVERED_ON_TIME,5,5,0,451,DC-PR-01,RETAIL
VLX-2026-001362,2026-02-05,2026-02-11,Northeast,Florianopolis/SC,Salvador/BA,STANDARD,DELIVERED_ON_TIME,6,6,0,630,DC-BA-01,SMB
VLX-2026-001363,2026-05-22,2026-05-29,South,Belo Horizonte/MG,Porto Alegre/RS,STANDARD,DELIVERED_LATE,5,7,2,601,DC-PR-01,SMB
VLX-2026-001364,2026-06-17,2026-06-23,Northeast,Sao Paulo/SP,Salvador/BA,STANDARD,DELIVERED_ON_TIME,6,6,0,792,DC-BA-01,RETAIL
VLX-2026-001365,2026-06-26,2026-06-30,Southeast,Rio de Janeiro/RJ,Sao Paulo/SP,EXPRESS,DELIVERED_LATE,2,4,2,251,DC-MG-01,SMB
VLX-2026-001366,2026-05-21,2026-05-24,Northeast,Brasilia/DF,Salvador/BA,EXPRESS,DELIVERED_ON_TIME,3,3,0,495,DC-CE-01,RETAIL
VLX-2026-001367,2026-07-01,2026-07-06,South,Rio de Janeiro/RJ,Porto Alegre/RS,STANDARD,DELIVERED_ON_TIME,5,5,0,527,DC-RS-01,RETAIL
VLX-2026-001368,2026-05-05,2026-05-10,Southeast,Rio de Janeiro/RJ,Belo Horizonte/MG,STANDARD,DELIVERED_ON_TIME,6,5,0,919,DC-RJ-01,RETAIL
VLX-2026-001369,2026-02-12,2026-02-17,Northeast,Belo Horizonte/MG,Recife/PE,STANDARD,DELIVERED_ON_TIME,6,5,0,1508,DC-PE-01,RETAIL
VLX-2026-001370,2026-07-23,2026-08-02,Northeast,Cuiaba/MT,Salvador/BA,STANDARD,DELIVERED_LATE,6,10,4,1873,DC-PE-01,SMB
VLX-2026-001371,2026-05-05,2026-05-10,South,Curitiba/PR,Porto Alegre/RS,STANDARD,DELIVERED_ON_TIME,5,5,0,716,DC-PR-01,SMB
VLX-2026-001372,2026-04-19,2026-04-28,Northeast,Sao Paulo/SP,Recife/PE,STANDARD,DELIVERED_LATE,6,9,3,1371,DC-PE-01,SMB
VLX-2026-001373,2026-05-16,2026-05-20,Southeast,Fortaleza/CE,Sao Paulo/SP,STANDARD,DELIVERED_ON_TIME,5,4,0,626,DC-RJ-01,RETAIL
VLX-2026-001374,2026-08-15,2026-08-17,Central-West,Rio de Janeiro/RJ,Brasilia/DF,EXPRESS,DELIVERED_ON_TIME,3,2,0,786,DC-GO-01,SMB
VLX-2026-001375,2026-02-20,2026-02-26,Central-West,Brasilia/DF,Brasilia/DF,EXPRESS,DELIVERED_LATE,3,6,3,421,DC-DF-01,RETAIL
VLX-2026-001376,2026-05-01,2026-05-04,South,Curitiba/PR,Curitiba/PR,EXPRESS,DELIVERED_ON_TIME,3,3,0,545,DC-PR-01,RETAIL
VLX-2026-001377,2026-01-01,2026-01-07,Northeast,Brasilia/DF,Salvador/BA,STANDARD,DELIVERED_ON_TIME,6,6,0,750,DC-PE-01,RETAIL
VLX-2026-001378,2026-06-17,2026-06-21,South,Florianopolis/SC,Porto Alegre/RS,STANDARD,DELIVERED_ON_TIME,5,4,0,375,DC-RS-01,SMB
VLX-2026-001379,2026-03-03,2026-03-10,Southeast,Sao Paulo/SP,Rio de Janeiro/RJ,STANDARD,DELIVERED_LATE,6,7,1,332,DC-SP-01,RETAIL
VLX-2026-001380,2026-08-11,2026-08-15,South,Goiania/GO,Porto Alegre/RS,STANDARD,DELIVERED_ON_TIME,5,4,0,928,DC-RS-01,RETAIL
VLX-2026-001381,2026-03-03,2026-03-05,Southeast,Rio de Janeiro/RJ,Rio de Janeiro/RJ,EXPRESS,DELIVERED_ON_TIME,2,2,0,592,DC-RJ-01,RETAIL
VLX-2026-001382,2026-08-07,2026-08-12,Northeast,Belo Horizonte/MG,Salvador/BA,STANDARD,DELIVERED_ON_TIME,6,5,0,1431,DC-PE-01,RETAIL
VLX-2026-001383,2026-01-29,2026-02-06,North,Brasilia/DF,Manaus/AM,STANDARD,DELIVERED_ON_TIME,8,8,0,1850,DC-AM-01,SMB
VLX-2026-001384,2026-07-13,2026-07-19,Northeast,Salvador/BA,Recife/PE,EXPRESS,DELIVERED_LATE,3,6,3,228,DC-CE-01,SMB
VLX-2026-001385,2026-05-30,2026-06-04,South,Sao Paulo/SP,Florianopolis/SC,STANDARD,DELIVERED_ON_TIME,6,5,0,146,DC-RS-01,RETAIL
VLX-2026-001386,2026-07-11,2026-07-16,Central-West,Recife/PE,Brasilia/DF,STANDARD,DELIVERED_ON_TIME,6,5,0,1314,DC-GO-01,RETAIL
VLX-2026-001387,2026-01-18,2026-01-23,Northeast,Manaus/AM,Fortaleza/CE,STANDARD,DELIVERED_ON_TIME,6,5,0,642,DC-PE-01,RETAIL
VLX-2026-001388,2026-01-07,2026-01-14,Central-West,Fortaleza/CE,Cuiaba/MT,STANDARD,DELIVERED_ON_TIME,7,7,0,699,DC-DF-01,RETAIL
VLX-2026-001389,2026-03-22,2026-03-29,Central-West,Porto Velho/RO,Brasilia/DF,STANDARD,DELIVERED_LATE,6,7,1,618,DC-DF-01,RETAIL
VLX-2026-001390,2026-01-30,2026-02-04,Southeast,Sao Paulo/SP,Sao Paulo/SP,STANDARD,DELIVERED_ON_TIME,5,5,0,592,DC-SP-01,ENTERPRISE
VLX-2026-001391,2026-07-20,2026-07-22,Southeast,Curitiba/PR,Rio de Janeiro/RJ,EXPRESS,DELIVERED_ON_TIME,2,2,0,615,DC-SP-01,RETAIL
VLX-2026-001392,2026-08-01,2026-08-08,North,Belo Horizonte/MG,Belem/PA,STANDARD,DELIVERED_ON_TIME,7,7,0,2042,DC-PA-01,RETAIL
VLX-2026-001393,2026-03-19,2026-03-20,Southeast,Manaus/AM,Rio de Janeiro/RJ,EXPRESS,DELIVERED_ON_TIME,2,1,0,831,DC-SP-01,SMB
VLX-2026-001394,2026-02-24,2026-03-01,South,Goiania/GO,Porto Alegre/RS,STANDARD,DELIVERED_ON_TIME,5,5,0,212,DC-RS-01,RETAIL
VLX-2026-001395,2026-04-03,2026-04-13,Central-West,Sao Paulo/SP,Brasilia/DF,STANDARD,DELIVERED_LATE,6,10,4,1482,DC-DF-01,RETAIL
VLX-2026-001396,2026-08-04,2026-08-07,Northeast,Fortaleza/CE,Salvador/BA,EXPRESS,DELIVERED_ON_TIME,3,3,0,1823,DC-PE-01,RETAIL
VLX-2026-001397,2026-04-17,2026-04-23,North,Sao Paulo/SP,Porto Velho/RO,STANDARD,DELIVERED_ON_TIME,7,6,0,2160,DC-AM-01,RETAIL
VLX-2026-001398,2026-03-03,2026-03-08,South,Rio de Janeiro/RJ,Curitiba/PR,STANDARD,DELIVERED_ON_TIME,5,5,0,518,DC-PR-01,RETAIL
VLX-2026-001399,2026-02-03,2026-02-12,Northeast,Cuiaba/MT,Fortaleza/CE,STANDARD,DELIVERED_LATE,7,9,2,1137,DC-PE-01,RETAIL
VLX-2026-001400,2026-03-29,2026-04-02,South,Porto Alegre/RS,Florianopolis/SC,STANDARD,DELIVERED_ON_TIME,5,4,0,1269,DC-PR-01,RETAIL
VLX-2026-001401,2026-01-01,2026-01-06,Southeast,Manaus/AM,Rio de Janeiro/RJ,STANDARD,DELIVERED_ON_TIME,5,5,0,122,DC-MG-01,SMB
VLX-2026-001402,2026-08-11,2026-08-17,Northeast,Belo Horizonte/MG,Fortaleza/CE,STANDARD,DELIVERED_ON_TIME,6,6,0,1625,DC-BA-01,RETAIL
VLX-2026-001403,2026-03-03,2026-03-08,South,Salvador/BA,Curitiba/PR,STANDARD,DELIVERED_ON_TIME,5,5,0,1182,DC-PR-01,RETAIL
VLX-2026-001404,2026-01-23,2026-01-26,Central-West,Porto Velho/RO,Brasilia/DF,EXPRESS,DELIVERED_ON_TIME,3,3,0,1561,DC-DF-01,RETAIL
VLX-2026-001405,2026-08-11,2026-08-15,South,Rio de Janeiro/RJ,Florianopolis/SC,STANDARD,DELIVERED_ON_TIME,5,4,0,1274,DC-RS-01,SMB
VLX-2026-001406,2026-06-28,2026-06-30,South,Sao Paulo/SP,Porto Alegre/RS,EXPRESS,DELIVERED_ON_TIME,2,2,0,197,DC-RS-01,RETAIL
VLX-2026-001407,2026-03-13,2026-03-20,Central-West,Sao Paulo/SP,Brasilia/DF,STANDARD,DELIVERED_ON_TIME,7,7,0,1458,DC-DF-01,RETAIL
VLX-2026-001408,2026-08-02,2026-08-08,South,Porto Velho/RO,Porto Alegre/RS,STANDARD,DELIVERED_ON_TIME,6,6,0,812,DC-RS-01,RETAIL
VLX-2026-001409,2026-03-29,2026-04-06,North,Belo Horizonte/MG,Porto Velho/RO,EXPRESS,DELIVERED_LATE,4,8,4,1571,DC-AM-01,RETAIL
VLX-2026-001410,2026-04-25,2026-04-29,Southeast,Belo Horizonte/MG,Rio de Janeiro/RJ,EXPRESS,DELIVERED_LATE,2,4,2,771,DC-RJ-01,RETAIL
VLX-2026-001411,2026-02-25,2026-03-03,South,Manaus/AM,Florianopolis/SC,STANDARD,DELIVERED_LATE,5,6,1,257,DC-RS-01,RETAIL
VLX-2026-001412,2026-01-21,2026-01-24,Central-West,Porto Alegre/RS,Goiania/GO,EXPRESS,DELIVERED_ON_TIME,3,3,0,393,DC-GO-01,RETAIL
VLX-2026-001413,2026-02-18,2026-02-22,Southeast,Manaus/AM,Sao Paulo/SP,STANDARD,DELIVERED_ON_TIME,5,4,0,737,DC-RJ-01,RETAIL
VLX-2026-001414,2026-03-18,2026-03-23,South,Rio de Janeiro/RJ,Porto Alegre/RS,STANDARD,DELIVERED_ON_TIME,5,5,0,650,DC-PR-01,RETAIL
VLX-2026-001415,2026-08-11,2026-08-18,North,Porto Alegre/RS,Manaus/AM,STANDARD,DELIVERED_ON_TIME,7,7,0,1235,DC-AM-01,RETAIL
VLX-2026-001416,2026-02-03,2026-02-12,Southeast,Goiania/GO,Belo Horizonte/MG,STANDARD,DELIVERY_EXCEPTION,5,9,4,471,DC-RJ-01,SMB
VLX-2026-001417,2026-05-24,2026-06-04,North,Salvador/BA,Manaus/AM,STANDARD,DELIVERED_LATE,7,11,4,1000,DC-AM-01,ENTERPRISE
VLX-2026-001418,2026-04-08,2026-04-12,North,Salvador/BA,Manaus/AM,EXPRESS,DELIVERED_ON_TIME,4,4,0,1008,DC-PA-01,RETAIL
VLX-2026-001419,2026-07-02,2026-07-08,South,Rio de Janeiro/RJ,Curitiba/PR,STANDARD,DELIVERED_ON_TIME,6,6,0,1015,DC-RS-01,RETAIL
VLX-2026-001420,2026-06-22,2026-06-27,Southeast,Sao Paulo/SP,Sao Paulo/SP,STANDARD,DELIVERED_ON_TIME,5,5,0,795,DC-SP-01,SMB
VLX-2026-001421,2026-08-09,2026-08-14,Northeast,Recife/PE,Fortaleza/CE,STANDARD,DELIVERED_ON_TIME,6,5,0,1159,DC-PE-01,SMB
VLX-2026-001422,2026-05-04,2026-05-10,Southeast,Cuiaba/MT,Rio de Janeiro/RJ,STANDARD,DELIVERED_ON_TIME,6,6,0,167,DC-RJ-01,ENTERPRISE
VLX-2026-001423,2026-07-11,2026-07-17,Northeast,Porto Alegre/RS,Fortaleza/CE,STANDARD,DELIVERED_ON_TIME,6,6,0,1012,DC-CE-01,SMB
VLX-2026-001424,2026-04-08,2026-04-20,Northeast,Porto Alegre/RS,Salvador/BA,STANDARD,DELIVERED_LATE,6,12,6,1276,DC-BA-01,RETAIL
VLX-2026-001425,2026-07-18,2026-07-23,Southeast,Cuiaba/MT,Sao Paulo/SP,STANDARD,DELIVERED_ON_TIME,5,5,0,550,DC-RJ-01,RETAIL
VLX-2026-001426,2026-05-31,2026-06-04,Central-West,Florianopolis/SC,Goiania/GO,EXPRESS,DELIVERED_ON_TIME,4,4,0,537,DC-GO-01,RETAIL
VLX-2026-001427,2026-01-18,2026-01-28,North,Rio de Janeiro/RJ,Manaus/AM,EXPRESS,DELIVERY_EXCEPTION,4,10,6,2132,DC-AM-01,RETAIL
VLX-2026-001428,2026-02-22,2026-03-05,North,Belo Horizonte/MG,Porto Velho/RO,STANDARD,DELIVERED_LATE,7,11,4,1790,DC-AM-01,ENTERPRISE
VLX-2026-001429,2026-03-04,2026-03-07,Central-West,Sao Paulo/SP,Cuiaba/MT,EXPRESS,DELIVERED_ON_TIME,3,3,0,428,DC-DF-01,RETAIL
VLX-2026-001430,2026-01-20,2026-01-25,Central-West,Belo Horizonte/MG,Brasilia/DF,STANDARD,DELIVERED_ON_TIME,6,5,0,321,DC-DF-01,RETAIL
VLX-2026-001431,2026-06-19,2026-06-25,Central-West,Porto Alegre/RS,Goiania/GO,STANDARD,DELIVERED_ON_TIME,6,6,0,276,DC-GO-01,SMB
VLX-2026-001432,2026-04-04,2026-04-12,North,Fortaleza/CE,Manaus/AM,STANDARD,DELIVERED_ON_TIME,8,8,0,617,DC-AM-01,RETAIL
VLX-2026-001433,2026-05-25,2026-06-01,South,Cuiaba/MT,Florianopolis/SC,EXPRESS,DELIVERED_LATE,3,7,4,124,DC-PR-01,RETAIL
VLX-2026-001434,2026-03-08,2026-03-13,Northeast,Rio de Janeiro/RJ,Salvador/BA,STANDARD,DELIVERED_ON_TIME,6,5,0,961,DC-PE-01,RETAIL
VLX-2026-001435,2026-04-24,2026-04-30,Northeast,Belo Horizonte/MG,Salvador/BA,STANDARD,DELIVERED_ON_TIME,7,6,0,1779,DC-BA-01,ENTERPRISE
VLX-2026-001436,2026-07-16,2026-07-22,Central-West,Cuiaba/MT,Brasilia/DF,STANDARD,DELIVERED_ON_TIME,6,6,0,1499,DC-GO-01,RETAIL
VLX-2026-001437,2026-05-09,2026-05-15,Southeast,Belo Horizonte/MG,Sao Paulo/SP,STANDARD,DELIVERED_ON_TIME,6,6,0,586,DC-RJ-01,SMB
VLX-2026-001438,2026-02-15,2026-02-20,Southeast,Fortaleza/CE,Belo Horizonte/MG,STANDARD,DELIVERED_ON_TIME,5,5,0,455,DC-MG-01,RETAIL
VLX-2026-001439,2026-07-01,2026-07-05,South,Belo Horizonte/MG,Florianopolis/SC,EXPRESS,DELIVERED_LATE,2,4,2,960,DC-RS-01,SMB
VLX-2026-001440,2026-03-22,2026-03-25,Northeast,Sao Paulo/SP,Fortaleza/CE,EXPRESS,DELIVERED_ON_TIME,3,3,0,1110,DC-CE-01,RETAIL
VLX-2026-001441,2026-06-25,2026-06-29,South,Curitiba/PR,Curitiba/PR,STANDARD,DELIVERED_ON_TIME,5,4,0,1133,DC-RS-01,ENTERPRISE
VLX-2026-001442,2026-06-01,2026-06-12,Northeast,Cuiaba/MT,Salvador/BA,EXPRESS,DELIVERY_EXCEPTION,4,11,7,872,DC-PE-01,RETAIL
VLX-2026-001443,2026-02-25,2026-03-07,Northeast,Belo Horizonte/MG,Fortaleza/CE,STANDARD,DELIVERED_LATE,7,10,3,344,DC-CE-01,SMB
VLX-2026-001444,2026-03-24,2026-03-31,North,Fortaleza/CE,Belem/PA,STANDARD,DELIVERED_ON_TIME,7,7,0,2272,DC-AM-01,RETAIL
VLX-2026-001445,2026-05-01,2026-05-05,North,Belem/PA,Porto Velho/RO,EXPRESS,DELIVERED_ON_TIME,4,4,0,1872,DC-AM-01,RETAIL
VLX-2026-001446,2026-04-06,2026-04-12,Northeast,Belo Horizonte/MG,Salvador/BA,STANDARD,DELIVERED_ON_TIME,6,6,0,1884,DC-BA-01,RETAIL
VLX-2026-001447,2026-03-23,2026-03-28,North,Sao Paulo/SP,Belem/PA,EXPRESS,DELIVERED_ON_TIME,5,5,0,1562,DC-PA-01,RETAIL
VLX-2026-001448,2026-08-11,2026-08-14,Central-West,Sao Paulo/SP,Brasilia/DF,EXPRESS,DELIVERED_ON_TIME,3,3,0,298,DC-GO-01,SMB
VLX-2026-001449,2026-08-06,2026-08-12,Central-West,Salvador/BA,Goiania/GO,STANDARD,DELIVERED_ON_TIME,6,6,0,1695,DC-GO-01,RETAIL
VLX-2026-001450,2026-06-02,2026-06-08,Central-West,Curitiba/PR,Goiania/GO,STANDARD,DELIVERED_ON_TIME,7,6,0,1185,DC-DF-01,RETAIL
VLX-2026-001451,2026-06-29,2026-07-10,Northeast,Sao Paulo/SP,Fortaleza/CE,STANDARD,DELIVERED_LATE,6,11,5,1550,DC-BA-01,RETAIL
VLX-2026-001452,2026-03-06,2026-03-13,North,Rio de Janeiro/RJ,Belem/PA,STANDARD,DELIVERED_ON_TIME,7,7,0,574,DC-AM-01,RETAIL
VLX-2026-001453,2026-02-17,2026-02-22,Central-West,Goiania/GO,Brasilia/DF,STANDARD,DELIVERED_ON_TIME,6,5,0,1672,DC-DF-01,SMB
VLX-2026-001454,2026-01-21,2026-01-26,South,Goiania/GO,Porto Alegre/RS,STANDARD,DELIVERED_ON_TIME,5,5,0,1065,DC-PR-01,RETAIL
VLX-2026-001455,2026-08-06,2026-08-16,Northeast,Fortaleza/CE,Fortaleza/CE,STANDARD,DELIVERED_LATE,7,10,3,906,DC-CE-01,SMB
VLX-2026-001456,2026-04-15,2026-04-20,South,Recife/PE,Curitiba/PR,EXPRESS,DELIVERED_LATE,2,5,3,539,DC-PR-01,RETAIL
VLX-2026-001457,2026-06-10,2026-06-12,Northeast,Recife/PE,Fortaleza/CE,EXPRESS,DELIVERED_ON_TIME,3,2,0,449,DC-BA-01,ENTERPRISE
VLX-2026-001458,2026-08-01,2026-08-05,Central-West,Manaus/AM,Goiania/GO,EXPRESS,DELIVERED_ON_TIME,4,4,0,655,DC-GO-01,ENTERPRISE
VLX-2026-001459,2026-07-01,2026-07-06,Southeast,Rio de Janeiro/RJ,Belo Horizonte/MG,STANDARD,DELIVERED_ON_TIME,5,5,0,919,DC-MG-01,RETAIL
VLX-2026-001460,2026-05-16,2026-05-18,South,Belem/PA,Florianopolis/SC,EXPRESS,DELIVERED_ON_TIME,2,2,0,1122,DC-PR-01,ENTERPRISE
VLX-2026-001461,2026-03-19,2026-03-25,Northeast,Cuiaba/MT,Salvador/BA,STANDARD,DELIVERED_ON_TIME,6,6,0,578,DC-CE-01,RETAIL
VLX-2026-001462,2026-05-08,2026-05-16,North,Salvador/BA,Porto Velho/RO,STANDARD,DELIVERED_ON_TIME,8,8,0,1155,DC-AM-01,SMB
VLX-2026-001463,2026-06-28,2026-07-02,Southeast,Rio de Janeiro/RJ,Belo Horizonte/MG,STANDARD,DELIVERED_ON_TIME,5,4,0,417,DC-RJ-01,RETAIL
VLX-2026-001464,2026-06-15,2026-06-22,North,Salvador/BA,Manaus/AM,STANDARD,DELIVERED_ON_TIME,7,7,0,802,DC-PA-01,SMB
VLX-2026-001465,2026-07-17,2026-07-23,Central-West,Curitiba/PR,Goiania/GO,STANDARD,DELIVERED_ON_TIME,6,6,0,507,DC-DF-01,SMB
VLX-2026-001466,2026-06-13,2026-06-18,Southeast,Porto Alegre/RS,Sao Paulo/SP,STANDARD,DELIVERED_ON_TIME,5,5,0,416,DC-SP-01,RETAIL
VLX-2026-001467,2026-08-03,2026-08-06,Southeast,Belo Horizonte/MG,Sao Paulo/SP,EXPRESS,DELIVERED_ON_TIME,3,3,0,1006,DC-MG-01,RETAIL
VLX-2026-001468,2026-03-03,2026-03-09,Southeast,Sao Paulo/SP,Belo Horizonte/MG,STANDARD,DELIVERED_ON_TIME,6,6,0,563,DC-RJ-01,RETAIL
VLX-2026-001469,2026-06-16,2026-06-22,Southeast,Belo Horizonte/MG,Belo Horizonte/MG,STANDARD,DELIVERED_ON_TIME,6,6,0,239,DC-SP-01,RETAIL
VLX-2026-001470,2026-05-16,2026-05-20,South,Florianopolis/SC,Florianopolis/SC,STANDARD,DELIVERED_ON_TIME,5,4,0,1261,DC-RS-01,SMB
VLX-2026-001471,2026-02-06,2026-02-11,North,Cuiaba/MT,Porto Velho/RO,EXPRESS,DELIVERED_ON_TIME,5,5,0,2176,DC-PA-01,RETAIL
VLX-2026-001472,2026-07-02,2026-07-11,Northeast,Rio de Janeiro/RJ,Recife/PE,STANDARD,DELIVERY_EXCEPTION,7,9,2,1107,DC-BA-01,RETAIL
VLX-2026-001473,2026-08-05,2026-08-14,Central-West,Manaus/AM,Goiania/GO,STANDARD,DELIVERED_LATE,6,9,3,1206,DC-DF-01,RETAIL
VLX-2026-001474,2026-02-26,2026-03-06,Southeast,Rio de Janeiro/RJ,Rio de Janeiro/RJ,STANDARD,DELIVERED_LATE,6,8,2,669,DC-MG-01,RETAIL
VLX-2026-001475,2026-03-05,2026-03-08,Northeast,Sao Paulo/SP,Salvador/BA,EXPRESS,DELIVERED_ON_TIME,3,3,0,1286,DC-PE-01,RETAIL
VLX-2026-001476,2026-04-03,2026-04-05,Southeast,Rio de Janeiro/RJ,Belo Horizonte/MG,EXPRESS,DELIVERED_ON_TIME,2,2,0,649,DC-MG-01,RETAIL
VLX-2026-001477,2026-04-24,2026-05-03,North,Porto Alegre/RS,Manaus/AM,STANDARD,DELIVERED_LATE,7,9,2,2135,DC-PA-01,RETAIL
VLX-2026-001478,2026-06-27,2026-07-04,Central-West,Belem/PA,Cuiaba/MT,STANDARD,DELIVERED_ON_TIME,7,7,0,1419,DC-GO-01,SMB
VLX-2026-001479,2026-05-19,2026-05-23,Southeast,Curitiba/PR,Rio de Janeiro/RJ,STANDARD,DELIVERED_ON_TIME,5,4,0,125,DC-MG-01,SMB
VLX-2026-001480,2026-07-14,2026-07-17,Central-West,Brasilia/DF,Goiania/GO,EXPRESS,DELIVERED_ON_TIME,3,3,0,495,DC-DF-01,SMB
VLX-2026-001481,2026-04-22,2026-04-26,Southeast,Manaus/AM,Sao Paulo/SP,STANDARD,DELIVERED_ON_TIME,5,4,0,846,DC-RJ-01,RETAIL
VLX-2026-001482,2026-04-18,2026-04-25,Central-West,Belo Horizonte/MG,Cuiaba/MT,STANDARD,DELIVERED_ON_TIME,7,7,0,1535,DC-GO-01,RETAIL
VLX-2026-001483,2026-08-09,2026-08-13,South,Cuiaba/MT,Florianopolis/SC,STANDARD,DELIVERED_ON_TIME,5,4,0,125,DC-RS-01,RETAIL
VLX-2026-001484,2026-08-13,2026-08-22,Northeast,Goiania/GO,Salvador/BA,STANDARD,DELIVERED_LATE,7,9,2,851,DC-PE-01,RETAIL
VLX-2026-001485,2026-03-26,2026-03-29,Southeast,Belo Horizonte/MG,Rio de Janeiro/RJ,EXPRESS,DELIVERED_ON_TIME,3,3,0,419,DC-SP-01,RETAIL
VLX-2026-001486,2026-02-16,2026-02-20,North,Rio de Janeiro/RJ,Manaus/AM,EXPRESS,DELIVERED_ON_TIME,5,4,0,1479,DC-PA-01,RETAIL
VLX-2026-001487,2026-02-08,2026-02-10,Central-West,Rio de Janeiro/RJ,Brasilia/DF,EXPRESS,DELIVERED_ON_TIME,3,2,0,1470,DC-DF-01,SMB
VLX-2026-001488,2026-05-19,2026-06-06,Northeast,Salvador/BA,Recife/PE,STANDARD,LOST,6,18,12,614,DC-BA-01,SMB
VLX-2026-001489,2026-01-07,2026-01-12,Southeast,Fortaleza/CE,Belo Horizonte/MG,STANDARD,DELIVERED_ON_TIME,5,5,0,199,DC-RJ-01,SMB
VLX-2026-001490,2026-01-19,2026-01-23,Southeast,Goiania/GO,Sao Paulo/SP,STANDARD,DELIVERED_ON_TIME,5,4,0,852,DC-SP-01,RETAIL
VLX-2026-001491,2026-02-09,2026-02-12,Northeast,Fortaleza/CE,Salvador/BA,EXPRESS,DELIVERED_ON_TIME,3,3,0,1015,DC-PE-01,RETAIL
VLX-2026-001492,2026-06-02,2026-06-11,Northeast,Florianopolis/SC,Fortaleza/CE,STANDARD,DELIVERY_EXCEPTION,6,9,3,738,DC-CE-01,RETAIL
VLX-2026-001493,2026-03-01,2026-03-07,Southeast,Curitiba/PR,Rio de Janeiro/RJ,STANDARD,DELIVERED_ON_TIME,6,6,0,305,DC-MG-01,RETAIL
VLX-2026-001494,2026-03-17,2026-03-22,Central-West,Rio de Janeiro/RJ,Brasilia/DF,EXPRESS,DELIVERED_LATE,4,5,1,721,DC-GO-01,RETAIL
VLX-2026-001495,2026-01-15,2026-01-17,Southeast,Sao Paulo/SP,Sao Paulo/SP,EXPRESS,DELIVERED_ON_TIME,2,2,0,898,DC-SP-01,RETAIL
VLX-2026-001496,2026-05-04,2026-05-13,Central-West,Porto Alegre/RS,Goiania/GO,STANDARD,DELIVERED_LATE,6,9,3,795,DC-DF-01,RETAIL
VLX-2026-001497,2026-04-03,2026-04-07,South,Florianopolis/SC,Curitiba/PR,STANDARD,DELIVERED_ON_TIME,5,4,0,658,DC-RS-01,RETAIL
VLX-2026-001498,2026-03-18,2026-03-24,Northeast,Salvador/BA,Fortaleza/CE,STANDARD,DELIVERED_ON_TIME,6,6,0,694,DC-PE-01,SMB
VLX-2026-001499,2026-01-14,2026-01-19,South,Salvador/BA,Florianopolis/SC,STANDARD,DELIVERED_ON_TIME,5,5,0,295,DC-PR-01,RETAIL
VLX-2026-001500,2026-08-04,2026-08-06,Southeast,Rio de Janeiro/RJ,Sao Paulo/SP,EXPRESS,DELIVERED_ON_TIME,3,2,0,880,DC-MG-01,SMB
VLX-2026-001501,2026-03-25,2026-03-27,South,Porto Alegre/RS,Curitiba/PR,EXPRESS,DELIVERED_ON_TIME,2,2,0,571,DC-RS-01,RETAIL
VLX-2026-001502,2026-02-28,2026-03-06,Northeast,Belo Horizonte/MG,Recife/PE,STANDARD,DELIVERED_ON_TIME,6,6,0,1165,DC-CE-01,RETAIL
VLX-2026-001503,2026-07-25,2026-07-31,South,Belo Horizonte/MG,Florianopolis/SC,STANDARD,DELIVERED_ON_TIME,6,6,0,205,DC-PR-01,SMB
VLX-2026-001504,2026-05-18,2026-05-24,Northeast,Sao Paulo/SP,Fortaleza/CE,STANDARD,DELIVERED_ON_TIME,6,6,0,532,DC-BA-01,RETAIL
VLX-2026-001505,2026-06-18,2026-06-23,Southeast,Salvador/BA,Belo Horizonte/MG,STANDARD,DELIVERED_ON_TIME,6,5,0,273,DC-MG-01,RETAIL
VLX-2026-001506,2026-02-24,2026-02-26,Southeast,Salvador/BA,Belo Horizonte/MG,EXPRESS,DELIVERED_ON_TIME,2,2,0,590,DC-MG-01,RETAIL
VLX-2026-001507,2026-01-11,2026-01-14,Central-West,Belem/PA,Brasilia/DF,EXPRESS,DELIVERED_ON_TIME,3,3,0,391,DC-DF-01,RETAIL
VLX-2026-001508,2026-07-02,2026-07-04,Central-West,Porto Alegre/RS,Brasilia/DF,EXPRESS,DELIVERED_ON_TIME,3,2,0,728,DC-DF-01,RETAIL
VLX-2026-001509,2026-04-18,2026-04-24,Northeast,Rio de Janeiro/RJ,Fortaleza/CE,STANDARD,DELIVERED_ON_TIME,6,6,0,586,DC-PE-01,RETAIL
VLX-2026-001510,2026-08-11,2026-08-17,North,Belo Horizonte/MG,Porto Velho/RO,STANDARD,DELIVERED_ON_TIME,7,6,0,949,DC-PA-01,SMB
VLX-2026-001511,2026-03-30,2026-04-05,South,Rio de Janeiro/RJ,Porto Alegre/RS,STANDARD,DELIVERED_ON_TIME,6,6,0,1081,DC-RS-01,RETAIL
VLX-2026-001512,2026-04-26,2026-04-27,Southeast,Recife/PE,Belo Horizonte/MG,EXPRESS,DELIVERED_ON_TIME,2,1,0,756,DC-RJ-01,SMB
VLX-2026-001513,2026-08-17,2026-08-20,Central-West,Belo Horizonte/MG,Brasilia/DF,EXPRESS,DELIVERED_ON_TIME,3,3,0,1328,DC-GO-01,SMB
VLX-2026-001514,2026-02-21,2026-02-26,Southeast,Fortaleza/CE,Sao Paulo/SP,STANDARD,DELIVERED_ON_TIME,5,5,0,204,DC-MG-01,RETAIL
VLX-2026-001515,2026-06-11,2026-06-15,North,Fortaleza/CE,Manaus/AM,EXPRESS,DELIVERED_ON_TIME,4,4,0,2226,DC-PA-01,RETAIL
VLX-2026-001516,2026-02-25,2026-03-02,South,Belo Horizonte/MG,Florianopolis/SC,STANDARD,DELIVERED_ON_TIME,5,5,0,512,DC-PR-01,RETAIL
VLX-2026-001517,2026-07-02,2026-07-06,South,Rio de Janeiro/RJ,Curitiba/PR,STANDARD,DELIVERED_ON_TIME,5,4,0,759,DC-RS-01,RETAIL
VLX-2026-001518,2026-05-24,2026-05-29,Southeast,Salvador/BA,Sao Paulo/SP,STANDARD,DELIVERED_ON_TIME,5,5,0,1019,DC-SP-01,SMB
VLX-2026-001519,2026-02-26,2026-02-28,Southeast,Porto Alegre/RS,Rio de Janeiro/RJ,EXPRESS,DELIVERED_ON_TIME,2,2,0,1005,DC-RJ-01,ENTERPRISE
VLX-2026-001520,2026-03-22,2026-03-25,Northeast,Belo Horizonte/MG,Salvador/BA,EXPRESS,DELIVERED_ON_TIME,3,3,0,526,DC-BA-01,RETAIL
VLX-2026-001521,2026-05-21,2026-05-25,North,Rio de Janeiro/RJ,Belem/PA,EXPRESS,DELIVERED_ON_TIME,4,4,0,915,DC-PA-01,ENTERPRISE
VLX-2026-001522,2026-02-17,2026-02-22,South,Rio de Janeiro/RJ,Florianopolis/SC,STANDARD,DELIVERED_ON_TIME,5,5,0,881,DC-PR-01,RETAIL
VLX-2026-001523,2026-01-16,2026-01-21,South,Fortaleza/CE,Porto Alegre/RS,STANDARD,DELIVERED_ON_TIME,5,5,0,1177,DC-PR-01,RETAIL
VLX-2026-001524,2026-01-20,2026-01-25,Southeast,Brasilia/DF,Rio de Janeiro/RJ,STANDARD,DELIVERED_ON_TIME,5,5,0,456,DC-MG-01,ENTERPRISE
VLX-2026-001525,2026-03-23,2026-03-28,South,Porto Velho/RO,Curitiba/PR,STANDARD,DELIVERED_ON_TIME,5,5,0,922,DC-PR-01,SMB
VLX-2026-001526,2026-05-01,2026-05-04,Northeast,Goiania/GO,Recife/PE,EXPRESS,DELIVERED_ON_TIME,4,3,0,1140,DC-BA-01,RETAIL
VLX-2026-001527,2026-01-26,2026-01-29,Northeast,Rio de Janeiro/RJ,Recife/PE,EXPRESS,DELIVERED_ON_TIME,3,3,0,1647,DC-BA-01,SMB
VLX-2026-001528,2026-02-28,2026-03-05,Southeast,Recife/PE,Rio de Janeiro/RJ,STANDARD,DELIVERED_ON_TIME,5,5,0,656,DC-RJ-01,RETAIL
VLX-2026-001529,2026-02-24,2026-03-04,North,Belo Horizonte/MG,Porto Velho/RO,STANDARD,DELIVERED_LATE,7,8,1,2159,DC-PA-01,ENTERPRISE
VLX-2026-001530,2026-05-07,2026-05-12,Southeast,Porto Velho/RO,Rio de Janeiro/RJ,STANDARD,DELIVERED_ON_TIME,5,5,0,1095,DC-RJ-01,RETAIL
VLX-2026-001531,2026-07-26,2026-08-03,South,Porto Alegre/RS,Florianopolis/SC,STANDARD,DELIVERED_LATE,5,8,3,800,DC-PR-01,SMB
VLX-2026-001532,2026-04-14,2026-04-15,Southeast,Sao Paulo/SP,Rio de Janeiro/RJ,EXPRESS,DELIVERED_ON_TIME,2,1,0,762,DC-MG-01,SMB
VLX-2026-001533,2026-04-05,2026-04-11,Central-West,Goiania/GO,Cuiaba/MT,STANDARD,DELIVERED_ON_TIME,6,6,0,1031,DC-DF-01,SMB
VLX-2026-001534,2026-08-17,2026-08-19,Northeast,Cuiaba/MT,Recife/PE,EXPRESS,DELIVERED_ON_TIME,3,2,0,1780,DC-BA-01,RETAIL
VLX-2026-001535,2026-04-28,2026-05-04,Northeast,Brasilia/DF,Fortaleza/CE,STANDARD,DELIVERED_ON_TIME,6,6,0,1476,DC-CE-01,RETAIL
VLX-2026-001536,2026-05-26,2026-05-29,Northeast,Florianopolis/SC,Salvador/BA,EXPRESS,DELIVERED_ON_TIME,3,3,0,500,DC-CE-01,ENTERPRISE
VLX-2026-001537,2026-08-14,2026-08-24,Southeast,Porto Alegre/RS,Belo Horizonte/MG,STANDARD,DELIVERED_LATE,6,10,4,1027,DC-SP-01,SMB
VLX-2026-001538,2026-07-10,2026-07-13,Southeast,Belo Horizonte/MG,Sao Paulo/SP,EXPRESS,DELIVERED_ON_TIME,3,3,0,1092,DC-SP-01,RETAIL
VLX-2026-001539,2026-04-04,2026-04-09,South,Sao Paulo/SP,Florianopolis/SC,STANDARD,DELIVERED_ON_TIME,5,5,0,472,DC-RS-01,SMB
VLX-2026-001540,2026-05-28,2026-06-06,Northeast,Goiania/GO,Recife/PE,EXPRESS,DELIVERED_LATE,3,9,6,1802,DC-CE-01,ENTERPRISE
VLX-2026-001541,2026-04-05,2026-04-12,South,Sao Paulo/SP,Florianopolis/SC,STANDARD,DELIVERY_EXCEPTION,5,7,2,675,DC-RS-01,RETAIL
VLX-2026-001542,2026-05-04,2026-05-13,Northeast,Belo Horizonte/MG,Fortaleza/CE,STANDARD,DELIVERED_LATE,6,9,3,331,DC-BA-01,RETAIL
VLX-2026-001543,2026-03-01,2026-03-08,Central-West,Porto Alegre/RS,Brasilia/DF,STANDARD,DELIVERED_ON_TIME,7,7,0,1607,DC-DF-01,RETAIL
VLX-2026-001544,2026-07-25,2026-07-27,Southeast,Sao Paulo/SP,Belo Horizonte/MG,EXPRESS,DELIVERED_ON_TIME,2,2,0,855,DC-SP-01,RETAIL
VLX-2026-001545,2026-04-09,2026-04-18,North,Salvador/BA,Manaus/AM,STANDARD,DELIVERED_LATE,7,9,2,1196,DC-AM-01,RETAIL
VLX-2026-001546,2026-03-24,2026-03-29,South,Salvador/BA,Florianopolis/SC,STANDARD,DELIVERED_ON_TIME,5,5,0,727,DC-RS-01,RETAIL
VLX-2026-001547,2026-07-29,2026-08-04,Southeast,Belo Horizonte/MG,Sao Paulo/SP,STANDARD,DELIVERED_ON_TIME,6,6,0,679,DC-RJ-01,RETAIL
VLX-2026-001548,2026-05-04,2026-05-10,South,Sao Paulo/SP,Curitiba/PR,STANDARD,DELIVERED_ON_TIME,6,6,0,707,DC-RS-01,SMB
VLX-2026-001549,2026-02-07,2026-02-10,Southeast,Florianopolis/SC,Sao Paulo/SP,EXPRESS,DELIVERED_ON_TIME,3,3,0,963,DC-MG-01,RETAIL
VLX-2026-001550,2026-03-29,2026-04-04,Central-West,Belem/PA,Cuiaba/MT,STANDARD,DELIVERED_ON_TIME,6,6,0,233,DC-DF-01,RETAIL
VLX-2026-001551,2026-04-24,2026-04-28,North,Belo Horizonte/MG,Belem/PA,EXPRESS,DELIVERED_ON_TIME,5,4,0,2004,DC-AM-01,RETAIL
VLX-2026-001552,2026-02-15,2026-02-21,Northeast,Cuiaba/MT,Salvador/BA,STANDARD,DELIVERED_ON_TIME,6,6,0,204,DC-CE-01,RETAIL
VLX-2026-001553,2026-07-09,2026-07-17,North,Porto Alegre/RS,Manaus/AM,STANDARD,DELIVERED_ON_TIME,8,8,0,591,DC-AM-01,RETAIL
VLX-2026-001554,2026-05-11,2026-05-13,Southeast,Sao Paulo/SP,Rio de Janeiro/RJ,EXPRESS,DELIVERED_ON_TIME,2,2,0,439,DC-RJ-01,RETAIL
VLX-2026-001555,2026-06-07,2026-06-08,Southeast,Porto Velho/RO,Belo Horizonte/MG,EXPRESS,DELIVERED_ON_TIME,2,1,0,831,DC-MG-01,RETAIL
VLX-2026-001556,2026-07-13,2026-07-18,Southeast,Belo Horizonte/MG,Rio de Janeiro/RJ,STANDARD,DELIVERED_ON_TIME,5,5,0,384,DC-SP-01,RETAIL
VLX-2026-001557,2026-04-29,2026-05-04,South,Manaus/AM,Porto Alegre/RS,STANDARD,DELIVERED_ON_TIME,5,5,0,988,DC-PR-01,RETAIL
VLX-2026-001558,2026-07-26,2026-08-01,Northeast,Belem/PA,Recife/PE,STANDARD,DELIVERED_ON_TIME,6,6,0,953,DC-PE-01,SMB
VLX-2026-001559,2026-08-05,2026-08-11,Southeast,Manaus/AM,Rio de Janeiro/RJ,STANDARD,DELIVERED_ON_TIME,6,6,0,709,DC-MG-01,RETAIL
VLX-2026-001560,2026-02-18,2026-02-21,Southeast,Sao Paulo/SP,Rio de Janeiro/RJ,EXPRESS,DELIVERED_ON_TIME,3,3,0,947,DC-SP-01,RETAIL
VLX-2026-001561,2026-07-12,2026-07-17,Northeast,Belo Horizonte/MG,Recife/PE,EXPRESS,DELIVERED_LATE,4,5,1,270,DC-CE-01,RETAIL
VLX-2026-001562,2026-02-01,2026-02-10,Southeast,Cuiaba/MT,Belo Horizonte/MG,STANDARD,DELIVERED_LATE,6,9,3,913,DC-MG-01,RETAIL
VLX-2026-001563,2026-07-03,2026-07-09,Northeast,Cuiaba/MT,Salvador/BA,STANDARD,DELIVERED_ON_TIME,7,6,0,565,DC-PE-01,SMB
VLX-2026-001564,2026-05-31,2026-06-05,Southeast,Belo Horizonte/MG,Belo Horizonte/MG,STANDARD,DELIVERED_ON_TIME,5,5,0,505,DC-RJ-01,SMB
VLX-2026-001565,2026-01-06,2026-01-09,Southeast,Goiania/GO,Rio de Janeiro/RJ,EXPRESS,DELIVERED_ON_TIME,3,3,0,611,DC-MG-01,SMB
VLX-2026-001566,2026-03-03,2026-03-07,South,Florianopolis/SC,Florianopolis/SC,STANDARD,DELIVERED_ON_TIME,5,4,0,892,DC-PR-01,RETAIL
VLX-2026-001567,2026-04-30,2026-05-06,Central-West,Fortaleza/CE,Brasilia/DF,EXPRESS,DELIVERY_EXCEPTION,3,6,3,597,DC-GO-01,SMB
VLX-2026-001568,2026-03-24,2026-03-30,Northeast,Rio de Janeiro/RJ,Fortaleza/CE,STANDARD,DELIVERED_ON_TIME,6,6,0,1628,DC-BA-01,RETAIL
VLX-2026-001569,2026-05-12,2026-05-14,Southeast,Curitiba/PR,Belo Horizonte/MG,EXPRESS,DELIVERED_ON_TIME,2,2,0,87,DC-MG-01,ENTERPRISE
VLX-2026-001570,2026-02-10,2026-02-16,Northeast,Cuiaba/MT,Recife/PE,STANDARD,DELIVERED_ON_TIME,6,6,0,1845,DC-PE-01,SMB
VLX-2026-001571,2026-07-24,2026-07-30,Central-West,Fortaleza/CE,Cuiaba/MT,STANDARD,DELIVERED_ON_TIME,6,6,0,790,DC-DF-01,RETAIL
VLX-2026-001572,2026-04-05,2026-04-10,South,Sao Paulo/SP,Porto Alegre/RS,STANDARD,DELIVERED_ON_TIME,5,5,0,899,DC-PR-01,RETAIL
VLX-2026-001573,2026-01-01,2026-01-07,Northeast,Belo Horizonte/MG,Recife/PE,STANDARD,DELIVERED_ON_TIME,6,6,0,1107,DC-BA-01,RETAIL
VLX-2026-001574,2026-02-10,2026-02-16,Southeast,Rio de Janeiro/RJ,Sao Paulo/SP,STANDARD,DELIVERED_ON_TIME,6,6,0,760,DC-MG-01,RETAIL
VLX-2026-001575,2026-08-13,2026-08-19,Southeast,Recife/PE,Rio de Janeiro/RJ,STANDARD,DELIVERED_ON_TIME,6,6,0,547,DC-MG-01,RETAIL
VLX-2026-001576,2026-05-29,2026-05-31,South,Belo Horizonte/MG,Porto Alegre/RS,EXPRESS,DELIVERED_ON_TIME,2,2,0,297,DC-RS-01,SMB
VLX-2026-001577,2026-02-18,2026-02-24,South,Belo Horizonte/MG,Curitiba/PR,STANDARD,DELIVERED_LATE,5,6,1,653,DC-RS-01,RETAIL
VLX-2026-001578,2026-06-06,2026-06-13,Northeast,Fortaleza/CE,Recife/PE,STANDARD,DELIVERED_ON_TIME,7,7,0,271,DC-CE-01,RETAIL
VLX-2026-001579,2026-04-29,2026-05-04,Southeast,Fortaleza/CE,Belo Horizonte/MG,STANDARD,DELIVERED_ON_TIME,5,5,0,715,DC-SP-01,RETAIL
VLX-2026-001580,2026-05-21,2026-06-02,Northeast,Florianopolis/SC,Salvador/BA,EXPRESS,LOST,3,12,9,1204,DC-BA-01,SMB
VLX-2026-001581,2026-05-02,2026-05-09,Central-West,Sao Paulo/SP,Goiania/GO,STANDARD,DELIVERED_ON_TIME,7,7,0,270,DC-GO-01,RETAIL
VLX-2026-001582,2026-03-04,2026-03-12,Central-West,Belo Horizonte/MG,Brasilia/DF,STANDARD,DELIVERED_LATE,7,8,1,532,DC-DF-01,RETAIL
VLX-2026-001583,2026-01-18,2026-01-23,Southeast,Salvador/BA,Belo Horizonte/MG,STANDARD,DELIVERED_ON_TIME,5,5,0,778,DC-RJ-01,RETAIL
VLX-2026-001584,2026-04-12,2026-04-17,Northeast,Curitiba/PR,Salvador/BA,STANDARD,DELIVERED_ON_TIME,6,5,0,1418,DC-BA-01,SMB
VLX-2026-001585,2026-01-08,2026-01-13,Southeast,Recife/PE,Belo Horizonte/MG,STANDARD,DELIVERED_ON_TIME,5,5,0,261,DC-SP-01,ENTERPRISE
VLX-2026-001586,2026-04-12,2026-04-17,South,Belo Horizonte/MG,Florianopolis/SC,STANDARD,DELIVERED_ON_TIME,6,5,0,270,DC-PR-01,RETAIL
VLX-2026-001587,2026-03-22,2026-03-26,Southeast,Belo Horizonte/MG,Sao Paulo/SP,STANDARD,DELIVERED_ON_TIME,5,4,0,298,DC-RJ-01,RETAIL
VLX-2026-001588,2026-08-03,2026-08-10,North,Sao Paulo/SP,Manaus/AM,STANDARD,DELIVERED_ON_TIME,7,7,0,269,DC-AM-01,SMB
VLX-2026-001589,2026-06-19,2026-06-24,Southeast,Fortaleza/CE,Sao Paulo/SP,STANDARD,DELIVERED_ON_TIME,5,5,0,652,DC-SP-01,RETAIL
VLX-2026-001590,2026-03-14,2026-03-20,Southeast,Manaus/AM,Belo Horizonte/MG,STANDARD,DELIVERED_ON_TIME,6,6,0,215,DC-RJ-01,SMB
VLX-2026-001591,2026-01-25,2026-02-12,North,Sao Paulo/SP,Porto Velho/RO,STANDARD,LOST,7,18,11,2126,DC-PA-01,ENTERPRISE
VLX-2026-001592,2026-06-06,2026-06-08,Southeast,Florianopolis/SC,Rio de Janeiro/RJ,EXPRESS,DELIVERED_ON_TIME,2,2,0,823,DC-RJ-01,RETAIL
VLX-2026-001593,2026-03-14,2026-03-15,Southeast,Rio de Janeiro/RJ,Rio de Janeiro/RJ,EXPRESS,DELIVERED_ON_TIME,2,1,0,599,DC-MG-01,SMB
VLX-2026-001594,2026-07-02,2026-07-04,South,Rio de Janeiro/RJ,Porto Alegre/RS,EXPRESS,DELIVERED_ON_TIME,3,2,0,1178,DC-PR-01,ENTERPRISE
VLX-2026-001595,2026-08-04,2026-08-07,Northeast,Belo Horizonte/MG,Fortaleza/CE,EXPRESS,DELIVERED_ON_TIME,3,3,0,659,DC-CE-01,ENTERPRISE
VLX-2026-001596,2026-01-25,2026-01-27,South,Sao Paulo/SP,Curitiba/PR,EXPRESS,DELIVERED_ON_TIME,2,2,0,701,DC-PR-01,RETAIL
VLX-2026-001597,2026-08-14,2026-08-20,Northeast,Belo Horizonte/MG,Salvador/BA,STANDARD,DELIVERED_ON_TIME,6,6,0,843,DC-PE-01,ENTERPRISE
VLX-2026-001598,2026-03-27,2026-04-02,Southeast,Salvador/BA,Belo Horizonte/MG,STANDARD,DELIVERED_ON_TIME,6,6,0,121,DC-SP-01,RETAIL
VLX-2026-001599,2026-03-30,2026-04-04,Northeast,Sao Paulo/SP,Recife/PE,STANDARD,DELIVERED_ON_TIME,6,5,0,1607,DC-CE-01,SMB
VLX-2026-001600,2026-06-03,2026-06-09,Central-West,Sao Paulo/SP,Cuiaba/MT,STANDARD,DELIVERED_ON_TIME,6,6,0,1029,DC-DF-01,RETAIL
VLX-2026-001601,2026-05-22,2026-05-27,Southeast,Florianopolis/SC,Sao Paulo/SP,STANDARD,DELIVERED_ON_TIME,5,5,0,811,DC-SP-01,RETAIL
VLX-2026-001602,2026-02-07,2026-02-13,Northeast,Rio de Janeiro/RJ,Salvador/BA,EXPRESS,DELIVERED_LATE,4,6,2,345,DC-CE-01,ENTERPRISE
VLX-2026-001603,2026-02-02,2026-02-07,South,Porto Velho/RO,Porto Alegre/RS,EXPRESS,DELIVERED_LATE,2,5,3,683,DC-PR-01,RETAIL
VLX-2026-001604,2026-01-21,2026-01-27,South,Cuiaba/MT,Porto Alegre/RS,STANDARD,DELIVERED_ON_TIME,6,6,0,531,DC-RS-01,SMB
VLX-2026-001605,2026-08-12,2026-08-17,Southeast,Porto Velho/RO,Belo Horizonte/MG,STANDARD,DELIVERED_ON_TIME,5,5,0,1011,DC-RJ-01,RETAIL
VLX-2026-001606,2026-01-06,2026-01-11,Central-West,Porto Velho/RO,Brasilia/DF,STANDARD,DELIVERED_ON_TIME,6,5,0,1640,DC-DF-01,RETAIL
VLX-2026-001607,2026-07-09,2026-07-11,Southeast,Porto Alegre/RS,Belo Horizonte/MG,EXPRESS,DELIVERED_ON_TIME,2,2,0,738,DC-RJ-01,RETAIL
VLX-2026-001608,2026-04-07,2026-04-09,Northeast,Brasilia/DF,Fortaleza/CE,EXPRESS,DELIVERED_ON_TIME,3,2,0,162,DC-BA-01,RETAIL
VLX-2026-001609,2026-06-28,2026-07-02,Northeast,Porto Alegre/RS,Recife/PE,EXPRESS,DELIVERED_ON_TIME,4,4,0,404,DC-CE-01,RETAIL
VLX-2026-001610,2026-01-17,2026-01-26,Central-West,Sao Paulo/SP,Cuiaba/MT,STANDARD,DELIVERED_LATE,6,9,3,182,DC-DF-01,RETAIL
VLX-2026-001611,2026-07-11,2026-07-18,Northeast,Sao Paulo/SP,Recife/PE,EXPRESS,DELIVERED_LATE,3,7,4,1196,DC-PE-01,RETAIL
VLX-2026-001612,2026-03-10,2026-03-17,North,Fortaleza/CE,Porto Velho/RO,STANDARD,DELIVERED_ON_TIME,7,7,0,2295,DC-AM-01,ENTERPRISE
VLX-2026-001613,2026-06-01,2026-06-03,Southeast,Florianopolis/SC,Sao Paulo/SP,EXPRESS,DELIVERED_ON_TIME,2,2,0,527,DC-SP-01,SMB
VLX-2026-001614,2026-01-19,2026-01-26,Northeast,Rio de Janeiro/RJ,Salvador/BA,STANDARD,DELIVERED_ON_TIME,7,7,0,1391,DC-BA-01,RETAIL
VLX-2026-001615,2026-08-08,2026-08-13,Southeast,Recife/PE,Belo Horizonte/MG,STANDARD,DELIVERED_ON_TIME,5,5,0,265,DC-SP-01,RETAIL
VLX-2026-001616,2026-04-24,2026-04-28,Northeast,Florianopolis/SC,Recife/PE,EXPRESS,DELIVERED_ON_TIME,4,4,0,272,DC-BA-01,RETAIL
VLX-2026-001617,2026-04-27,2026-05-03,Northeast,Belo Horizonte/MG,Salvador/BA,STANDARD,DELIVERED_ON_TIME,6,6,0,970,DC-CE-01,SMB
VLX-2026-001618,2026-06-22,2026-06-28,Central-West,Salvador/BA,Brasilia/DF,STANDARD,DELIVERED_ON_TIME,6,6,0,1394,DC-DF-01,ENTERPRISE
VLX-2026-001619,2026-01-26,2026-02-08,Northeast,Recife/PE,Recife/PE,STANDARD,DELIVERY_EXCEPTION,7,13,6,1576,DC-BA-01,RETAIL
VLX-2026-001620,2026-05-05,2026-05-10,Southeast,Cuiaba/MT,Rio de Janeiro/RJ,STANDARD,DELIVERED_ON_TIME,6,5,0,242,DC-MG-01,RETAIL
VLX-2026-001621,2026-08-11,2026-08-14,Central-West,Sao Paulo/SP,Cuiaba/MT,EXPRESS,DELIVERED_ON_TIME,4,3,0,926,DC-DF-01,RETAIL
VLX-2026-001622,2026-02-11,2026-02-20,Southeast,Rio de Janeiro/RJ,Belo Horizonte/MG,STANDARD,DELIVERED_LATE,5,9,4,747,DC-MG-01,ENTERPRISE
VLX-2026-001623,2026-03-22,2026-03-28,Southeast,Sao Paulo/SP,Belo Horizonte/MG,STANDARD,DELIVERED_LATE,5,6,1,698,DC-MG-01,RETAIL
VLX-2026-001624,2026-02-15,2026-02-19,North,Sao Paulo/SP,Manaus/AM,EXPRESS,DELIVERED_ON_TIME,4,4,0,559,DC-PA-01,SMB
VLX-2026-001625,2026-06-26,2026-07-02,Northeast,Cuiaba/MT,Recife/PE,STANDARD,DELIVERED_ON_TIME,6,6,0,691,DC-CE-01,RETAIL
VLX-2026-001626,2026-06-11,2026-06-13,Central-West,Belo Horizonte/MG,Brasilia/DF,EXPRESS,DELIVERED_ON_TIME,3,2,0,1113,DC-DF-01,RETAIL
VLX-2026-001627,2026-08-04,2026-08-09,Northeast,Sao Paulo/SP,Salvador/BA,STANDARD,DELIVERED_ON_TIME,6,5,0,1807,DC-CE-01,SMB
VLX-2026-001628,2026-05-03,2026-05-09,North,Sao Paulo/SP,Manaus/AM,STANDARD,DELIVERED_ON_TIME,7,6,0,274,DC-PA-01,RETAIL
VLX-2026-001629,2026-06-05,2026-06-10,Central-West,Florianopolis/SC,Goiania/GO,STANDARD,DELIVERED_ON_TIME,6,5,0,1582,DC-GO-01,RETAIL
VLX-2026-001630,2026-06-19,2026-06-21,Northeast,Fortaleza/CE,Fortaleza/CE,EXPRESS,DELIVERED_ON_TIME,3,2,0,1441,DC-PE-01,RETAIL
VLX-2026-001631,2026-05-09,2026-05-10,South,Curitiba/PR,Curitiba/PR,EXPRESS,DELIVERED_ON_TIME,2,1,0,1142,DC-RS-01,RETAIL
VLX-2026-001632,2026-03-25,2026-03-30,Central-West,Florianopolis/SC,Brasilia/DF,STANDARD,DELIVERED_ON_TIME,6,5,0,432,DC-DF-01,SMB
VLX-2026-001633,2026-05-18,2026-05-23,Southeast,Sao Paulo/SP,Belo Horizonte/MG,STANDARD,DELIVERED_ON_TIME,6,5,0,985,DC-MG-01,ENTERPRISE
VLX-2026-001634,2026-03-15,2026-03-20,Southeast,Florianopolis/SC,Sao Paulo/SP,STANDARD,DELIVERED_ON_TIME,5,5,0,1039,DC-SP-01,SMB
VLX-2026-001635,2026-08-15,2026-08-21,Central-West,Sao Paulo/SP,Brasilia/DF,STANDARD,DELIVERED_ON_TIME,6,6,0,427,DC-GO-01,ENTERPRISE
VLX-2026-001636,2026-04-15,2026-04-21,Northeast,Porto Alegre/RS,Fortaleza/CE,STANDARD,DELIVERED_ON_TIME,6,6,0,1715,DC-PE-01,RETAIL
VLX-2026-001637,2026-04-28,2026-05-03,South,Rio de Janeiro/RJ,Florianopolis/SC,STANDARD,DELIVERED_ON_TIME,5,5,0,361,DC-RS-01,RETAIL
VLX-2026-001638,2026-08-05,2026-08-13,Central-West,Porto Velho/RO,Goiania/GO,STANDARD,DELIVERED_LATE,7,8,1,972,DC-GO-01,SMB
VLX-2026-001639,2026-04-12,2026-04-13,South,Recife/PE,Porto Alegre/RS,EXPRESS,DELIVERED_ON_TIME,2,1,0,184,DC-RS-01,RETAIL
VLX-2026-001640,2026-07-28,2026-08-02,South,Belo Horizonte/MG,Curitiba/PR,STANDARD,DELIVERED_ON_TIME,5,5,0,1164,DC-PR-01,RETAIL
VLX-2026-001641,2026-05-04,2026-05-08,Southeast,Belo Horizonte/MG,Sao Paulo/SP,STANDARD,DELIVERED_ON_TIME,5,4,0,623,DC-MG-01,RETAIL
VLX-2026-001642,2026-06-07,2026-06-10,Central-West,Belem/PA,Cuiaba/MT,EXPRESS,DELIVERED_ON_TIME,3,3,0,1104,DC-DF-01,ENTERPRISE
VLX-2026-001643,2026-07-25,2026-07-30,Southeast,Sao Paulo/SP,Rio de Janeiro/RJ,STANDARD,DELIVERED_ON_TIME,5,5,0,468,DC-MG-01,RETAIL
VLX-2026-001644,2026-07-04,2026-07-10,Southeast,Florianopolis/SC,Rio de Janeiro/RJ,STANDARD,DELIVERED_ON_TIME,6,6,0,395,DC-MG-01,ENTERPRISE
VLX-2026-001645,2026-01-20,2026-01-25,Southeast,Manaus/AM,Rio de Janeiro/RJ,STANDARD,DELIVERED_ON_TIME,5,5,0,533,DC-MG-01,RETAIL
VLX-2026-001646,2026-03-29,2026-04-01,Northeast,Belo Horizonte/MG,Fortaleza/CE,EXPRESS,DELIVERED_ON_TIME,3,3,0,1244,DC-CE-01,SMB
VLX-2026-001647,2026-04-25,2026-05-01,Central-West,Rio de Janeiro/RJ,Brasilia/DF,STANDARD,DELIVERED_ON_TIME,6,6,0,1638,DC-DF-01,RETAIL
VLX-2026-001648,2026-03-18,2026-03-20,Southeast,Sao Paulo/SP,Belo Horizonte/MG,EXPRESS,DELIVERED_ON_TIME,2,2,0,282,DC-MG-01,RETAIL
VLX-2026-001649,2026-01-13,2026-01-16,South,Curitiba/PR,Florianopolis/SC,EXPRESS,DELIVERED_ON_TIME,3,3,0,699,DC-PR-01,SMB
VLX-2026-001650,2026-07-24,2026-07-29,Southeast,Rio de Janeiro/RJ,Sao Paulo/SP,STANDARD,DELIVERED_ON_TIME,5,5,0,417,DC-SP-01,ENTERPRISE
VLX-2026-001651,2026-05-02,2026-05-07,Southeast,Rio de Janeiro/RJ,Belo Horizonte/MG,STANDARD,DELIVERED_ON_TIME,5,5,0,223,DC-MG-01,RETAIL
VLX-2026-001652,2026-03-09,2026-03-13,Northeast,Recife/PE,Recife/PE,EXPRESS,DELIVERED_ON_TIME,4,4,0,707,DC-BA-01,ENTERPRISE
VLX-2026-001653,2026-07-01,2026-07-05,Southeast,Belem/PA,Sao Paulo/SP,STANDARD,DELIVERED_ON_TIME,5,4,0,659,DC-MG-01,SMB
VLX-2026-001654,2026-03-11,2026-03-14,Central-West,Recife/PE,Brasilia/DF,EXPRESS,DELIVERED_ON_TIME,3,3,0,1627,DC-GO-01,ENTERPRISE
VLX-2026-001655,2026-03-02,2026-03-12,Northeast,Belo Horizonte/MG,Recife/PE,STANDARD,DELIVERED_LATE,6,10,4,1245,DC-CE-01,SMB
VLX-2026-001656,2026-04-05,2026-04-13,Northeast,Rio de Janeiro/RJ,Recife/PE,EXPRESS,DELIVERED_LATE,3,8,5,236,DC-PE-01,SMB
VLX-2026-001657,2026-03-13,2026-03-25,North,Sao Paulo/SP,Manaus/AM,STANDARD,DELIVERED_LATE,8,12,4,1581,DC-PA-01,RETAIL
VLX-2026-001658,2026-07-03,2026-07-09,Northeast,Porto Alegre/RS,Recife/PE,STANDARD,DELIVERED_ON_TIME,6,6,0,1761,DC-PE-01,SMB
VLX-2026-001659,2026-06-23,2026-07-03,North,Salvador/BA,Belem/PA,STANDARD,DELIVERED_LATE,7,10,3,1794,DC-AM-01,RETAIL
VLX-2026-001660,2026-06-14,2026-06-22,South,Curitiba/PR,Porto Alegre/RS,STANDARD,DELIVERED_LATE,5,8,3,363,DC-RS-01,RETAIL
VLX-2026-001661,2026-04-08,2026-04-13,South,Belo Horizonte/MG,Curitiba/PR,STANDARD,DELIVERED_ON_TIME,6,5,0,105,DC-RS-01,SMB
VLX-2026-001662,2026-02-10,2026-02-16,Northeast,Belo Horizonte/MG,Recife/PE,STANDARD,DELIVERED_ON_TIME,6,6,0,433,DC-CE-01,SMB
VLX-2026-001663,2026-03-19,2026-03-26,North,Rio de Janeiro/RJ,Manaus/AM,STANDARD,DELIVERED_ON_TIME,7,7,0,1026,DC-AM-01,RETAIL
VLX-2026-001664,2026-01-04,2026-01-09,Central-West,Rio de Janeiro/RJ,Brasilia/DF,STANDARD,DELIVERED_ON_TIME,6,5,0,954,DC-GO-01,RETAIL
VLX-2026-001665,2026-01-07,2026-01-12,Southeast,Recife/PE,Rio de Janeiro/RJ,STANDARD,DELIVERED_ON_TIME,5,5,0,805,DC-RJ-01,RETAIL
VLX-2026-001666,2026-04-21,2026-04-28,North,Curitiba/PR,Belem/PA,EXPRESS,DELIVERY_EXCEPTION,4,7,3,789,DC-PA-01,RETAIL
VLX-2026-001667,2026-05-30,2026-06-09,Northeast,Rio de Janeiro/RJ,Recife/PE,STANDARD,DELIVERED_LATE,6,10,4,1767,DC-PE-01,SMB
VLX-2026-001668,2026-03-21,2026-03-27,Central-West,Florianopolis/SC,Brasilia/DF,STANDARD,DELIVERED_ON_TIME,6,6,0,1449,DC-GO-01,SMB
VLX-2026-001669,2026-03-31,2026-04-05,Southeast,Belem/PA,Sao Paulo/SP,STANDARD,DELIVERED_ON_TIME,5,5,0,136,DC-SP-01,RETAIL
VLX-2026-001670,2026-02-23,2026-02-26,Southeast,Belo Horizonte/MG,Sao Paulo/SP,EXPRESS,DELIVERED_ON_TIME,3,3,0,99,DC-MG-01,RETAIL
VLX-2026-001671,2026-06-01,2026-06-08,Central-West,Sao Paulo/SP,Brasilia/DF,STANDARD,DELIVERED_ON_TIME,7,7,0,1265,DC-DF-01,RETAIL
VLX-2026-001672,2026-03-08,2026-03-14,Central-West,Cuiaba/MT,Cuiaba/MT,STANDARD,DELIVERED_ON_TIME,6,6,0,735,DC-DF-01,RETAIL
VLX-2026-001673,2026-06-13,2026-06-21,North,Brasilia/DF,Manaus/AM,STANDARD,DELIVERED_ON_TIME,8,8,0,1655,DC-PA-01,SMB
VLX-2026-001674,2026-07-11,2026-07-21,North,Cuiaba/MT,Porto Velho/RO,STANDARD,DELIVERED_LATE,7,10,3,1136,DC-AM-01,RETAIL
VLX-2026-001675,2026-04-20,2026-04-26,Central-West,Curitiba/PR,Cuiaba/MT,STANDARD,DELIVERED_ON_TIME,6,6,0,1553,DC-DF-01,RETAIL
VLX-2026-001676,2026-04-13,2026-04-19,Central-West,Rio de Janeiro/RJ,Goiania/GO,STANDARD,DELIVERED_ON_TIME,6,6,0,737,DC-DF-01,RETAIL
VLX-2026-001677,2026-05-29,2026-06-02,Northeast,Cuiaba/MT,Salvador/BA,EXPRESS,DELIVERED_ON_TIME,4,4,0,1477,DC-BA-01,RETAIL
VLX-2026-001678,2026-08-12,2026-08-18,Northeast,Salvador/BA,Recife/PE,STANDARD,DELIVERED_ON_TIME,6,6,0,1063,DC-CE-01,RETAIL
VLX-2026-001679,2026-07-09,2026-07-14,Southeast,Recife/PE,Rio de Janeiro/RJ,STANDARD,DELIVERED_ON_TIME,5,5,0,959,DC-RJ-01,RETAIL
VLX-2026-001680,2026-07-25,2026-08-01,North,Rio de Janeiro/RJ,Belem/PA,STANDARD,DELIVERED_ON_TIME,7,7,0,588,DC-PA-01,RETAIL
VLX-2026-001681,2026-01-16,2026-01-20,Southeast,Porto Velho/RO,Belo Horizonte/MG,STANDARD,DELIVERED_ON_TIME,5,4,0,206,DC-RJ-01,ENTERPRISE
VLX-2026-001682,2026-03-13,2026-03-15,Southeast,Belo Horizonte/MG,Sao Paulo/SP,EXPRESS,DELIVERED_ON_TIME,2,2,0,932,DC-RJ-01,ENTERPRISE
VLX-2026-001683,2026-05-13,2026-05-23,Northeast,Recife/PE,Fortaleza/CE,STANDARD,DELIVERED_LATE,6,10,4,903,DC-PE-01,RETAIL
VLX-2026-001684,2026-08-16,2026-08-22,Central-West,Rio de Janeiro/RJ,Cuiaba/MT,STANDARD,DELIVERED_ON_TIME,6,6,0,1194,DC-GO-01,RETAIL
VLX-2026-001685,2026-06-11,2026-06-22,Central-West,Cuiaba/MT,Brasilia/DF,EXPRESS,LOST,3,11,8,1056,DC-DF-01,ENTERPRISE
VLX-2026-001686,2026-01-15,2026-01-17,Southeast,Goiania/GO,Sao Paulo/SP,EXPRESS,DELIVERED_ON_TIME,2,2,0,288,DC-MG-01,RETAIL
VLX-2026-001687,2026-03-17,2026-03-26,Southeast,Cuiaba/MT,Sao Paulo/SP,STANDARD,DELIVERED_LATE,5,9,4,242,DC-SP-01,ENTERPRISE
VLX-2026-001688,2026-07-17,2026-07-27,Central-West,Cuiaba/MT,Cuiaba/MT,STANDARD,DELIVERED_LATE,6,10,4,696,DC-DF-01,RETAIL
VLX-2026-001689,2026-04-28,2026-05-03,Central-West,Sao Paulo/SP,Brasilia/DF,STANDARD,DELIVERED_ON_TIME,6,5,0,957,DC-GO-01,RETAIL
VLX-2026-001690,2026-05-06,2026-05-11,South,Salvador/BA,Curitiba/PR,STANDARD,DELIVERED_ON_TIME,5,5,0,1063,DC-RS-01,RETAIL
VLX-2026-001691,2026-08-13,2026-08-17,Southeast,Belo Horizonte/MG,Sao Paulo/SP,STANDARD,DELIVERED_ON_TIME,5,4,0,990,DC-RJ-01,RETAIL
VLX-2026-001692,2026-01-27,2026-02-01,Southeast,Goiania/GO,Rio de Janeiro/RJ,STANDARD,DELIVERED_ON_TIME,5,5,0,1055,DC-MG-01,SMB
VLX-2026-001693,2026-01-18,2026-01-23,South,Belem/PA,Porto Alegre/RS,STANDARD,DELIVERED_ON_TIME,5,5,0,407,DC-RS-01,SMB
VLX-2026-001694,2026-08-07,2026-08-13,Northeast,Rio de Janeiro/RJ,Salvador/BA,STANDARD,DELIVERED_ON_TIME,7,6,0,1292,DC-PE-01,ENTERPRISE
VLX-2026-001695,2026-03-07,2026-03-14,North,Rio de Janeiro/RJ,Belem/PA,STANDARD,DELIVERED_ON_TIME,7,7,0,1678,DC-AM-01,SMB
VLX-2026-001696,2026-02-07,2026-02-12,Northeast,Porto Velho/RO,Fortaleza/CE,STANDARD,DELIVERED_ON_TIME,6,5,0,1339,DC-PE-01,RETAIL
VLX-2026-001697,2026-03-20,2026-03-26,Central-West,Curitiba/PR,Goiania/GO,STANDARD,DELIVERED_ON_TIME,6,6,0,283,DC-DF-01,SMB
VLX-2026-001698,2026-03-03,2026-03-06,Southeast,Florianopolis/SC,Rio de Janeiro/RJ,EXPRESS,DELIVERED_ON_TIME,3,3,0,467,DC-MG-01,RETAIL
VLX-2026-001699,2026-01-12,2026-01-17,South,Rio de Janeiro/RJ,Porto Alegre/RS,STANDARD,DELIVERED_ON_TIME,5,5,0,881,DC-PR-01,RETAIL
VLX-2026-001700,2026-02-09,2026-02-13,South,Florianopolis/SC,Florianopolis/SC,STANDARD,DELIVERED_ON_TIME,5,4,0,752,DC-PR-01,RETAIL
VLX-2026-001701,2026-02-12,2026-02-14,Southeast,Salvador/BA,Sao Paulo/SP,EXPRESS,DELIVERED_ON_TIME,2,2,0,285,DC-SP-01,ENTERPRISE
VLX-2026-001702,2026-04-17,2026-04-28,Northeast,Sao Paulo/SP,Recife/PE,STANDARD,DELIVERED_LATE,6,11,5,496,DC-PE-01,RETAIL
VLX-2026-001703,2026-02-23,2026-03-03,North,Belo Horizonte/MG,Porto Velho/RO,STANDARD,DELIVERED_ON_TIME,8,8,0,1878,DC-PA-01,RETAIL
VLX-2026-001704,2026-03-29,2026-04-05,Northeast,Brasilia/DF,Fortaleza/CE,STANDARD,DELIVERED_ON_TIME,7,7,0,1129,DC-BA-01,RETAIL
VLX-2026-001705,2026-03-28,2026-04-06,Southeast,Belo Horizonte/MG,Rio de Janeiro/RJ,EXPRESS,DELIVERY_EXCEPTION,2,9,7,930,DC-RJ-01,RETAIL
VLX-2026-001706,2026-08-01,2026-08-06,Northeast,Recife/PE,Fortaleza/CE,STANDARD,DELIVERED_ON_TIME,6,5,0,1174,DC-PE-01,ENTERPRISE
VLX-2026-001707,2026-05-07,2026-05-13,Southeast,Rio de Janeiro/RJ,Sao Paulo/SP,STANDARD,DELIVERED_ON_TIME,6,6,0,85,DC-RJ-01,RETAIL
VLX-2026-001708,2026-06-14,2026-06-20,Central-West,Rio de Janeiro/RJ,Brasilia/DF,STANDARD,DELIVERED_ON_TIME,7,6,0,729,DC-GO-01,SMB
VLX-2026-001709,2026-08-06,2026-08-13,Central-West,Porto Alegre/RS,Brasilia/DF,STANDARD,DELIVERED_ON_TIME,7,7,0,205,DC-DF-01,SMB
VLX-2026-001710,2026-05-11,2026-05-17,Northeast,Rio de Janeiro/RJ,Salvador/BA,STANDARD,DELIVERED_ON_TIME,6,6,0,1230,DC-CE-01,RETAIL
VLX-2026-001711,2026-05-27,2026-06-02,Northeast,Recife/PE,Salvador/BA,STANDARD,DELIVERED_ON_TIME,6,6,0,1276,DC-CE-01,ENTERPRISE
VLX-2026-001712,2026-01-21,2026-01-23,Southeast,Curitiba/PR,Rio de Janeiro/RJ,EXPRESS,DELIVERED_ON_TIME,3,2,0,239,DC-SP-01,ENTERPRISE
VLX-2026-001713,2026-05-12,2026-05-19,Northeast,Rio de Janeiro/RJ,Recife/PE,STANDARD,DELIVERED_ON_TIME,7,7,0,200,DC-BA-01,RETAIL
VLX-2026-001714,2026-01-17,2026-01-22,Southeast,Belo Horizonte/MG,Sao Paulo/SP,STANDARD,DELIVERED_ON_TIME,6,5,0,166,DC-MG-01,RETAIL
VLX-2026-001715,2026-02-15,2026-02-20,Southeast,Salvador/BA,Rio de Janeiro/RJ,STANDARD,DELIVERED_ON_TIME,5,5,0,158,DC-SP-01,RETAIL
VLX-2026-001716,2026-01-24,2026-01-29,South,Salvador/BA,Florianopolis/SC,STANDARD,DELIVERED_ON_TIME,5,5,0,1131,DC-PR-01,ENTERPRISE
VLX-2026-001717,2026-04-21,2026-04-27,North,Sao Paulo/SP,Belem/PA,STANDARD,DELIVERED_ON_TIME,7,6,0,1754,DC-PA-01,RETAIL
VLX-2026-001718,2026-06-23,2026-06-29,Northeast,Florianopolis/SC,Recife/PE,STANDARD,DELIVERED_ON_TIME,6,6,0,711,DC-CE-01,RETAIL
VLX-2026-001719,2026-04-04,2026-04-13,Northeast,Porto Alegre/RS,Recife/PE,EXPRESS,DELIVERED_LATE,4,9,5,1464,DC-PE-01,RETAIL
VLX-2026-001720,2026-06-05,2026-06-12,North,Manaus/AM,Porto Velho/RO,STANDARD,DELIVERED_ON_TIME,7,7,0,1137,DC-AM-01,RETAIL
VLX-2026-001721,2026-01-30,2026-02-04,South,Belem/PA,Curitiba/PR,STANDARD,DELIVERED_ON_TIME,5,5,0,332,DC-RS-01,RETAIL
VLX-2026-001722,2026-07-31,2026-08-05,Southeast,Rio de Janeiro/RJ,Belo Horizonte/MG,STANDARD,DELIVERED_ON_TIME,6,5,0,913,DC-SP-01,RETAIL
VLX-2026-001723,2026-08-17,2026-08-23,Southeast,Manaus/AM,Sao Paulo/SP,STANDARD,DELIVERED_ON_TIME,6,6,0,99,DC-RJ-01,RETAIL
VLX-2026-001724,2026-01-06,2026-01-09,Southeast,Manaus/AM,Belo Horizonte/MG,EXPRESS,DELIVERED_ON_TIME,3,3,0,734,DC-SP-01,RETAIL
VLX-2026-001725,2026-05-01,2026-05-07,Northeast,Belem/PA,Fortaleza/CE,EXPRESS,DELIVERED_LATE,3,6,3,902,DC-CE-01,RETAIL
VLX-2026-001726,2026-02-27,2026-03-01,Southeast,Belo Horizonte/MG,Rio de Janeiro/RJ,EXPRESS,DELIVERED_ON_TIME,2,2,0,194,DC-SP-01,RETAIL
VLX-2026-001727,2026-01-22,2026-01-26,North,Belo Horizonte/MG,Porto Velho/RO,EXPRESS,DELIVERED_ON_TIME,4,4,0,906,DC-PA-01,ENTERPRISE
VLX-2026-001728,2026-01-12,2026-01-18,South,Recife/PE,Florianopolis/SC,STANDARD,DELIVERED_ON_TIME,6,6,0,307,DC-RS-01,RETAIL
VLX-2026-001729,2026-02-15,2026-02-22,North,Rio de Janeiro/RJ,Belem/PA,STANDARD,DELIVERED_ON_TIME,7,7,0,2019,DC-PA-01,RETAIL
VLX-2026-001730,2026-04-06,2026-04-13,North,Belo Horizonte/MG,Manaus/AM,STANDARD,DELIVERED_ON_TIME,8,7,0,1767,DC-PA-01,ENTERPRISE
VLX-2026-001731,2026-04-14,2026-04-26,North,Belo Horizonte/MG,Belem/PA,STANDARD,DELIVERED_LATE,8,12,4,498,DC-AM-01,RETAIL
VLX-2026-001732,2026-01-02,2026-01-05,Northeast,Fortaleza/CE,Fortaleza/CE,EXPRESS,DELIVERED_ON_TIME,3,3,0,965,DC-PE-01,SMB
VLX-2026-001733,2026-02-10,2026-02-15,Southeast,Cuiaba/MT,Rio de Janeiro/RJ,STANDARD,DELIVERED_ON_TIME,5,5,0,921,DC-SP-01,SMB
VLX-2026-001734,2026-03-05,2026-03-07,Southeast,Sao Paulo/SP,Belo Horizonte/MG,EXPRESS,DELIVERED_ON_TIME,2,2,0,181,DC-MG-01,RETAIL
VLX-2026-001735,2026-01-30,2026-02-01,South,Fortaleza/CE,Florianopolis/SC,EXPRESS,DELIVERED_ON_TIME,2,2,0,680,DC-RS-01,RETAIL
VLX-2026-001736,2026-08-12,2026-08-20,South,Porto Alegre/RS,Curitiba/PR,STANDARD,DELIVERED_LATE,5,8,3,100,DC-PR-01,ENTERPRISE
VLX-2026-001737,2026-05-10,2026-05-16,Southeast,Belo Horizonte/MG,Sao Paulo/SP,STANDARD,DELIVERED_LATE,5,6,1,1009,DC-RJ-01,RETAIL
VLX-2026-001738,2026-07-26,2026-07-31,Southeast,Rio de Janeiro/RJ,Rio de Janeiro/RJ,STANDARD,DELIVERED_ON_TIME,5,5,0,914,DC-RJ-01,RETAIL
VLX-2026-001739,2026-01-25,2026-01-30,Southeast,Florianopolis/SC,Belo Horizonte/MG,STANDARD,DELIVERED_ON_TIME,5,5,0,1100,DC-RJ-01,RETAIL
VLX-2026-001740,2026-02-26,2026-02-28,South,Belo Horizonte/MG,Curitiba/PR,EXPRESS,DELIVERED_ON_TIME,2,2,0,304,DC-RS-01,RETAIL
VLX-2026-001741,2026-07-30,2026-08-03,Southeast,Fortaleza/CE,Belo Horizonte/MG,STANDARD,DELIVERED_ON_TIME,5,4,0,1047,DC-MG-01,RETAIL
VLX-2026-001742,2026-07-15,2026-07-22,Northeast,Belem/PA,Fortaleza/CE,STANDARD,DELIVERED_ON_TIME,7,7,0,1145,DC-BA-01,SMB
VLX-2026-001743,2026-04-14,2026-05-03,Southeast,Sao Paulo/SP,Belo Horizonte/MG,STANDARD,LOST,6,19,13,369,DC-RJ-01,RETAIL
VLX-2026-001744,2026-05-15,2026-05-21,Northeast,Sao Paulo/SP,Fortaleza/CE,STANDARD,DELIVERED_ON_TIME,6,6,0,1803,DC-PE-01,RETAIL
VLX-2026-001745,2026-06-10,2026-06-15,Southeast,Fortaleza/CE,Rio de Janeiro/RJ,STANDARD,DELIVERED_ON_TIME,5,5,0,457,DC-RJ-01,RETAIL
VLX-2026-001746,2026-02-18,2026-02-23,Southeast,Belo Horizonte/MG,Rio de Janeiro/RJ,STANDARD,DELIVERED_ON_TIME,5,5,0,324,DC-SP-01,RETAIL
VLX-2026-001747,2026-03-10,2026-03-14,Northeast,Curitiba/PR,Recife/PE,EXPRESS,DELIVERED_LATE,3,4,1,576,DC-CE-01,SMB
VLX-2026-001748,2026-07-22,2026-07-27,Northeast,Belo Horizonte/MG,Recife/PE,STANDARD,DELIVERED_ON_TIME,6,5,0,1359,DC-BA-01,RETAIL
VLX-2026-001749,2026-02-15,2026-02-19,Central-West,Belo Horizonte/MG,Cuiaba/MT,EXPRESS,DELIVERED_LATE,3,4,1,823,DC-GO-01,RETAIL
VLX-2026-001750,2026-03-16,2026-03-21,Southeast,Porto Alegre/RS,Sao Paulo/SP,STANDARD,DELIVERED_ON_TIME,5,5,0,202,DC-RJ-01,RETAIL
VLX-2026-001751,2026-05-28,2026-06-02,Southeast,Manaus/AM,Belo Horizonte/MG,STANDARD,DELIVERED_ON_TIME,5,5,0,493,DC-RJ-01,RETAIL
VLX-2026-001752,2026-02-20,2026-02-26,Northeast,Belem/PA,Fortaleza/CE,STANDARD,DELIVERED_ON_TIME,6,6,0,1454,DC-BA-01,RETAIL
VLX-2026-001753,2026-03-08,2026-03-14,Central-West,Salvador/BA,Brasilia/DF,STANDARD,DELIVERED_ON_TIME,7,6,0,307,DC-GO-01,RETAIL
VLX-2026-001754,2026-05-24,2026-05-28,Northeast,Belo Horizonte/MG,Recife/PE,EXPRESS,DELIVERED_ON_TIME,4,4,0,1730,DC-PE-01,RETAIL
VLX-2026-001755,2026-08-05,2026-08-11,Northeast,Recife/PE,Fortaleza/CE,STANDARD,DELIVERED_ON_TIME,6,6,0,999,DC-CE-01,RETAIL
VLX-2026-001756,2026-08-06,2026-08-12,South,Rio de Janeiro/RJ,Florianopolis/SC,STANDARD,DELIVERED_ON_TIME,6,6,0,1000,DC-RS-01,RETAIL
VLX-2026-001757,2026-05-19,2026-05-21,Southeast,Cuiaba/MT,Rio de Janeiro/RJ,EXPRESS,DELIVERED_ON_TIME,2,2,0,537,DC-RJ-01,SMB
VLX-2026-001758,2026-05-31,2026-06-07,North,Manaus/AM,Belem/PA,STANDARD,DELIVERED_ON_TIME,7,7,0,1104,DC-AM-01,ENTERPRISE
VLX-2026-001759,2026-01-12,2026-01-15,North,Belo Horizonte/MG,Manaus/AM,EXPRESS,DELIVERED_ON_TIME,4,3,0,2019,DC-PA-01,SMB
VLX-2026-001760,2026-05-24,2026-06-02,Southeast,Brasilia/DF,Belo Horizonte/MG,STANDARD,DELIVERED_LATE,5,9,4,835,DC-RJ-01,RETAIL
VLX-2026-001761,2026-05-31,2026-06-01,Southeast,Belem/PA,Belo Horizonte/MG,EXPRESS,DELIVERED_ON_TIME,2,1,0,647,DC-MG-01,RETAIL
VLX-2026-001762,2026-04-26,2026-05-02,Southeast,Rio de Janeiro/RJ,Belo Horizonte/MG,STANDARD,DELIVERED_LATE,5,6,1,840,DC-MG-01,SMB
VLX-2026-001763,2026-03-25,2026-03-30,South,Recife/PE,Florianopolis/SC,STANDARD,DELIVERED_ON_TIME,5,5,0,480,DC-PR-01,SMB
VLX-2026-001764,2026-03-03,2026-03-09,Northeast,Salvador/BA,Salvador/BA,STANDARD,DELIVERED_ON_TIME,6,6,0,1891,DC-BA-01,RETAIL
VLX-2026-001765,2026-08-09,2026-08-11,South,Florianopolis/SC,Porto Alegre/RS,EXPRESS,DELIVERED_ON_TIME,2,2,0,625,DC-RS-01,RETAIL
VLX-2026-001766,2026-03-11,2026-03-16,Southeast,Sao Paulo/SP,Sao Paulo/SP,STANDARD,DELIVERED_ON_TIME,5,5,0,277,DC-RJ-01,RETAIL
VLX-2026-001767,2026-05-12,2026-05-17,Southeast,Porto Alegre/RS,Belo Horizonte/MG,STANDARD,DELIVERED_ON_TIME,5,5,0,336,DC-RJ-01,SMB
VLX-2026-001768,2026-03-14,2026-03-18,South,Sao Paulo/SP,Florianopolis/SC,STANDARD,DELIVERED_ON_TIME,5,4,0,891,DC-PR-01,RETAIL
VLX-2026-001769,2026-06-01,2026-06-06,South,Sao Paulo/SP,Florianopolis/SC,STANDARD,DELIVERED_ON_TIME,5,5,0,1166,DC-RS-01,SMB
VLX-2026-001770,2026-04-01,2026-04-08,Northeast,Rio de Janeiro/RJ,Salvador/BA,STANDARD,DELIVERED_ON_TIME,7,7,0,964,DC-BA-01,RETAIL
VLX-2026-001771,2026-06-21,2026-07-06,Northeast,Belem/PA,Salvador/BA,STANDARD,LOST,7,15,8,260,DC-PE-01,SMB
VLX-2026-001772,2026-04-20,2026-04-26,Southeast,Rio de Janeiro/RJ,Belo Horizonte/MG,STANDARD,DELIVERED_ON_TIME,6,6,0,888,DC-RJ-01,SMB
VLX-2026-001773,2026-07-30,2026-08-05,North,Belo Horizonte/MG,Belem/PA,STANDARD,DELIVERED_ON_TIME,7,6,0,1639,DC-PA-01,SMB
VLX-2026-001774,2026-01-29,2026-01-31,Southeast,Manaus/AM,Belo Horizonte/MG,EXPRESS,DELIVERED_ON_TIME,2,2,0,125,DC-RJ-01,ENTERPRISE
VLX-2026-001775,2026-06-13,2026-06-24,Northeast,Porto Alegre/RS,Recife/PE,STANDARD,DELIVERED_LATE,6,11,5,753,DC-BA-01,RETAIL
VLX-2026-001776,2026-05-06,2026-05-11,South,Salvador/BA,Florianopolis/SC,STANDARD,DELIVERED_ON_TIME,5,5,0,1015,DC-RS-01,RETAIL
VLX-2026-001777,2026-04-14,2026-04-22,North,Fortaleza/CE,Manaus/AM,STANDARD,DELIVERED_ON_TIME,8,8,0,2005,DC-PA-01,RETAIL
VLX-2026-001778,2026-08-15,2026-08-21,Central-West,Rio de Janeiro/RJ,Goiania/GO,STANDARD,DELIVERED_ON_TIME,6,6,0,367,DC-DF-01,RETAIL
VLX-2026-001779,2026-05-25,2026-06-01,Central-West,Belo Horizonte/MG,Cuiaba/MT,EXPRESS,DELIVERED_LATE,3,7,4,623,DC-DF-01,RETAIL
VLX-2026-001780,2026-05-25,2026-05-31,Northeast,Belo Horizonte/MG,Fortaleza/CE,STANDARD,DELIVERED_ON_TIME,6,6,0,806,DC-BA-01,SMB
VLX-2026-001781,2026-03-29,2026-04-04,Southeast,Florianopolis/SC,Belo Horizonte/MG,STANDARD,DELIVERED_ON_TIME,6,6,0,707,DC-RJ-01,RETAIL
VLX-2026-001782,2026-03-03,2026-03-06,North,Rio de Janeiro/RJ,Porto Velho/RO,EXPRESS,DELIVERED_ON_TIME,4,3,0,287,DC-PA-01,SMB
VLX-2026-001783,2026-02-05,2026-02-11,Southeast,Porto Alegre/RS,Belo Horizonte/MG,STANDARD,DELIVERED_ON_TIME,6,6,0,1062,DC-MG-01,ENTERPRISE
VLX-2026-001784,2026-02-07,2026-02-10,Central-West,Belo Horizonte/MG,Goiania/GO,EXPRESS,DELIVERED_ON_TIME,3,3,0,743,DC-GO-01,RETAIL
VLX-2026-001785,2026-01-15,2026-01-19,Southeast,Goiania/GO,Sao Paulo/SP,STANDARD,DELIVERED_ON_TIME,5,4,0,658,DC-MG-01,RETAIL
VLX-2026-001786,2026-05-26,2026-06-03,Northeast,Rio de Janeiro/RJ,Recife/PE,STANDARD,DELIVERED_LATE,6,8,2,1719,DC-PE-01,ENTERPRISE
VLX-2026-001787,2026-07-10,2026-07-16,Northeast,Salvador/BA,Recife/PE,STANDARD,DELIVERED_ON_TIME,6,6,0,639,DC-CE-01,RETAIL
VLX-2026-001788,2026-08-12,2026-08-17,Northeast,Florianopolis/SC,Fortaleza/CE,STANDARD,DELIVERED_ON_TIME,6,5,0,824,DC-PE-01,ENTERPRISE
VLX-2026-001789,2026-06-01,2026-06-12,Northeast,Fortaleza/CE,Fortaleza/CE,STANDARD,DELIVERY_EXCEPTION,6,11,5,157,DC-PE-01,RETAIL
VLX-2026-001790,2026-06-17,2026-06-22,Southeast,Rio de Janeiro/RJ,Rio de Janeiro/RJ,STANDARD,DELIVERED_ON_TIME,5,5,0,813,DC-RJ-01,RETAIL
VLX-2026-001791,2026-04-22,2026-05-03,Northeast,Goiania/GO,Salvador/BA,STANDARD,DELIVERED_LATE,6,11,5,1855,DC-BA-01,SMB
VLX-2026-001792,2026-01-10,2026-01-16,South,Fortaleza/CE,Florianopolis/SC,STANDARD,DELIVERED_ON_TIME,6,6,0,962,DC-PR-01,RETAIL
VLX-2026-001793,2026-02-10,2026-02-15,Southeast,Belo Horizonte/MG,Sao Paulo/SP,STANDARD,DELIVERED_ON_TIME,5,5,0,215,DC-MG-01,RETAIL
VLX-2026-001794,2026-03-16,2026-03-21,Southeast,Belo Horizonte/MG,Rio de Janeiro/RJ,STANDARD,DELIVERED_ON_TIME,5,5,0,1015,DC-RJ-01,RETAIL
VLX-2026-001795,2026-05-22,2026-05-27,South,Recife/PE,Curitiba/PR,STANDARD,DELIVERED_ON_TIME,6,5,0,654,DC-RS-01,ENTERPRISE
VLX-2026-001796,2026-03-05,2026-03-12,North,Belo Horizonte/MG,Manaus/AM,STANDARD,DELIVERED_ON_TIME,7,7,0,1329,DC-AM-01,RETAIL
VLX-2026-001797,2026-02-24,2026-02-26,Southeast,Belem/PA,Rio de Janeiro/RJ,EXPRESS,DELIVERED_ON_TIME,2,2,0,191,DC-MG-01,SMB
VLX-2026-001798,2026-01-09,2026-01-15,Northeast,Fortaleza/CE,Recife/PE,STANDARD,DELIVERED_ON_TIME,6,6,0,1782,DC-PE-01,RETAIL
VLX-2026-001799,2026-01-12,2026-01-16,Southeast,Cuiaba/MT,Sao Paulo/SP,STANDARD,DELIVERED_ON_TIME,5,4,0,890,DC-SP-01,RETAIL
VLX-2026-001800,2026-07-11,2026-07-13,Northeast,Sao Paulo/SP,Salvador/BA,EXPRESS,DELIVERED_ON_TIME,3,2,0,940,DC-PE-01,RETAIL
VLX-2026-001801,2026-07-07,2026-07-13,Northeast,Belo Horizonte/MG,Salvador/BA,STANDARD,DELIVERED_ON_TIME,6,6,0,559,DC-PE-01,RETAIL
VLX-2026-001802,2026-05-30,2026-06-06,Central-West,Rio de Janeiro/RJ,Goiania/GO,STANDARD,DELIVERED_ON_TIME,7,7,0,568,DC-DF-01,RETAIL
VLX-2026-001803,2026-06-04,2026-06-11,North,Belo Horizonte/MG,Porto Velho/RO,STANDARD,DELIVERED_ON_TIME,7,7,0,1835,DC-AM-01,RETAIL
VLX-2026-001804,2026-05-16,2026-05-18,Southeast,Belo Horizonte/MG,Rio de Janeiro/RJ,EXPRESS,DELIVERED_ON_TIME,3,2,0,494,DC-RJ-01,RETAIL
VLX-2026-001805,2026-02-20,2026-02-26,South,Recife/PE,Porto Alegre/RS,STANDARD,DELIVERED_ON_TIME,6,6,0,241,DC-PR-01,RETAIL
VLX-2026-001806,2026-04-19,2026-04-24,Southeast,Manaus/AM,Rio de Janeiro/RJ,STANDARD,DELIVERED_ON_TIME,5,5,0,1061,DC-MG-01,RETAIL
VLX-2026-001807,2026-05-12,2026-05-19,Northeast,Sao Paulo/SP,Salvador/BA,STANDARD,DELIVERED_ON_TIME,7,7,0,891,DC-CE-01,RETAIL
VLX-2026-001808,2026-06-23,2026-06-28,South,Rio de Janeiro/RJ,Curitiba/PR,STANDARD,DELIVERED_ON_TIME,5,5,0,413,DC-RS-01,RETAIL
VLX-2026-001809,2026-06-03,2026-06-12,Northeast,Sao Paulo/SP,Salvador/BA,STANDARD,DELIVERED_LATE,7,9,2,1719,DC-PE-01,RETAIL
VLX-2026-001810,2026-07-30,2026-08-01,Southeast,Salvador/BA,Rio de Janeiro/RJ,EXPRESS,DELIVERED_ON_TIME,2,2,0,992,DC-SP-01,RETAIL
VLX-2026-001811,2026-08-07,2026-08-11,South,Brasilia/DF,Porto Alegre/RS,STANDARD,DELIVERED_ON_TIME,5,4,0,745,DC-RS-01,RETAIL
VLX-2026-001812,2026-04-29,2026-05-04,South,Fortaleza/CE,Porto Alegre/RS,STANDARD,DELIVERED_ON_TIME,5,5,0,541,DC-PR-01,RETAIL
VLX-2026-001813,2026-01-11,2026-01-16,South,Sao Paulo/SP,Curitiba/PR,STANDARD,DELIVERED_ON_TIME,5,5,0,1055,DC-RS-01,SMB
VLX-2026-001814,2026-04-26,2026-05-04,Southeast,Belo Horizonte/MG,Sao Paulo/SP,EXPRESS,DELIVERY_EXCEPTION,2,8,6,218,DC-MG-01,RETAIL
VLX-2026-001815,2026-06-11,2026-06-17,North,Sao Paulo/SP,Manaus/AM,STANDARD,DELIVERED_ON_TIME,7,6,0,1737,DC-PA-01,RETAIL
VLX-2026-001816,2026-03-13,2026-03-15,Southeast,Fortaleza/CE,Sao Paulo/SP,EXPRESS,DELIVERED_ON_TIME,2,2,0,941,DC-SP-01,RETAIL
VLX-2026-001817,2026-05-02,2026-05-13,Northeast,Florianopolis/SC,Salvador/BA,STANDARD,DELIVERED_LATE,6,11,5,1899,DC-BA-01,RETAIL
VLX-2026-001818,2026-08-02,2026-08-09,North,Recife/PE,Belem/PA,STANDARD,DELIVERED_ON_TIME,7,7,0,595,DC-AM-01,RETAIL
VLX-2026-001819,2026-05-25,2026-05-28,Central-West,Curitiba/PR,Goiania/GO,EXPRESS,DELIVERED_ON_TIME,4,3,0,1621,DC-DF-01,RETAIL
VLX-2026-001820,2026-04-29,2026-05-04,Southeast,Belo Horizonte/MG,Rio de Janeiro/RJ,STANDARD,DELIVERED_ON_TIME,5,5,0,633,DC-MG-01,SMB
VLX-2026-001821,2026-04-03,2026-04-07,Central-West,Sao Paulo/SP,Brasilia/DF,EXPRESS,DELIVERED_ON_TIME,4,4,0,779,DC-GO-01,RETAIL
VLX-2026-001822,2026-01-28,2026-01-30,Northeast,Manaus/AM,Fortaleza/CE,EXPRESS,DELIVERED_ON_TIME,3,2,0,1539,DC-PE-01,RETAIL
VLX-2026-001823,2026-05-12,2026-05-15,Southeast,Rio de Janeiro/RJ,Rio de Janeiro/RJ,EXPRESS,DELIVERED_ON_TIME,3,3,0,450,DC-RJ-01,RETAIL
VLX-2026-001824,2026-01-07,2026-01-11,South,Belo Horizonte/MG,Florianopolis/SC,STANDARD,DELIVERED_ON_TIME,5,4,0,639,DC-RS-01,RETAIL
VLX-2026-001825,2026-01-15,2026-01-17,Northeast,Sao Paulo/SP,Salvador/BA,EXPRESS,DELIVERED_ON_TIME,3,2,0,554,DC-CE-01,RETAIL
VLX-2026-001826,2026-02-17,2026-02-22,South,Curitiba/PR,Porto Alegre/RS,STANDARD,DELIVERED_ON_TIME,6,5,0,1279,DC-RS-01,RETAIL
VLX-2026-001827,2026-04-13,2026-04-15,Southeast,Belo Horizonte/MG,Belo Horizonte/MG,EXPRESS,DELIVERED_ON_TIME,2,2,0,909,DC-MG-01,ENTERPRISE
VLX-2026-001828,2026-03-09,2026-03-15,Southeast,Cuiaba/MT,Belo Horizonte/MG,STANDARD,DELIVERED_ON_TIME,6,6,0,459,DC-SP-01,RETAIL
VLX-2026-001829,2026-04-05,2026-04-10,Northeast,Cuiaba/MT,Salvador/BA,STANDARD,DELIVERED_ON_TIME,6,5,0,632,DC-BA-01,RETAIL
VLX-2026-001830,2026-02-08,2026-02-10,Southeast,Rio de Janeiro/RJ,Rio de Janeiro/RJ,EXPRESS,DELIVERED_ON_TIME,2,2,0,408,DC-MG-01,SMB
VLX-2026-001831,2026-07-21,2026-07-28,Northeast,Brasilia/DF,Recife/PE,STANDARD,DELIVERED_LATE,6,7,1,1077,DC-BA-01,RETAIL
VLX-2026-001832,2026-07-28,2026-08-03,South,Porto Alegre/RS,Florianopolis/SC,STANDARD,DELIVERED_ON_TIME,6,6,0,372,DC-RS-01,RETAIL
VLX-2026-001833,2026-02-17,2026-02-22,Central-West,Cuiaba/MT,Brasilia/DF,STANDARD,DELIVERED_ON_TIME,6,5,0,642,DC-GO-01,RETAIL
VLX-2026-001834,2026-05-16,2026-05-27,Northeast,Belo Horizonte/MG,Salvador/BA,STANDARD,DELIVERED_LATE,6,11,5,899,DC-CE-01,RETAIL
VLX-2026-001835,2026-01-24,2026-01-26,South,Fortaleza/CE,Curitiba/PR,EXPRESS,DELIVERED_ON_TIME,2,2,0,1065,DC-PR-01,RETAIL
VLX-2026-001836,2026-07-18,2026-07-22,Northeast,Florianopolis/SC,Recife/PE,EXPRESS,DELIVERED_ON_TIME,4,4,0,703,DC-CE-01,RETAIL
VLX-2026-001837,2026-05-18,2026-05-22,Southeast,Porto Alegre/RS,Belo Horizonte/MG,STANDARD,DELIVERED_ON_TIME,5,4,0,559,DC-RJ-01,RETAIL
VLX-2026-001838,2026-07-09,2026-07-17,North,Porto Alegre/RS,Manaus/AM,STANDARD,DELIVERED_ON_TIME,8,8,0,330,DC-PA-01,RETAIL
VLX-2026-001839,2026-07-20,2026-07-27,North,Brasilia/DF,Manaus/AM,STANDARD,DELIVERED_ON_TIME,7,7,0,1058,DC-AM-01,RETAIL
VLX-2026-001840,2026-01-10,2026-01-16,Northeast,Belo Horizonte/MG,Recife/PE,STANDARD,DELIVERED_ON_TIME,6,6,0,1848,DC-PE-01,RETAIL
VLX-2026-001841,2026-07-20,2026-07-27,North,Sao Paulo/SP,Belem/PA,STANDARD,DELIVERED_ON_TIME,7,7,0,1207,DC-PA-01,SMB
VLX-2026-001842,2026-01-17,2026-01-26,Southeast,Florianopolis/SC,Rio de Janeiro/RJ,STANDARD,DELIVERED_LATE,5,9,4,158,DC-RJ-01,RETAIL
VLX-2026-001843,2026-05-13,2026-05-14,Southeast,Fortaleza/CE,Sao Paulo/SP,EXPRESS,DELIVERED_ON_TIME,2,1,0,189,DC-RJ-01,RETAIL
VLX-2026-001844,2026-02-25,2026-03-03,Southeast,Brasilia/DF,Sao Paulo/SP,STANDARD,DELIVERED_ON_TIME,6,6,0,682,DC-SP-01,RETAIL
VLX-2026-001845,2026-02-25,2026-02-27,Southeast,Rio de Janeiro/RJ,Sao Paulo/SP,EXPRESS,DELIVERED_ON_TIME,2,2,0,125,DC-RJ-01,ENTERPRISE
VLX-2026-001846,2026-06-08,2026-06-12,North,Rio de Janeiro/RJ,Belem/PA,EXPRESS,DELIVERED_ON_TIME,5,4,0,372,DC-AM-01,SMB
VLX-2026-001847,2026-01-04,2026-01-10,Southeast,Rio de Janeiro/RJ,Belo Horizonte/MG,STANDARD,DELIVERED_ON_TIME,6,6,0,1071,DC-SP-01,SMB
VLX-2026-001848,2026-03-14,2026-03-18,South,Rio de Janeiro/RJ,Porto Alegre/RS,STANDARD,DELIVERED_ON_TIME,5,4,0,334,DC-PR-01,ENTERPRISE
VLX-2026-001849,2026-01-16,2026-01-22,South,Sao Paulo/SP,Curitiba/PR,STANDARD,DELIVERED_ON_TIME,6,6,0,609,DC-RS-01,ENTERPRISE
VLX-2026-001850,2026-03-11,2026-03-17,Central-West,Porto Alegre/RS,Brasilia/DF,STANDARD,DELIVERED_ON_TIME,6,6,0,482,DC-DF-01,RETAIL
VLX-2026-001851,2026-06-15,2026-06-26,North,Cuiaba/MT,Belem/PA,STANDARD,DELIVERED_LATE,8,11,3,477,DC-AM-01,RETAIL
VLX-2026-001852,2026-06-17,2026-06-22,Southeast,Goiania/GO,Rio de Janeiro/RJ,STANDARD,DELIVERED_ON_TIME,5,5,0,767,DC-RJ-01,RETAIL
VLX-2026-001853,2026-03-25,2026-03-30,Southeast,Rio de Janeiro/RJ,Sao Paulo/SP,STANDARD,DELIVERED_ON_TIME,5,5,0,130,DC-RJ-01,RETAIL
VLX-2026-001854,2026-04-04,2026-04-11,North,Salvador/BA,Belem/PA,STANDARD,DELIVERED_ON_TIME,7,7,0,1411,DC-AM-01,RETAIL
VLX-2026-001855,2026-06-25,2026-07-02,Northeast,Manaus/AM,Fortaleza/CE,STANDARD,DELIVERED_ON_TIME,7,7,0,440,DC-CE-01,SMB
VLX-2026-001856,2026-04-26,2026-05-06,Central-West,Salvador/BA,Brasilia/DF,STANDARD,DELIVERED_LATE,7,10,3,1188,DC-DF-01,SMB
VLX-2026-001857,2026-06-25,2026-06-30,Northeast,Recife/PE,Recife/PE,STANDARD,DELIVERED_ON_TIME,6,5,0,489,DC-BA-01,RETAIL
VLX-2026-001858,2026-04-24,2026-04-29,Southeast,Sao Paulo/SP,Sao Paulo/SP,STANDARD,DELIVERED_ON_TIME,5,5,0,227,DC-MG-01,RETAIL
VLX-2026-001859,2026-08-16,2026-08-20,South,Belo Horizonte/MG,Curitiba/PR,STANDARD,DELIVERED_ON_TIME,5,4,0,1029,DC-PR-01,RETAIL
VLX-2026-001860,2026-07-22,2026-07-30,Central-West,Cuiaba/MT,Brasilia/DF,STANDARD,DELIVERED_LATE,7,8,1,1263,DC-DF-01,RETAIL
VLX-2026-001861,2026-01-15,2026-01-21,Southeast,Recife/PE,Belo Horizonte/MG,STANDARD,DELIVERED_ON_TIME,6,6,0,847,DC-SP-01,RETAIL
VLX-2026-001862,2026-02-22,2026-02-28,Northeast,Salvador/BA,Salvador/BA,STANDARD,DELIVERED_ON_TIME,6,6,0,1712,DC-CE-01,RETAIL
VLX-2026-001863,2026-02-16,2026-02-21,South,Brasilia/DF,Porto Alegre/RS,STANDARD,DELIVERED_ON_TIME,5,5,0,1145,DC-PR-01,RETAIL
VLX-2026-001864,2026-07-01,2026-07-03,South,Belo Horizonte/MG,Porto Alegre/RS,EXPRESS,DELIVERED_ON_TIME,2,2,0,124,DC-PR-01,RETAIL
VLX-2026-001865,2026-08-09,2026-08-14,Southeast,Goiania/GO,Sao Paulo/SP,STANDARD,DELIVERED_ON_TIME,5,5,0,751,DC-RJ-01,SMB
VLX-2026-001866,2026-02-15,2026-02-18,Northeast,Porto Alegre/RS,Salvador/BA,EXPRESS,DELIVERED_ON_TIME,3,3,0,844,DC-PE-01,RETAIL
VLX-2026-001867,2026-04-07,2026-04-10,Northeast,Belo Horizonte/MG,Fortaleza/CE,EXPRESS,DELIVERED_ON_TIME,4,3,0,1265,DC-BA-01,SMB
VLX-2026-001868,2026-06-26,2026-07-01,South,Belo Horizonte/MG,Porto Alegre/RS,STANDARD,DELIVERED_ON_TIME,5,5,0,931,DC-RS-01,SMB
VLX-2026-001869,2026-03-13,2026-03-18,South,Porto Alegre/RS,Florianopolis/SC,STANDARD,DELIVERED_ON_TIME,6,5,0,562,DC-PR-01,ENTERPRISE
VLX-2026-001870,2026-02-03,2026-02-09,Northeast,Sao Paulo/SP,Recife/PE,STANDARD,DELIVERED_ON_TIME,6,6,0,1205,DC-PE-01,RETAIL
VLX-2026-001871,2026-03-31,2026-04-07,South,Recife/PE,Porto Alegre/RS,STANDARD,DELIVERED_LATE,5,7,2,914,DC-RS-01,RETAIL
VLX-2026-001872,2026-01-30,2026-02-04,South,Porto Alegre/RS,Porto Alegre/RS,STANDARD,DELIVERED_ON_TIME,5,5,0,488,DC-PR-01,RETAIL
VLX-2026-001873,2026-04-10,2026-04-13,North,Sao Paulo/SP,Porto Velho/RO,EXPRESS,DELIVERED_ON_TIME,4,3,0,846,DC-PA-01,RETAIL
VLX-2026-001874,2026-04-13,2026-04-24,Northeast,Porto Alegre/RS,Fortaleza/CE,STANDARD,DELIVERED_LATE,7,11,4,955,DC-BA-01,RETAIL
VLX-2026-001875,2026-07-04,2026-07-11,North,Florianopolis/SC,Manaus/AM,STANDARD,DELIVERED_ON_TIME,7,7,0,536,DC-AM-01,SMB
VLX-2026-001876,2026-03-06,2026-03-15,Central-West,Florianopolis/SC,Goiania/GO,STANDARD,DELIVERED_LATE,6,9,3,1326,DC-GO-01,RETAIL
VLX-2026-001877,2026-07-15,2026-07-18,Central-West,Porto Alegre/RS,Goiania/GO,EXPRESS,DELIVERED_ON_TIME,3,3,0,1337,DC-GO-01,RETAIL
VLX-2026-001878,2026-04-10,2026-04-17,North,Rio de Janeiro/RJ,Manaus/AM,STANDARD,DELIVERED_ON_TIME,7,7,0,1275,DC-PA-01,RETAIL
VLX-2026-001879,2026-03-27,2026-03-30,Southeast,Fortaleza/CE,Rio de Janeiro/RJ,EXPRESS,DELIVERED_ON_TIME,3,3,0,734,DC-MG-01,RETAIL
VLX-2026-001880,2026-06-18,2026-06-23,Southeast,Recife/PE,Sao Paulo/SP,STANDARD,DELIVERED_ON_TIME,5,5,0,586,DC-MG-01,RETAIL
VLX-2026-001881,2026-01-14,2026-01-20,Northeast,Porto Alegre/RS,Salvador/BA,STANDARD,DELIVERED_ON_TIME,6,6,0,1168,DC-BA-01,RETAIL
VLX-2026-001882,2026-01-23,2026-01-30,South,Sao Paulo/SP,Porto Alegre/RS,EXPRESS,DELIVERY_EXCEPTION,2,7,5,888,DC-RS-01,RETAIL
VLX-2026-001883,2026-01-03,2026-01-13,North,Sao Paulo/SP,Porto Velho/RO,STANDARD,DELIVERED_LATE,7,10,3,251,DC-AM-01,RETAIL
VLX-2026-001884,2026-02-22,2026-03-02,Southeast,Salvador/BA,Belo Horizonte/MG,STANDARD,DELIVERED_LATE,5,8,3,173,DC-SP-01,RETAIL
VLX-2026-001885,2026-06-19,2026-06-24,Southeast,Rio de Janeiro/RJ,Belo Horizonte/MG,STANDARD,DELIVERED_ON_TIME,5,5,0,526,DC-RJ-01,SMB
VLX-2026-001886,2026-01-17,2026-01-22,Northeast,Belo Horizonte/MG,Fortaleza/CE,STANDARD,DELIVERED_ON_TIME,6,5,0,316,DC-BA-01,RETAIL
VLX-2026-001887,2026-05-17,2026-05-20,Southeast,Sao Paulo/SP,Sao Paulo/SP,EXPRESS,DELIVERED_ON_TIME,3,3,0,536,DC-MG-01,SMB
VLX-2026-001888,2026-08-14,2026-08-18,Central-West,Belo Horizonte/MG,Cuiaba/MT,EXPRESS,DELIVERED_ON_TIME,4,4,0,1499,DC-GO-01,RETAIL
VLX-2026-001889,2026-04-05,2026-04-10,Southeast,Cuiaba/MT,Rio de Janeiro/RJ,STANDARD,DELIVERED_ON_TIME,5,5,0,186,DC-SP-01,RETAIL
VLX-2026-001890,2026-07-13,2026-07-23,Central-West,Recife/PE,Cuiaba/MT,STANDARD,DELIVERED_LATE,6,10,4,1291,DC-DF-01,RETAIL
VLX-2026-001891,2026-01-23,2026-01-28,North,Rio de Janeiro/RJ,Porto Velho/RO,EXPRESS,DELIVERED_ON_TIME,5,5,0,1102,DC-PA-01,RETAIL
VLX-2026-001892,2026-03-26,2026-04-02,Northeast,Belo Horizonte/MG,Fortaleza/CE,STANDARD,DELIVERED_LATE,6,7,1,1532,DC-PE-01,ENTERPRISE
VLX-2026-001893,2026-07-09,2026-07-15,Central-West,Rio de Janeiro/RJ,Brasilia/DF,STANDARD,DELIVERED_ON_TIME,6,6,0,1320,DC-DF-01,RETAIL
VLX-2026-001894,2026-03-27,2026-04-11,South,Sao Paulo/SP,Porto Alegre/RS,STANDARD,LOST,6,15,9,1040,DC-RS-01,SMB
VLX-2026-001895,2026-08-12,2026-08-17,Central-West,Belem/PA,Goiania/GO,STANDARD,DELIVERED_ON_TIME,6,5,0,1333,DC-GO-01,RETAIL
VLX-2026-001896,2026-07-23,2026-07-29,South,Sao Paulo/SP,Curitiba/PR,STANDARD,DELIVERED_ON_TIME,6,6,0,850,DC-RS-01,RETAIL
VLX-2026-001897,2026-01-16,2026-01-22,South,Belo Horizonte/MG,Florianopolis/SC,STANDARD,DELIVERED_ON_TIME,6,6,0,719,DC-PR-01,RETAIL
VLX-2026-001898,2026-02-10,2026-02-14,Northeast,Rio de Janeiro/RJ,Fortaleza/CE,EXPRESS,DELIVERED_ON_TIME,4,4,0,727,DC-PE-01,ENTERPRISE
VLX-2026-001899,2026-04-01,2026-04-07,Northeast,Florianopolis/SC,Recife/PE,STANDARD,DELIVERED_ON_TIME,6,6,0,1746,DC-BA-01,RETAIL
VLX-2026-001900,2026-05-09,2026-05-14,South,Fortaleza/CE,Curitiba/PR,EXPRESS,DELIVERED_LATE,2,5,3,205,DC-RS-01,RETAIL
VLX-2026-001901,2026-04-15,2026-04-17,Southeast,Brasilia/DF,Rio de Janeiro/RJ,EXPRESS,DELIVERED_ON_TIME,3,2,0,988,DC-MG-01,RETAIL
VLX-2026-001902,2026-01-06,2026-01-10,South,Belo Horizonte/MG,Florianopolis/SC,STANDARD,DELIVERED_ON_TIME,5,4,0,624,DC-RS-01,RETAIL
VLX-2026-001903,2026-05-06,2026-05-10,North,Brasilia/DF,Belem/PA,EXPRESS,DELIVERED_ON_TIME,4,4,0,2095,DC-PA-01,RETAIL
VLX-2026-001904,2026-05-07,2026-05-14,North,Florianopolis/SC,Belem/PA,STANDARD,DELIVERED_ON_TIME,8,7,0,1621,DC-PA-01,SMB
VLX-2026-001905,2026-04-24,2026-05-02,North,Rio de Janeiro/RJ,Porto Velho/RO,STANDARD,DELIVERED_LATE,7,8,1,1457,DC-AM-01,SMB
VLX-2026-001906,2026-06-14,2026-06-20,Central-West,Porto Alegre/RS,Brasilia/DF,STANDARD,DELIVERED_ON_TIME,6,6,0,1689,DC-DF-01,RETAIL
VLX-2026-001907,2026-01-21,2026-01-30,Southeast,Belo Horizonte/MG,Sao Paulo/SP,STANDARD,DELIVERED_LATE,5,9,4,655,DC-MG-01,SMB
VLX-2026-001908,2026-01-08,2026-01-14,Northeast,Porto Alegre/RS,Salvador/BA,STANDARD,DELIVERED_ON_TIME,6,6,0,1807,DC-PE-01,SMB
VLX-2026-001909,2026-07-08,2026-07-11,Northeast,Sao Paulo/SP,Recife/PE,EXPRESS,DELIVERED_ON_TIME,3,3,0,272,DC-PE-01,SMB
VLX-2026-001910,2026-05-11,2026-05-17,Southeast,Belo Horizonte/MG,Sao Paulo/SP,STANDARD,DELIVERED_ON_TIME,6,6,0,421,DC-RJ-01,RETAIL
VLX-2026-001911,2026-02-06,2026-02-12,Northeast,Florianopolis/SC,Fortaleza/CE,STANDARD,DELIVERED_ON_TIME,6,6,0,1340,DC-CE-01,RETAIL
VLX-2026-001912,2026-01-06,2026-01-17,Central-West,Florianopolis/SC,Goiania/GO,STANDARD,DELIVERED_LATE,7,11,4,766,DC-GO-01,RETAIL
VLX-2026-001913,2026-03-03,2026-03-07,South,Rio de Janeiro/RJ,Porto Alegre/RS,STANDARD,DELIVERED_ON_TIME,5,4,0,577,DC-RS-01,RETAIL
VLX-2026-001914,2026-07-14,2026-07-20,Northeast,Belo Horizonte/MG,Fortaleza/CE,STANDARD,DELIVERED_ON_TIME,6,6,0,853,DC-CE-01,RETAIL
VLX-2026-001915,2026-06-06,2026-06-11,Southeast,Salvador/BA,Belo Horizonte/MG,STANDARD,DELIVERED_ON_TIME,5,5,0,560,DC-RJ-01,RETAIL
VLX-2026-001916,2026-08-16,2026-08-22,Southeast,Florianopolis/SC,Belo Horizonte/MG,STANDARD,DELIVERED_ON_TIME,6,6,0,281,DC-RJ-01,RETAIL
VLX-2026-001917,2026-05-02,2026-05-06,Southeast,Recife/PE,Sao Paulo/SP,STANDARD,DELIVERED_ON_TIME,5,4,0,236,DC-MG-01,SMB
VLX-2026-001918,2026-05-17,2026-05-21,Northeast,Fortaleza/CE,Salvador/BA,EXPRESS,DELIVERED_ON_TIME,4,4,0,1888,DC-CE-01,RETAIL
VLX-2026-001919,2026-01-07,2026-01-12,Southeast,Belo Horizonte/MG,Sao Paulo/SP,STANDARD,DELIVERED_ON_TIME,5,5,0,306,DC-MG-01,RETAIL
VLX-2026-001920,2026-04-27,2026-05-03,Northeast,Fortaleza/CE,Fortaleza/CE,STANDARD,DELIVERED_ON_TIME,6,6,0,198,DC-PE-01,RETAIL
VLX-2026-001921,2026-05-06,2026-05-07,Southeast,Rio de Janeiro/RJ,Rio de Janeiro/RJ,EXPRESS,DELIVERED_ON_TIME,2,1,0,470,DC-RJ-01,RETAIL
VLX-2026-001922,2026-07-20,2026-07-26,Southeast,Sao Paulo/SP,Sao Paulo/SP,STANDARD,DELIVERED_ON_TIME,6,6,0,722,DC-RJ-01,SMB
VLX-2026-001923,2026-08-02,2026-08-08,Central-West,Cuiaba/MT,Brasilia/DF,STANDARD,DELIVERED_ON_TIME,7,6,0,969,DC-DF-01,RETAIL
VLX-2026-001924,2026-06-05,2026-06-11,South,Belo Horizonte/MG,Porto Alegre/RS,STANDARD,DELIVERED_LATE,5,6,1,796,DC-PR-01,RETAIL
VLX-2026-001925,2026-01-12,2026-01-21,North,Belem/PA,Belem/PA,STANDARD,DELIVERED_LATE,7,9,2,1380,DC-AM-01,RETAIL
VLX-2026-001926,2026-01-13,2026-01-18,South,Florianopolis/SC,Florianopolis/SC,STANDARD,DELIVERED_ON_TIME,5,5,0,848,DC-PR-01,SMB
VLX-2026-001927,2026-08-09,2026-08-15,South,Porto Velho/RO,Florianopolis/SC,STANDARD,DELIVERED_ON_TIME,6,6,0,1090,DC-PR-01,RETAIL
VLX-2026-001928,2026-07-20,2026-07-26,Northeast,Salvador/BA,Fortaleza/CE,STANDARD,DELIVERED_ON_TIME,6,6,0,819,DC-PE-01,RETAIL
VLX-2026-001929,2026-05-16,2026-05-21,Southeast,Recife/PE,Rio de Janeiro/RJ,STANDARD,DELIVERED_ON_TIME,6,5,0,241,DC-RJ-01,RETAIL
VLX-2026-001930,2026-01-26,2026-02-01,Northeast,Belo Horizonte/MG,Salvador/BA,EXPRESS,DELIVERED_LATE,3,6,3,255,DC-BA-01,ENTERPRISE
VLX-2026-001931,2026-07-20,2026-07-26,Central-West,Curitiba/PR,Brasilia/DF,STANDARD,DELIVERED_ON_TIME,6,6,0,452,DC-DF-01,RETAIL
VLX-2026-001932,2026-03-27,2026-03-31,Southeast,Cuiaba/MT,Belo Horizonte/MG,STANDARD,DELIVERED_ON_TIME,5,4,0,470,DC-RJ-01,RETAIL
VLX-2026-001933,2026-01-28,2026-02-03,South,Fortaleza/CE,Curitiba/PR,STANDARD,DELIVERED_LATE,5,6,1,367,DC-RS-01,ENTERPRISE
VLX-2026-001934,2026-07-12,2026-07-23,North,Florianopolis/SC,Porto Velho/RO,EXPRESS,DELIVERY_EXCEPTION,4,11,7,1951,DC-PA-01,RETAIL
VLX-2026-001935,2026-02-08,2026-02-12,North,Salvador/BA,Belem/PA,EXPRESS,DELIVERED_ON_TIME,4,4,0,1288,DC-AM-01,ENTERPRISE
VLX-2026-001936,2026-05-31,2026-06-11,North,Belo Horizonte/MG,Belem/PA,STANDARD,DELIVERED_LATE,8,11,3,1903,DC-AM-01,ENTERPRISE
VLX-2026-001937,2026-05-10,2026-05-15,South,Goiania/GO,Curitiba/PR,STANDARD,DELIVERED_ON_TIME,6,5,0,918,DC-PR-01,SMB
VLX-2026-001938,2026-03-30,2026-04-04,Northeast,Sao Paulo/SP,Recife/PE,STANDARD,DELIVERED_ON_TIME,6,5,0,665,DC-CE-01,RETAIL
VLX-2026-001939,2026-05-02,2026-05-13,Northeast,Porto Alegre/RS,Fortaleza/CE,STANDARD,DELIVERED_LATE,6,11,5,297,DC-BA-01,RETAIL
VLX-2026-001940,2026-08-12,2026-08-16,South,Belo Horizonte/MG,Porto Alegre/RS,STANDARD,DELIVERED_ON_TIME,5,4,0,903,DC-RS-01,SMB
VLX-2026-001941,2026-08-08,2026-08-13,Southeast,Rio de Janeiro/RJ,Rio de Janeiro/RJ,STANDARD,DELIVERED_ON_TIME,5,5,0,966,DC-RJ-01,RETAIL
VLX-2026-001942,2026-03-02,2026-03-11,Northeast,Fortaleza/CE,Fortaleza/CE,STANDARD,DELIVERED_LATE,6,9,3,1244,DC-CE-01,RETAIL
VLX-2026-001943,2026-01-16,2026-01-21,Southeast,Curitiba/PR,Sao Paulo/SP,STANDARD,DELIVERED_ON_TIME,5,5,0,763,DC-MG-01,RETAIL
VLX-2026-001944,2026-04-19,2026-04-24,Southeast,Sao Paulo/SP,Belo Horizonte/MG,STANDARD,DELIVERED_ON_TIME,5,5,0,962,DC-RJ-01,RETAIL
VLX-2026-001945,2026-02-09,2026-02-11,Central-West,Recife/PE,Brasilia/DF,EXPRESS,DELIVERED_ON_TIME,3,2,0,1117,DC-GO-01,SMB
VLX-2026-001946,2026-01-11,2026-01-17,North,Florianopolis/SC,Porto Velho/RO,STANDARD,DELIVERED_ON_TIME,7,6,0,2342,DC-PA-01,RETAIL
VLX-2026-001947,2026-04-08,2026-04-18,Northeast,Fortaleza/CE,Recife/PE,STANDARD,DELIVERED_LATE,6,10,4,877,DC-BA-01,RETAIL
VLX-2026-001948,2026-03-19,2026-03-25,North,Belo Horizonte/MG,Belem/PA,STANDARD,DELIVERED_ON_TIME,7,6,0,1770,DC-PA-01,ENTERPRISE
VLX-2026-001949,2026-08-15,2026-08-22,Northeast,Rio de Janeiro/RJ,Recife/PE,STANDARD,DELIVERED_ON_TIME,7,7,0,1181,DC-BA-01,RETAIL
VLX-2026-001950,2026-02-22,2026-02-25,Southeast,Florianopolis/SC,Belo Horizonte/MG,EXPRESS,DELIVERED_ON_TIME,3,3,0,868,DC-MG-01,RETAIL
VLX-2026-001951,2026-03-24,2026-03-29,Southeast,Cuiaba/MT,Sao Paulo/SP,STANDARD,DELIVERED_ON_TIME,5,5,0,1017,DC-RJ-01,RETAIL
VLX-2026-001952,2026-06-24,2026-06-29,South,Rio de Janeiro/RJ,Curitiba/PR,STANDARD,DELIVERED_ON_TIME,6,5,0,301,DC-PR-01,SMB
VLX-2026-001953,2026-02-22,2026-02-25,Central-West,Porto Alegre/RS,Goiania/GO,EXPRESS,DELIVERED_ON_TIME,3,3,0,1508,DC-GO-01,RETAIL
VLX-2026-001954,2026-05-12,2026-05-17,South,Recife/PE,Porto Alegre/RS,STANDARD,DELIVERED_ON_TIME,5,5,0,1278,DC-RS-01,RETAIL
VLX-2026-001955,2026-07-11,2026-07-13,Southeast,Porto Alegre/RS,Rio de Janeiro/RJ,EXPRESS,DELIVERED_ON_TIME,2,2,0,978,DC-SP-01,RETAIL
VLX-2026-001956,2026-03-20,2026-03-26,Northeast,Florianopolis/SC,Fortaleza/CE,STANDARD,DELIVERED_ON_TIME,6,6,0,908,DC-PE-01,RETAIL
VLX-2026-001957,2026-05-27,2026-05-31,North,Porto Alegre/RS,Manaus/AM,EXPRESS,DELIVERED_ON_TIME,4,4,0,612,DC-AM-01,RETAIL
VLX-2026-001958,2026-07-31,2026-08-03,Central-West,Rio de Janeiro/RJ,Brasilia/DF,EXPRESS,DELIVERED_ON_TIME,3,3,0,1307,DC-DF-01,RETAIL
VLX-2026-001959,2026-07-18,2026-07-22,Northeast,Florianopolis/SC,Fortaleza/CE,EXPRESS,DELIVERED_ON_TIME,4,4,0,523,DC-BA-01,RETAIL
VLX-2026-001960,2026-04-24,2026-05-01,North,Cuiaba/MT,Manaus/AM,STANDARD,DELIVERED_ON_TIME,7,7,0,2396,DC-PA-01,RETAIL
VLX-2026-001961,2026-04-27,2026-05-03,South,Fortaleza/CE,Porto Alegre/RS,STANDARD,DELIVERED_ON_TIME,6,6,0,209,DC-PR-01,RETAIL
VLX-2026-001962,2026-06-29,2026-07-03,South,Belo Horizonte/MG,Curitiba/PR,STANDARD,DELIVERED_ON_TIME,5,4,0,204,DC-RS-01,RETAIL
VLX-2026-001963,2026-01-09,2026-01-14,Southeast,Fortaleza/CE,Rio de Janeiro/RJ,STANDARD,DELIVERED_ON_TIME,5,5,0,990,DC-SP-01,SMB
VLX-2026-001964,2026-06-25,2026-07-01,Northeast,Sao Paulo/SP,Recife/PE,STANDARD,DELIVERED_ON_TIME,6,6,0,992,DC-PE-01,RETAIL
VLX-2026-001965,2026-03-23,2026-03-27,South,Florianopolis/SC,Florianopolis/SC,STANDARD,DELIVERED_ON_TIME,5,4,0,1062,DC-RS-01,ENTERPRISE
VLX-2026-001966,2026-04-29,2026-05-05,Northeast,Porto Velho/RO,Salvador/BA,STANDARD,DELIVERED_ON_TIME,6,6,0,1823,DC-CE-01,RETAIL
VLX-2026-001967,2026-05-25,2026-05-30,South,Manaus/AM,Porto Alegre/RS,STANDARD,DELIVERED_ON_TIME,6,5,0,755,DC-RS-01,SMB
VLX-2026-001968,2026-08-12,2026-08-16,North,Rio de Janeiro/RJ,Belem/PA,EXPRESS,DELIVERED_ON_TIME,4,4,0,2199,DC-PA-01,RETAIL
VLX-2026-001969,2026-04-27,2026-05-10,North,Recife/PE,Manaus/AM,STANDARD,DELIVERY_EXCEPTION,7,13,6,2367,DC-AM-01,ENTERPRISE
VLX-2026-001970,2026-05-28,2026-06-03,Southeast,Manaus/AM,Rio de Janeiro/RJ,STANDARD,DELIVERED_ON_TIME,6,6,0,248,DC-MG-01,RETAIL
VLX-2026-001971,2026-08-10,2026-08-16,Northeast,Florianopolis/SC,Fortaleza/CE,STANDARD,DELIVERED_ON_TIME,6,6,0,661,DC-CE-01,RETAIL
VLX-2026-001972,2026-06-15,2026-06-17,Southeast,Recife/PE,Sao Paulo/SP,EXPRESS,DELIVERED_ON_TIME,2,2,0,801,DC-MG-01,SMB
VLX-2026-001973,2026-02-21,2026-02-26,South,Cuiaba/MT,Florianopolis/SC,STANDARD,DELIVERED_ON_TIME,5,5,0,1200,DC-RS-01,RETAIL
VLX-2026-001974,2026-02-25,2026-03-02,South,Rio de Janeiro/RJ,Florianopolis/SC,STANDARD,DELIVERED_ON_TIME,5,5,0,789,DC-PR-01,ENTERPRISE
VLX-2026-001975,2026-06-17,2026-06-20,North,Rio de Janeiro/RJ,Belem/PA,EXPRESS,DELIVERED_ON_TIME,4,3,0,1121,DC-AM-01,RETAIL
VLX-2026-001976,2026-06-03,2026-06-10,Central-West,Cuiaba/MT,Goiania/GO,STANDARD,DELIVERED_ON_TIME,7,7,0,321,DC-GO-01,RETAIL
VLX-2026-001977,2026-05-01,2026-05-12,Northeast,Manaus/AM,Recife/PE,STANDARD,DELIVERED_LATE,6,11,5,1511,DC-BA-01,RETAIL
VLX-2026-001978,2026-04-14,2026-04-19,Southeast,Rio de Janeiro/RJ,Rio de Janeiro/RJ,STANDARD,DELIVERED_ON_TIME,5,5,0,659,DC-RJ-01,SMB
VLX-2026-001979,2026-06-04,2026-06-17,Northeast,Sao Paulo/SP,Salvador/BA,STANDARD,DELIVERED_LATE,6,13,7,325,DC-BA-01,ENTERPRISE
VLX-2026-001980,2026-04-29,2026-05-10,Northeast,Brasilia/DF,Recife/PE,EXPRESS,DELIVERED_LATE,4,11,7,649,DC-PE-01,RETAIL
VLX-2026-001981,2026-05-09,2026-05-14,South,Recife/PE,Porto Alegre/RS,STANDARD,DELIVERED_ON_TIME,5,5,0,751,DC-PR-01,RETAIL
VLX-2026-001982,2026-01-27,2026-01-29,South,Belo Horizonte/MG,Curitiba/PR,EXPRESS,DELIVERED_ON_TIME,2,2,0,480,DC-PR-01,RETAIL
VLX-2026-001983,2026-02-24,2026-03-05,South,Fortaleza/CE,Florianopolis/SC,STANDARD,DELIVERED_LATE,5,9,4,1215,DC-PR-01,RETAIL
VLX-2026-001984,2026-08-09,2026-08-14,Southeast,Sao Paulo/SP,Belo Horizonte/MG,STANDARD,DELIVERED_ON_TIME,5,5,0,246,DC-RJ-01,RETAIL
VLX-2026-001985,2026-06-16,2026-06-22,Southeast,Recife/PE,Rio de Janeiro/RJ,STANDARD,DELIVERED_ON_TIME,6,6,0,614,DC-MG-01,RETAIL
VLX-2026-001986,2026-05-11,2026-05-14,Northeast,Recife/PE,Recife/PE,EXPRESS,DELIVERED_ON_TIME,3,3,0,869,DC-BA-01,RETAIL
VLX-2026-001987,2026-03-01,2026-03-05,Southeast,Cuiaba/MT,Belo Horizonte/MG,STANDARD,DELIVERED_ON_TIME,5,4,0,244,DC-MG-01,RETAIL
VLX-2026-001988,2026-04-27,2026-05-02,Southeast,Fortaleza/CE,Sao Paulo/SP,STANDARD,DELIVERED_ON_TIME,5,5,0,788,DC-MG-01,ENTERPRISE
VLX-2026-001989,2026-06-08,2026-06-14,Northeast,Porto Alegre/RS,Salvador/BA,STANDARD,DELIVERED_ON_TIME,6,6,0,755,DC-CE-01,RETAIL
VLX-2026-001990,2026-01-04,2026-01-08,North,Belo Horizonte/MG,Belem/PA,EXPRESS,DELIVERED_ON_TIME,4,4,0,1007,DC-AM-01,RETAIL
VLX-2026-001991,2026-05-09,2026-05-16,Central-West,Cuiaba/MT,Goiania/GO,STANDARD,DELIVERED_ON_TIME,7,7,0,965,DC-DF-01,RETAIL
VLX-2026-001992,2026-05-01,2026-05-11,Southeast,Cuiaba/MT,Belo Horizonte/MG,EXPRESS,DELIVERY_EXCEPTION,3,10,7,600,DC-RJ-01,RETAIL
VLX-2026-001993,2026-05-21,2026-05-24,Northeast,Porto Alegre/RS,Fortaleza/CE,EXPRESS,DELIVERED_ON_TIME,3,3,0,497,DC-BA-01,RETAIL
VLX-2026-001994,2026-02-22,2026-03-01,North,Salvador/BA,Manaus/AM,STANDARD,DELIVERED_ON_TIME,8,7,0,693,DC-AM-01,RETAIL
VLX-2026-001995,2026-05-30,2026-06-13,Northeast,Fortaleza/CE,Fortaleza/CE,STANDARD,DELIVERED_LATE,7,14,7,927,DC-BA-01,RETAIL
VLX-2026-001996,2026-05-18,2026-05-20,South,Brasilia/DF,Curitiba/PR,EXPRESS,DELIVERED_ON_TIME,2,2,0,693,DC-RS-01,RETAIL
VLX-2026-001997,2026-07-11,2026-07-14,North,Rio de Janeiro/RJ,Porto Velho/RO,EXPRESS,DELIVERED_ON_TIME,4,3,0,1115,DC-AM-01,RETAIL
VLX-2026-001998,2026-05-01,2026-05-07,South,Cuiaba/MT,Porto Alegre/RS,STANDARD,DELIVERED_ON_TIME,6,6,0,377,DC-RS-01,RETAIL
VLX-2026-001999,2026-02-11,2026-02-13,Southeast,Sao Paulo/SP,Rio de Janeiro/RJ,EXPRESS,DELIVERED_ON_TIME,2,2,0,636,DC-MG-01,RETAIL
VLX-2026-002000,2026-05-09,2026-05-16,Central-West,Florianopolis/SC,Cuiaba/MT,STANDARD,DELIVERED_LATE,6,7,1,1431,DC-GO-01,RETAIL
VLX-2026-002001,2026-01-25,2026-01-28,Northeast,Sao Paulo/SP,Fortaleza/CE,EXPRESS,DELIVERED_ON_TIME,3,3,0,726,DC-CE-01,SMB
VLX-2026-002002,2026-03-20,2026-03-27,Northeast,Rio de Janeiro/RJ,Fortaleza/CE,EXPRESS,DELIVERED_LATE,4,7,3,1402,DC-CE-01,SMB
VLX-2026-002003,2026-04-10,2026-04-15,Northeast,Curitiba/PR,Salvador/BA,STANDARD,DELIVERED_ON_TIME,6,5,0,805,DC-PE-01,RETAIL
VLX-2026-002004,2026-06-23,2026-06-25,Southeast,Sao Paulo/SP,Sao Paulo/SP,EXPRESS,DELIVERED_ON_TIME,2,2,0,351,DC-RJ-01,SMB
VLX-2026-002005,2026-03-25,2026-03-31,Northeast,Rio de Janeiro/RJ,Salvador/BA,STANDARD,DELIVERED_ON_TIME,6,6,0,1495,DC-CE-01,SMB
VLX-2026-002006,2026-07-04,2026-07-10,Central-West,Rio de Janeiro/RJ,Cuiaba/MT,STANDARD,DELIVERED_ON_TIME,6,6,0,198,DC-DF-01,SMB
VLX-2026-002007,2026-06-10,2026-06-13,South,Salvador/BA,Porto Alegre/RS,EXPRESS,DELIVERED_ON_TIME,3,3,0,1057,DC-PR-01,SMB
VLX-2026-002008,2026-03-03,2026-03-10,Southeast,Goiania/GO,Belo Horizonte/MG,STANDARD,DELIVERED_LATE,5,7,2,990,DC-RJ-01,RETAIL
VLX-2026-002009,2026-04-26,2026-05-02,Northeast,Belo Horizonte/MG,Recife/PE,STANDARD,DELIVERED_ON_TIME,6,6,0,1334,DC-CE-01,RETAIL
VLX-2026-002010,2026-08-16,2026-08-21,Southeast,Rio de Janeiro/RJ,Rio de Janeiro/RJ,STANDARD,DELIVERED_ON_TIME,5,5,0,699,DC-RJ-01,RETAIL
VLX-2026-002011,2026-02-23,2026-02-25,Southeast,Rio de Janeiro/RJ,Belo Horizonte/MG,EXPRESS,DELIVERED_ON_TIME,2,2,0,886,DC-MG-01,RETAIL
VLX-2026-002012,2026-01-04,2026-01-10,Southeast,Florianopolis/SC,Belo Horizonte/MG,EXPRESS,DELIVERED_LATE,3,6,3,628,DC-SP-01,SMB
VLX-2026-002013,2026-06-07,2026-06-11,Central-West,Sao Paulo/SP,Goiania/GO,EXPRESS,DELIVERED_ON_TIME,4,4,0,1557,DC-DF-01,RETAIL
VLX-2026-002014,2026-03-07,2026-03-13,Southeast,Fortaleza/CE,Rio de Janeiro/RJ,STANDARD,DELIVERED_ON_TIME,6,6,0,320,DC-MG-01,RETAIL
VLX-2026-002015,2026-01-05,2026-01-12,Central-West,Sao Paulo/SP,Cuiaba/MT,STANDARD,DELIVERED_ON_TIME,7,7,0,720,DC-GO-01,RETAIL
VLX-2026-002016,2026-05-25,2026-06-01,Central-West,Rio de Janeiro/RJ,Brasilia/DF,STANDARD,DELIVERED_ON_TIME,7,7,0,857,DC-GO-01,ENTERPRISE
VLX-2026-002017,2026-04-13,2026-04-19,Central-West,Belo Horizonte/MG,Brasilia/DF,STANDARD,DELIVERED_ON_TIME,6,6,0,1127,DC-DF-01,RETAIL
VLX-2026-002018,2026-02-07,2026-02-13,Northeast,Rio de Janeiro/RJ,Recife/PE,EXPRESS,DELIVERED_LATE,4,6,2,726,DC-CE-01,SMB
VLX-2026-002019,2026-05-20,2026-05-27,Northeast,Rio de Janeiro/RJ,Salvador/BA,STANDARD,DELIVERED_ON_TIME,7,7,0,1413,DC-PE-01,RETAIL
VLX-2026-002020,2026-02-04,2026-02-07,Northeast,Manaus/AM,Fortaleza/CE,EXPRESS,DELIVERED_ON_TIME,3,3,0,791,DC-CE-01,RETAIL
VLX-2026-002021,2026-03-29,2026-04-06,North,Recife/PE,Belem/PA,STANDARD,DELIVERED_ON_TIME,8,8,0,2221,DC-PA-01,RETAIL
VLX-2026-002022,2026-06-15,2026-06-23,South,Cuiaba/MT,Curitiba/PR,STANDARD,DELIVERED_LATE,5,8,3,773,DC-RS-01,RETAIL
VLX-2026-002023,2026-03-05,2026-03-10,Northeast,Fortaleza/CE,Recife/PE,STANDARD,DELIVERED_ON_TIME,6,5,0,1139,DC-BA-01,SMB
VLX-2026-002024,2026-03-22,2026-03-31,North,Rio de Janeiro/RJ,Porto Velho/RO,STANDARD,DELIVERED_LATE,7,9,2,1640,DC-PA-01,RETAIL
VLX-2026-002025,2026-01-14,2026-01-19,South,Belo Horizonte/MG,Florianopolis/SC,STANDARD,DELIVERED_ON_TIME,5,5,0,611,DC-PR-01,RETAIL
VLX-2026-002026,2026-06-01,2026-06-06,Southeast,Rio de Janeiro/RJ,Rio de Janeiro/RJ,STANDARD,DELIVERED_ON_TIME,5,5,0,560,DC-RJ-01,RETAIL
VLX-2026-002027,2026-01-21,2026-01-25,Southeast,Curitiba/PR,Rio de Janeiro/RJ,STANDARD,DELIVERED_ON_TIME,5,4,0,188,DC-SP-01,RETAIL
VLX-2026-002028,2026-05-02,2026-05-09,North,Curitiba/PR,Belem/PA,STANDARD,DELIVERED_ON_TIME,7,7,0,1769,DC-PA-01,SMB
VLX-2026-002029,2026-03-08,2026-03-13,Southeast,Porto Velho/RO,Belo Horizonte/MG,STANDARD,DELIVERED_ON_TIME,5,5,0,880,DC-RJ-01,ENTERPRISE
VLX-2026-002030,2026-01-30,2026-02-04,South,Rio de Janeiro/RJ,Florianopolis/SC,STANDARD,DELIVERED_ON_TIME,6,5,0,771,DC-RS-01,SMB
VLX-2026-002031,2026-01-24,2026-01-31,North,Manaus/AM,Belem/PA,STANDARD,DELIVERED_ON_TIME,7,7,0,724,DC-PA-01,RETAIL
VLX-2026-002032,2026-02-15,2026-02-20,Southeast,Belo Horizonte/MG,Sao Paulo/SP,STANDARD,DELIVERED_ON_TIME,5,5,0,303,DC-SP-01,RETAIL
VLX-2026-002033,2026-05-30,2026-06-01,South,Rio de Janeiro/RJ,Florianopolis/SC,EXPRESS,DELIVERED_ON_TIME,2,2,0,423,DC-RS-01,RETAIL
VLX-2026-002034,2026-01-22,2026-01-29,Northeast,Rio de Janeiro/RJ,Fortaleza/CE,STANDARD,DELIVERED_ON_TIME,7,7,0,464,DC-BA-01,RETAIL
VLX-2026-002035,2026-06-18,2026-06-26,North,Goiania/GO,Manaus/AM,EXPRESS,DELIVERED_LATE,4,8,4,306,DC-PA-01,SMB
VLX-2026-002036,2026-07-30,2026-08-05,Northeast,Goiania/GO,Salvador/BA,STANDARD,DELIVERED_ON_TIME,6,6,0,716,DC-CE-01,SMB
VLX-2026-002037,2026-08-05,2026-08-11,Northeast,Rio de Janeiro/RJ,Salvador/BA,STANDARD,DELIVERED_ON_TIME,6,6,0,436,DC-PE-01,RETAIL
VLX-2026-002038,2026-07-20,2026-07-27,Northeast,Cuiaba/MT,Salvador/BA,STANDARD,DELIVERED_ON_TIME,7,7,0,1146,DC-BA-01,RETAIL
VLX-2026-002039,2026-06-13,2026-06-24,Northeast,Curitiba/PR,Salvador/BA,STANDARD,DELIVERED_LATE,6,11,5,1160,DC-BA-01,RETAIL
VLX-2026-002040,2026-02-05,2026-02-12,Northeast,Salvador/BA,Fortaleza/CE,STANDARD,DELIVERED_LATE,6,7,1,1665,DC-BA-01,RETAIL
VLX-2026-002041,2026-02-20,2026-02-26,South,Porto Alegre/RS,Curitiba/PR,EXPRESS,DELIVERY_EXCEPTION,2,6,4,1224,DC-PR-01,RETAIL
VLX-2026-002042,2026-02-18,2026-02-22,Southeast,Fortaleza/CE,Sao Paulo/SP,STANDARD,DELIVERED_ON_TIME,5,4,0,547,DC-SP-01,ENTERPRISE
VLX-2026-002043,2026-06-03,2026-06-09,Southeast,Manaus/AM,Sao Paulo/SP,STANDARD,DELIVERED_ON_TIME,6,6,0,237,DC-MG-01,RETAIL
VLX-2026-002044,2026-04-21,2026-04-27,Southeast,Rio de Janeiro/RJ,Rio de Janeiro/RJ,STANDARD,DELIVERED_ON_TIME,6,6,0,999,DC-MG-01,RETAIL
VLX-2026-002045,2026-07-04,2026-07-11,North,Brasilia/DF,Belem/PA,STANDARD,DELIVERED_ON_TIME,7,7,0,2219,DC-PA-01,RETAIL
VLX-2026-002046,2026-01-18,2026-01-21,Northeast,Sao Paulo/SP,Recife/PE,EXPRESS,DELIVERED_ON_TIME,3,3,0,432,DC-CE-01,RETAIL
VLX-2026-002047,2026-04-30,2026-05-06,Southeast,Porto Alegre/RS,Belo Horizonte/MG,STANDARD,DELIVERED_ON_TIME,6,6,0,269,DC-MG-01,RETAIL
VLX-2026-002048,2026-03-09,2026-03-13,Central-West,Sao Paulo/SP,Brasilia/DF,EXPRESS,DELIVERED_ON_TIME,4,4,0,1271,DC-DF-01,RETAIL
VLX-2026-002049,2026-07-22,2026-07-27,Southeast,Curitiba/PR,Sao Paulo/SP,STANDARD,DELIVERED_ON_TIME,5,5,0,229,DC-SP-01,RETAIL
VLX-2026-002050,2026-02-12,2026-02-16,Southeast,Fortaleza/CE,Belo Horizonte/MG,EXPRESS,DELIVERED_LATE,2,4,2,795,DC-SP-01,RETAIL
VLX-2026-002051,2026-04-30,2026-05-05,South,Manaus/AM,Porto Alegre/RS,STANDARD,DELIVERED_ON_TIME,5,5,0,931,DC-RS-01,SMB
VLX-2026-002052,2026-06-13,2026-06-23,Northeast,Salvador/BA,Fortaleza/CE,STANDARD,DELIVERY_EXCEPTION,6,10,4,1001,DC-PE-01,RETAIL
VLX-2026-002053,2026-08-02,2026-08-07,Central-West,Recife/PE,Cuiaba/MT,STANDARD,DELIVERED_ON_TIME,6,5,0,1270,DC-DF-01,SMB
VLX-2026-002054,2026-05-16,2026-05-19,South,Salvador/BA,Porto Alegre/RS,EXPRESS,DELIVERED_ON_TIME,3,3,0,685,DC-RS-01,ENTERPRISE
VLX-2026-002055,2026-07-08,2026-07-10,Southeast,Porto Alegre/RS,Sao Paulo/SP,EXPRESS,DELIVERED_ON_TIME,2,2,0,248,DC-MG-01,RETAIL
VLX-2026-002056,2026-06-16,2026-06-22,Central-West,Belo Horizonte/MG,Goiania/GO,STANDARD,DELIVERED_ON_TIME,6,6,0,746,DC-GO-01,SMB
VLX-2026-002057,2026-02-02,2026-02-10,Northeast,Curitiba/PR,Fortaleza/CE,STANDARD,DELIVERED_LATE,6,8,2,694,DC-BA-01,RETAIL
VLX-2026-002058,2026-02-20,2026-02-22,Southeast,Belem/PA,Rio de Janeiro/RJ,EXPRESS,DELIVERED_ON_TIME,2,2,0,137,DC-MG-01,RETAIL
VLX-2026-002059,2026-03-05,2026-03-07,South,Belo Horizonte/MG,Curitiba/PR,EXPRESS,DELIVERED_ON_TIME,2,2,0,862,DC-PR-01,RETAIL
VLX-2026-002060,2026-04-26,2026-05-02,Central-West,Goiania/GO,Cuiaba/MT,STANDARD,DELIVERED_ON_TIME,6,6,0,524,DC-DF-01,RETAIL
VLX-2026-002061,2026-01-30,2026-02-06,North,Rio de Janeiro/RJ,Porto Velho/RO,STANDARD,DELIVERED_ON_TIME,7,7,0,313,DC-PA-01,RETAIL
VLX-2026-002062,2026-07-21,2026-07-26,North,Curitiba/PR,Porto Velho/RO,EXPRESS,DELIVERED_ON_TIME,5,5,0,1417,DC-PA-01,RETAIL
VLX-2026-002063,2026-04-12,2026-04-18,Central-West,Brasilia/DF,Goiania/GO,STANDARD,DELIVERED_ON_TIME,6,6,0,551,DC-GO-01,RETAIL
VLX-2026-002064,2026-08-04,2026-08-10,Southeast,Porto Velho/RO,Sao Paulo/SP,STANDARD,DELIVERED_ON_TIME,6,6,0,698,DC-RJ-01,RETAIL
VLX-2026-002065,2026-02-02,2026-02-09,Northeast,Rio de Janeiro/RJ,Salvador/BA,STANDARD,DELIVERED_ON_TIME,7,7,0,1794,DC-PE-01,SMB
VLX-2026-002066,2026-05-19,2026-05-23,Southeast,Curitiba/PR,Sao Paulo/SP,STANDARD,DELIVERED_ON_TIME,5,4,0,602,DC-SP-01,RETAIL
VLX-2026-002067,2026-04-23,2026-05-04,North,Rio de Janeiro/RJ,Porto Velho/RO,STANDARD,DELIVERED_LATE,8,11,3,665,DC-PA-01,RETAIL
VLX-2026-002068,2026-01-28,2026-02-03,Central-West,Goiania/GO,Cuiaba/MT,STANDARD,DELIVERED_ON_TIME,6,6,0,738,DC-DF-01,RETAIL
VLX-2026-002069,2026-02-20,2026-02-26,Northeast,Belo Horizonte/MG,Fortaleza/CE,STANDARD,DELIVERED_ON_TIME,6,6,0,1764,DC-PE-01,RETAIL
VLX-2026-002070,2026-02-28,2026-03-04,North,Belo Horizonte/MG,Manaus/AM,EXPRESS,DELIVERED_ON_TIME,4,4,0,641,DC-AM-01,RETAIL
VLX-2026-002071,2026-02-28,2026-03-05,South,Florianopolis/SC,Porto Alegre/RS,EXPRESS,DELIVERED_LATE,2,5,3,1098,DC-PR-01,RETAIL
VLX-2026-002072,2026-01-26,2026-01-29,South,Rio de Janeiro/RJ,Florianopolis/SC,EXPRESS,DELIVERED_ON_TIME,3,3,0,628,DC-RS-01,RETAIL
VLX-2026-002073,2026-07-02,2026-07-07,South,Sao Paulo/SP,Porto Alegre/RS,STANDARD,DELIVERED_ON_TIME,5,5,0,246,DC-RS-01,RETAIL
VLX-2026-002074,2026-05-01,2026-05-13,Northeast,Sao Paulo/SP,Fortaleza/CE,STANDARD,DELIVERED_LATE,6,12,6,441,DC-CE-01,RETAIL
VLX-2026-002075,2026-06-01,2026-06-09,North,Curitiba/PR,Manaus/AM,STANDARD,DELIVERED_LATE,7,8,1,1060,DC-PA-01,RETAIL
VLX-2026-002076,2026-02-02,2026-02-09,Southeast,Curitiba/PR,Sao Paulo/SP,STANDARD,DELIVERED_LATE,5,7,2,701,DC-RJ-01,ENTERPRISE
VLX-2026-002077,2026-05-01,2026-05-05,North,Manaus/AM,Porto Velho/RO,EXPRESS,DELIVERED_ON_TIME,4,4,0,2286,DC-PA-01,RETAIL
VLX-2026-002078,2026-02-28,2026-03-04,North,Belo Horizonte/MG,Belem/PA,EXPRESS,DELIVERED_ON_TIME,5,4,0,2159,DC-AM-01,RETAIL
VLX-2026-002079,2026-01-17,2026-01-23,Southeast,Florianopolis/SC,Sao Paulo/SP,STANDARD,DELIVERED_ON_TIME,6,6,0,691,DC-RJ-01,RETAIL
VLX-2026-002080,2026-07-13,2026-07-20,Central-West,Sao Paulo/SP,Cuiaba/MT,STANDARD,DELIVERED_ON_TIME,7,7,0,223,DC-GO-01,RETAIL
VLX-2026-002081,2026-05-07,2026-05-13,South,Belo Horizonte/MG,Porto Alegre/RS,STANDARD,DELIVERED_ON_TIME,6,6,0,315,DC-PR-01,SMB
VLX-2026-002082,2026-07-06,2026-07-10,North,Sao Paulo/SP,Porto Velho/RO,EXPRESS,DELIVERED_ON_TIME,4,4,0,641,DC-AM-01,SMB
VLX-2026-002083,2026-08-12,2026-08-20,Southeast,Sao Paulo/SP,Belo Horizonte/MG,STANDARD,DELIVERED_LATE,5,8,3,1035,DC-SP-01,RETAIL
VLX-2026-002084,2026-07-18,2026-07-24,Southeast,Porto Alegre/RS,Rio de Janeiro/RJ,STANDARD,DELIVERED_ON_TIME,6,6,0,452,DC-RJ-01,RETAIL
VLX-2026-002085,2026-03-15,2026-03-21,Central-West,Porto Alegre/RS,Cuiaba/MT,STANDARD,DELIVERED_ON_TIME,6,6,0,1609,DC-DF-01,RETAIL
VLX-2026-002086,2026-03-17,2026-03-21,South,Curitiba/PR,Curitiba/PR,STANDARD,DELIVERED_ON_TIME,5,4,0,144,DC-PR-01,RETAIL
VLX-2026-002087,2026-02-12,2026-02-18,Southeast,Rio de Janeiro/RJ,Rio de Janeiro/RJ,STANDARD,DELIVERED_ON_TIME,6,6,0,642,DC-MG-01,SMB
VLX-2026-002088,2026-02-28,2026-03-04,Southeast,Rio de Janeiro/RJ,Belo Horizonte/MG,STANDARD,DELIVERED_ON_TIME,5,4,0,587,DC-RJ-01,ENTERPRISE
VLX-2026-002089,2026-07-28,2026-08-04,North,Rio de Janeiro/RJ,Belem/PA,STANDARD,DELIVERED_ON_TIME,8,7,0,722,DC-PA-01,SMB
VLX-2026-002090,2026-07-03,2026-07-07,Southeast,Fortaleza/CE,Sao Paulo/SP,STANDARD,DELIVERED_ON_TIME,5,4,0,128,DC-RJ-01,SMB
VLX-2026-002091,2026-07-05,2026-07-13,Central-West,Cuiaba/MT,Cuiaba/MT,STANDARD,DELIVERED_LATE,7,8,1,304,DC-GO-01,RETAIL
VLX-2026-002092,2026-02-05,2026-02-11,Northeast,Rio de Janeiro/RJ,Recife/PE,STANDARD,DELIVERED_ON_TIME,6,6,0,393,DC-CE-01,ENTERPRISE
VLX-2026-002093,2026-04-18,2026-04-22,Southeast,Brasilia/DF,Sao Paulo/SP,STANDARD,DELIVERED_ON_TIME,5,4,0,89,DC-RJ-01,SMB
VLX-2026-002094,2026-07-29,2026-08-04,Southeast,Florianopolis/SC,Sao Paulo/SP,STANDARD,DELIVERED_LATE,5,6,1,791,DC-SP-01,RETAIL
VLX-2026-002095,2026-01-12,2026-01-17,Southeast,Belo Horizonte/MG,Belo Horizonte/MG,STANDARD,DELIVERED_ON_TIME,5,5,0,650,DC-SP-01,RETAIL
VLX-2026-002096,2026-01-19,2026-01-22,North,Curitiba/PR,Porto Velho/RO,EXPRESS,DELIVERED_ON_TIME,4,3,0,1234,DC-PA-01,RETAIL
VLX-2026-002097,2026-07-21,2026-07-26,South,Rio de Janeiro/RJ,Florianopolis/SC,STANDARD,DELIVERED_ON_TIME,5,5,0,310,DC-PR-01,SMB
VLX-2026-002098,2026-06-16,2026-06-18,Northeast,Salvador/BA,Fortaleza/CE,EXPRESS,DELIVERED_ON_TIME,3,2,0,891,DC-PE-01,RETAIL
VLX-2026-002099,2026-01-25,2026-01-29,South,Porto Alegre/RS,Porto Alegre/RS,EXPRESS,DELIVERED_LATE,2,4,2,247,DC-RS-01,RETAIL
VLX-2026-002100,2026-06-14,2026-06-19,South,Florianopolis/SC,Florianopolis/SC,STANDARD,DELIVERED_ON_TIME,5,5,0,807,DC-PR-01,ENTERPRISE
VLX-2026-002101,2026-06-21,2026-06-30,Northeast,Florianopolis/SC,Recife/PE,STANDARD,DELIVERED_LATE,6,9,3,1739,DC-CE-01,RETAIL
VLX-2026-002102,2026-02-26,2026-03-05,North,Sao Paulo/SP,Manaus/AM,STANDARD,DELIVERED_ON_TIME,7,7,0,2241,DC-AM-01,RETAIL
VLX-2026-002103,2026-04-28,2026-05-02,South,Brasilia/DF,Florianopolis/SC,STANDARD,DELIVERED_ON_TIME,5,4,0,613,DC-RS-01,RETAIL
VLX-2026-002104,2026-05-15,2026-05-18,Northeast,Sao Paulo/SP,Salvador/BA,EXPRESS,DELIVERED_ON_TIME,3,3,0,952,DC-PE-01,RETAIL
VLX-2026-002105,2026-01-29,2026-02-04,Northeast,Belo Horizonte/MG,Salvador/BA,STANDARD,DELIVERED_ON_TIME,6,6,0,982,DC-PE-01,RETAIL
VLX-2026-002106,2026-04-28,2026-05-08,Northeast,Fortaleza/CE,Fortaleza/CE,STANDARD,DELIVERED_LATE,6,10,4,309,DC-CE-01,RETAIL
VLX-2026-002107,2026-06-29,2026-07-05,Northeast,Belem/PA,Salvador/BA,STANDARD,DELIVERED_ON_TIME,6,6,0,1550,DC-PE-01,SMB
VLX-2026-002108,2026-03-31,2026-04-06,Central-West,Porto Alegre/RS,Brasilia/DF,STANDARD,DELIVERED_ON_TIME,6,6,0,1100,DC-GO-01,ENTERPRISE
VLX-2026-002109,2026-08-14,2026-08-20,North,Salvador/BA,Belem/PA,STANDARD,DELIVERED_ON_TIME,7,6,0,2362,DC-PA-01,RETAIL
VLX-2026-002110,2026-02-11,2026-02-17,Northeast,Belo Horizonte/MG,Recife/PE,STANDARD,DELIVERED_ON_TIME,6,6,0,1208,DC-CE-01,RETAIL
VLX-2026-002111,2026-04-24,2026-04-28,Southeast,Belo Horizonte/MG,Sao Paulo/SP,STANDARD,DELIVERED_ON_TIME,5,4,0,890,DC-SP-01,SMB
VLX-2026-002112,2026-03-03,2026-03-09,Central-West,Belo Horizonte/MG,Cuiaba/MT,STANDARD,DELIVERED_ON_TIME,6,6,0,769,DC-DF-01,RETAIL
VLX-2026-002113,2026-02-04,2026-02-10,Central-West,Florianopolis/SC,Brasilia/DF,STANDARD,DELIVERED_ON_TIME,6,6,0,1171,DC-GO-01,RETAIL
VLX-2026-002114,2026-04-03,2026-04-09,Southeast,Rio de Janeiro/RJ,Belo Horizonte/MG,EXPRESS,DELIVERED_LATE,2,6,4,286,DC-SP-01,SMB
VLX-2026-002115,2026-06-07,2026-06-12,Northeast,Sao Paulo/SP,Salvador/BA,STANDARD,DELIVERED_ON_TIME,6,5,0,1800,DC-BA-01,RETAIL
VLX-2026-002116,2026-02-10,2026-02-16,Northeast,Manaus/AM,Salvador/BA,STANDARD,DELIVERED_ON_TIME,6,6,0,1483,DC-CE-01,ENTERPRISE
VLX-2026-002117,2026-06-29,2026-07-03,South,Rio de Janeiro/RJ,Curitiba/PR,STANDARD,DELIVERED_ON_TIME,5,4,0,743,DC-PR-01,ENTERPRISE
VLX-2026-002118,2026-02-14,2026-02-19,Southeast,Fortaleza/CE,Belo Horizonte/MG,STANDARD,DELIVERED_ON_TIME,5,5,0,778,DC-MG-01,ENTERPRISE
VLX-2026-002119,2026-05-13,2026-05-19,Northeast,Rio de Janeiro/RJ,Salvador/BA,STANDARD,DELIVERED_ON_TIME,6,6,0,227,DC-CE-01,RETAIL
VLX-2026-002120,2026-05-23,2026-05-24,South,Porto Velho/RO,Porto Alegre/RS,EXPRESS,DELIVERED_ON_TIME,2,1,0,732,DC-PR-01,RETAIL
VLX-2026-002121,2026-02-24,2026-03-06,Central-West,Belo Horizonte/MG,Goiania/GO,STANDARD,DELIVERED_LATE,6,10,4,747,DC-DF-01,RETAIL
VLX-2026-002122,2026-01-19,2026-01-21,Northeast,Rio de Janeiro/RJ,Salvador/BA,EXPRESS,DELIVERED_ON_TIME,3,2,0,1714,DC-PE-01,SMB
VLX-2026-002123,2026-03-28,2026-04-02,Southeast,Salvador/BA,Belo Horizonte/MG,STANDARD,DELIVERED_ON_TIME,5,5,0,350,DC-SP-01,RETAIL
VLX-2026-002124,2026-02-24,2026-03-06,Northeast,Sao Paulo/SP,Fortaleza/CE,STANDARD,DELIVERED_LATE,7,10,3,385,DC-BA-01,ENTERPRISE
VLX-2026-002125,2026-02-14,2026-02-18,Southeast,Recife/PE,Sao Paulo/SP,STANDARD,DELIVERED_ON_TIME,5,4,0,986,DC-MG-01,RETAIL
VLX-2026-002126,2026-02-03,2026-02-09,Northeast,Rio de Janeiro/RJ,Fortaleza/CE,STANDARD,DELIVERED_ON_TIME,6,6,0,1399,DC-BA-01,RETAIL
VLX-2026-002127,2026-06-28,2026-07-06,North,Sao Paulo/SP,Belem/PA,STANDARD,DELIVERED_ON_TIME,8,8,0,2248,DC-PA-01,SMB
VLX-2026-002128,2026-05-30,2026-06-04,South,Sao Paulo/SP,Curitiba/PR,STANDARD,DELIVERED_ON_TIME,5,5,0,1284,DC-RS-01,RETAIL
VLX-2026-002129,2026-05-31,2026-06-07,Northeast,Salvador/BA,Recife/PE,STANDARD,DELIVERED_ON_TIME,7,7,0,248,DC-CE-01,SMB
VLX-2026-002130,2026-08-12,2026-08-19,Northeast,Recife/PE,Salvador/BA,STANDARD,DELIVERED_ON_TIME,7,7,0,931,DC-BA-01,RETAIL
VLX-2026-002131,2026-03-06,2026-03-12,Central-West,Goiania/GO,Goiania/GO,STANDARD,DELIVERED_ON_TIME,6,6,0,1577,DC-GO-01,RETAIL
VLX-2026-002132,2026-05-21,2026-05-22,Southeast,Manaus/AM,Sao Paulo/SP,EXPRESS,DELIVERED_ON_TIME,2,1,0,713,DC-SP-01,ENTERPRISE
VLX-2026-002133,2026-07-11,2026-07-13,South,Brasilia/DF,Curitiba/PR,EXPRESS,DELIVERED_ON_TIME,2,2,0,173,DC-PR-01,RETAIL
VLX-2026-002134,2026-01-16,2026-01-21,North,Recife/PE,Belem/PA,EXPRESS,DELIVERED_ON_TIME,5,5,0,541,DC-AM-01,SMB
VLX-2026-002135,2026-03-15,2026-03-20,Northeast,Salvador/BA,Recife/PE,STANDARD,DELIVERED_ON_TIME,6,5,0,1814,DC-PE-01,RETAIL
VLX-2026-002136,2026-02-01,2026-02-04,Southeast,Florianopolis/SC,Sao Paulo/SP,EXPRESS,DELIVERED_ON_TIME,3,3,0,226,DC-SP-01,RETAIL
VLX-2026-002137,2026-02-14,2026-02-26,Central-West,Fortaleza/CE,Cuiaba/MT,EXPRESS,LOST,3,12,9,389,DC-GO-01,RETAIL
VLX-2026-002138,2026-05-19,2026-05-29,North,Belo Horizonte/MG,Manaus/AM,STANDARD,DELIVERED_LATE,7,10,3,2382,DC-AM-01,RETAIL
VLX-2026-002139,2026-07-01,2026-07-06,South,Sao Paulo/SP,Porto Alegre/RS,STANDARD,DELIVERED_ON_TIME,5,5,0,896,DC-PR-01,RETAIL
VLX-2026-002140,2026-01-14,2026-01-19,Southeast,Goiania/GO,Rio de Janeiro/RJ,STANDARD,DELIVERED_ON_TIME,5,5,0,272,DC-MG-01,RETAIL
VLX-2026-002141,2026-06-27,2026-07-09,Northeast,Sao Paulo/SP,Salvador/BA,STANDARD,DELIVERED_LATE,7,12,5,230,DC-PE-01,SMB
VLX-2026-002142,2026-01-04,2026-01-06,Southeast,Porto Velho/RO,Rio de Janeiro/RJ,EXPRESS,DELIVERED_ON_TIME,2,2,0,515,DC-RJ-01,RETAIL
VLX-2026-002143,2026-05-13,2026-05-15,South,Sao Paulo/SP,Porto Alegre/RS,EXPRESS,DELIVERED_ON_TIME,2,2,0,553,DC-PR-01,RETAIL
VLX-2026-002144,2026-02-23,2026-03-02,Central-West,Porto Velho/RO,Brasilia/DF,STANDARD,DELIVERED_LATE,6,7,1,1586,DC-GO-01,ENTERPRISE
VLX-2026-002145,2026-07-11,2026-07-19,North,Belo Horizonte/MG,Belem/PA,STANDARD,DELIVERED_LATE,7,8,1,1515,DC-AM-01,RETAIL
VLX-2026-002146,2026-01-26,2026-01-28,South,Sao Paulo/SP,Curitiba/PR,EXPRESS,DELIVERED_ON_TIME,2,2,0,1192,DC-PR-01,RETAIL
VLX-2026-002147,2026-03-05,2026-03-07,Southeast,Curitiba/PR,Belo Horizonte/MG,EXPRESS,DELIVERED_ON_TIME,2,2,0,176,DC-RJ-01,ENTERPRISE
VLX-2026-002148,2026-04-04,2026-04-09,Central-West,Curitiba/PR,Cuiaba/MT,STANDARD,DELIVERED_ON_TIME,6,5,0,1444,DC-GO-01,RETAIL
VLX-2026-002149,2026-06-30,2026-07-13,Central-West,Recife/PE,Brasilia/DF,STANDARD,DELIVERY_EXCEPTION,7,13,6,902,DC-DF-01,SMB
VLX-2026-002150,2026-06-20,2026-06-25,South,Brasilia/DF,Florianopolis/SC,STANDARD,DELIVERED_ON_TIME,5,5,0,288,DC-PR-01,RETAIL
VLX-2026-002151,2026-02-27,2026-03-05,Northeast,Florianopolis/SC,Salvador/BA,STANDARD,DELIVERED_ON_TIME,6,6,0,1891,DC-BA-01,ENTERPRISE
VLX-2026-002152,2026-05-17,2026-05-24,North,Florianopolis/SC,Belem/PA,STANDARD,DELIVERED_ON_TIME,7,7,0,370,DC-PA-01,ENTERPRISE
VLX-2026-002153,2026-06-02,2026-06-05,Northeast,Sao Paulo/SP,Recife/PE,EXPRESS,DELIVERED_ON_TIME,3,3,0,739,DC-PE-01,RETAIL
VLX-2026-002154,2026-04-27,2026-05-01,South,Sao Paulo/SP,Florianopolis/SC,STANDARD,DELIVERED_ON_TIME,5,4,0,991,DC-RS-01,SMB
VLX-2026-002155,2026-07-04,2026-07-13,Northeast,Salvador/BA,Recife/PE,STANDARD,DELIVERED_LATE,7,9,2,450,DC-BA-01,RETAIL
VLX-2026-002156,2026-04-05,2026-04-07,Southeast,Curitiba/PR,Sao Paulo/SP,EXPRESS,DELIVERED_ON_TIME,2,2,0,677,DC-SP-01,SMB
VLX-2026-002157,2026-07-30,2026-08-01,Southeast,Fortaleza/CE,Belo Horizonte/MG,EXPRESS,DELIVERED_ON_TIME,2,2,0,861,DC-RJ-01,ENTERPRISE
VLX-2026-002158,2026-01-16,2026-01-22,Northeast,Florianopolis/SC,Fortaleza/CE,STANDARD,DELIVERED_ON_TIME,6,6,0,252,DC-CE-01,SMB
VLX-2026-002159,2026-05-02,2026-05-09,Central-West,Belo Horizonte/MG,Brasilia/DF,EXPRESS,DELIVERED_LATE,4,7,3,551,DC-DF-01,ENTERPRISE
VLX-2026-002160,2026-01-26,2026-02-01,South,Sao Paulo/SP,Porto Alegre/RS,STANDARD,DELIVERED_ON_TIME,6,6,0,883,DC-RS-01,RETAIL
VLX-2026-002161,2026-03-06,2026-03-16,Central-West,Porto Alegre/RS,Cuiaba/MT,STANDARD,DELIVERED_LATE,6,10,4,1081,DC-DF-01,SMB
VLX-2026-002162,2026-04-08,2026-04-14,Southeast,Porto Alegre/RS,Sao Paulo/SP,STANDARD,DELIVERED_ON_TIME,6,6,0,998,DC-SP-01,RETAIL
VLX-2026-002163,2026-02-06,2026-02-17,North,Brasilia/DF,Manaus/AM,STANDARD,DELIVERY_EXCEPTION,7,11,4,1315,DC-AM-01,ENTERPRISE
VLX-2026-002164,2026-03-13,2026-03-23,Northeast,Rio de Janeiro/RJ,Fortaleza/CE,STANDARD,DELIVERED_LATE,6,10,4,1269,DC-CE-01,SMB
VLX-2026-002165,2026-01-14,2026-01-20,Central-West,Porto Alegre/RS,Goiania/GO,STANDARD,DELIVERED_ON_TIME,6,6,0,1222,DC-DF-01,RETAIL
VLX-2026-002166,2026-01-04,2026-01-08,South,Porto Velho/RO,Florianopolis/SC,STANDARD,DELIVERED_ON_TIME,5,4,0,1209,DC-RS-01,RETAIL
VLX-2026-002167,2026-06-13,2026-06-17,Northeast,Belo Horizonte/MG,Fortaleza/CE,EXPRESS,DELIVERED_ON_TIME,4,4,0,1861,DC-CE-01,RETAIL
VLX-2026-002168,2026-03-28,2026-04-03,Northeast,Belo Horizonte/MG,Fortaleza/CE,EXPRESS,DELIVERY_EXCEPTION,3,6,3,1701,DC-CE-01,RETAIL
VLX-2026-002169,2026-02-09,2026-02-14,South,Florianopolis/SC,Curitiba/PR,STANDARD,DELIVERED_ON_TIME,5,5,0,939,DC-RS-01,RETAIL
VLX-2026-002170,2026-04-25,2026-04-29,Northeast,Fortaleza/CE,Fortaleza/CE,EXPRESS,DELIVERED_ON_TIME,4,4,0,1179,DC-BA-01,RETAIL
VLX-2026-002171,2026-07-09,2026-07-14,Southeast,Florianopolis/SC,Rio de Janeiro/RJ,STANDARD,DELIVERED_ON_TIME,5,5,0,1033,DC-RJ-01,RETAIL
VLX-2026-002172,2026-07-10,2026-07-17,Southeast,Porto Velho/RO,Belo Horizonte/MG,STANDARD,DELIVERY_EXCEPTION,5,7,2,141,DC-RJ-01,SMB
VLX-2026-002173,2026-04-30,2026-05-06,Southeast,Porto Alegre/RS,Belo Horizonte/MG,STANDARD,DELIVERED_ON_TIME,6,6,0,475,DC-MG-01,RETAIL
VLX-2026-002174,2026-02-05,2026-02-11,Central-West,Sao Paulo/SP,Goiania/GO,STANDARD,DELIVERED_ON_TIME,6,6,0,1340,DC-GO-01,SMB
VLX-2026-002175,2026-01-19,2026-01-22,South,Sao Paulo/SP,Porto Alegre/RS,EXPRESS,DELIVERED_ON_TIME,3,3,0,1061,DC-PR-01,SMB
VLX-2026-002176,2026-01-06,2026-01-12,North,Belo Horizonte/MG,Manaus/AM,STANDARD,DELIVERED_ON_TIME,7,6,0,1600,DC-PA-01,RETAIL
VLX-2026-002177,2026-05-28,2026-06-07,Northeast,Porto Alegre/RS,Salvador/BA,STANDARD,DELIVERED_LATE,6,10,4,910,DC-CE-01,RETAIL
VLX-2026-002178,2026-02-06,2026-02-12,Northeast,Rio de Janeiro/RJ,Salvador/BA,STANDARD,DELIVERED_ON_TIME,7,6,0,1558,DC-CE-01,RETAIL
VLX-2026-002179,2026-03-05,2026-03-11,Central-West,Curitiba/PR,Goiania/GO,STANDARD,DELIVERED_ON_TIME,6,6,0,620,DC-GO-01,SMB
VLX-2026-002180,2026-05-20,2026-06-01,Northeast,Porto Alegre/RS,Fortaleza/CE,STANDARD,DELIVERED_LATE,6,12,6,1811,DC-BA-01,RETAIL
VLX-2026-002181,2026-05-05,2026-05-11,Central-West,Fortaleza/CE,Brasilia/DF,EXPRESS,DELIVERY_EXCEPTION,3,6,3,480,DC-DF-01,RETAIL
VLX-2026-002182,2026-08-09,2026-08-16,North,Curitiba/PR,Manaus/AM,STANDARD,DELIVERED_ON_TIME,7,7,0,847,DC-AM-01,RETAIL
VLX-2026-002183,2026-06-30,2026-07-02,South,Brasilia/DF,Florianopolis/SC,EXPRESS,DELIVERED_ON_TIME,2,2,0,1300,DC-PR-01,RETAIL
VLX-2026-002184,2026-05-18,2026-05-28,Northeast,Recife/PE,Fortaleza/CE,STANDARD,DELIVERED_LATE,6,10,4,1308,DC-BA-01,RETAIL
VLX-2026-002185,2026-05-26,2026-05-30,Central-West,Rio de Janeiro/RJ,Brasilia/DF,EXPRESS,DELIVERED_LATE,3,4,1,835,DC-DF-01,RETAIL
VLX-2026-002186,2026-02-18,2026-02-25,Southeast,Porto Velho/RO,Belo Horizonte/MG,STANDARD,DELIVERED_LATE,5,7,2,988,DC-MG-01,SMB
VLX-2026-002187,2026-02-20,2026-03-04,Southeast,Fortaleza/CE,Belo Horizonte/MG,EXPRESS,LOST,2,12,10,431,DC-SP-01,RETAIL
VLX-2026-002188,2026-04-02,2026-04-06,Southeast,Curitiba/PR,Belo Horizonte/MG,EXPRESS,DELIVERED_LATE,2,4,2,378,DC-SP-01,SMB
VLX-2026-002189,2026-01-20,2026-01-26,South,Manaus/AM,Curitiba/PR,STANDARD,DELIVERED_LATE,5,6,1,306,DC-RS-01,RETAIL
VLX-2026-002190,2026-05-25,2026-05-31,Central-West,Rio de Janeiro/RJ,Goiania/GO,STANDARD,DELIVERED_ON_TIME,6,6,0,1618,DC-DF-01,RETAIL
VLX-2026-002191,2026-02-03,2026-02-08,Northeast,Salvador/BA,Salvador/BA,STANDARD,DELIVERED_ON_TIME,6,5,0,1761,DC-BA-01,ENTERPRISE
VLX-2026-002192,2026-02-26,2026-03-03,Southeast,Belo Horizonte/MG,Belo Horizonte/MG,STANDARD,DELIVERED_ON_TIME,5,5,0,498,DC-RJ-01,SMB
VLX-2026-002193,2026-08-10,2026-08-17,North,Sao Paulo/SP,Manaus/AM,STANDARD,DELIVERED_ON_TIME,7,7,0,466,DC-AM-01,RETAIL
VLX-2026-002194,2026-05-29,2026-06-03,Southeast,Porto Alegre/RS,Belo Horizonte/MG,STANDARD,DELIVERED_ON_TIME,5,5,0,437,DC-SP-01,RETAIL
VLX-2026-002195,2026-01-17,2026-01-23,Central-West,Recife/PE,Brasilia/DF,STANDARD,DELIVERED_ON_TIME,6,6,0,830,DC-DF-01,SMB
VLX-2026-002196,2026-06-28,2026-07-03,Southeast,Goiania/GO,Belo Horizonte/MG,STANDARD,DELIVERED_ON_TIME,5,5,0,230,DC-MG-01,RETAIL
VLX-2026-002197,2026-07-31,2026-08-05,Southeast,Sao Paulo/SP,Sao Paulo/SP,STANDARD,DELIVERED_ON_TIME,5,5,0,821,DC-SP-01,SMB
VLX-2026-002198,2026-04-02,2026-04-09,Northeast,Rio de Janeiro/RJ,Recife/PE,STANDARD,DELIVERED_ON_TIME,7,7,0,1502,DC-CE-01,RETAIL
VLX-2026-002199,2026-01-14,2026-01-22,South,Sao Paulo/SP,Curitiba/PR,STANDARD,DELIVERED_LATE,6,8,2,623,DC-PR-01,RETAIL
VLX-2026-002200,2026-03-30,2026-04-04,Southeast,Manaus/AM,Sao Paulo/SP,STANDARD,DELIVERED_ON_TIME,5,5,0,840,DC-SP-01,RETAIL
VLX-2026-002201,2026-08-04,2026-08-10,Southeast,Recife/PE,Sao Paulo/SP,STANDARD,DELIVERED_ON_TIME,6,6,0,212,DC-SP-01,RETAIL
VLX-2026-002202,2026-02-07,2026-02-16,Southeast,Fortaleza/CE,Sao Paulo/SP,STANDARD,DELIVERED_LATE,5,9,4,1091,DC-RJ-01,RETAIL
VLX-2026-002203,2026-03-26,2026-03-31,Southeast,Brasilia/DF,Rio de Janeiro/RJ,STANDARD,DELIVERED_ON_TIME,5,5,0,953,DC-SP-01,SMB
VLX-2026-002204,2026-03-18,2026-03-19,Southeast,Belo Horizonte/MG,Rio de Janeiro/RJ,EXPRESS,DELIVERED_ON_TIME,2,1,0,441,DC-MG-01,RETAIL
VLX-2026-002205,2026-01-10,2026-01-16,Northeast,Rio de Janeiro/RJ,Fortaleza/CE,STANDARD,DELIVERED_ON_TIME,6,6,0,901,DC-PE-01,RETAIL
VLX-2026-002206,2026-02-05,2026-02-13,Northeast,Rio de Janeiro/RJ,Fortaleza/CE,STANDARD,DELIVERED_LATE,7,8,1,466,DC-BA-01,RETAIL
VLX-2026-002207,2026-04-02,2026-04-08,Southeast,Rio de Janeiro/RJ,Rio de Janeiro/RJ,STANDARD,DELIVERED_ON_TIME,6,6,0,607,DC-SP-01,RETAIL
VLX-2026-002208,2026-02-27,2026-03-08,Northeast,Sao Paulo/SP,Fortaleza/CE,STANDARD,DELIVERED_LATE,7,9,2,1608,DC-PE-01,RETAIL
VLX-2026-002209,2026-03-09,2026-03-16,Central-West,Porto Velho/RO,Goiania/GO,STANDARD,DELIVERED_ON_TIME,7,7,0,253,DC-GO-01,RETAIL
VLX-2026-002210,2026-05-30,2026-06-06,North,Brasilia/DF,Porto Velho/RO,STANDARD,DELIVERED_ON_TIME,7,7,0,1760,DC-PA-01,RETAIL
VLX-2026-002211,2026-04-29,2026-05-04,South,Rio de Janeiro/RJ,Curitiba/PR,STANDARD,DELIVERED_ON_TIME,5,5,0,782,DC-RS-01,ENTERPRISE
VLX-2026-002212,2026-04-30,2026-05-07,North,Rio de Janeiro/RJ,Manaus/AM,STANDARD,DELIVERED_ON_TIME,7,7,0,1801,DC-AM-01,RETAIL
VLX-2026-002213,2026-02-24,2026-03-01,Southeast,Belem/PA,Belo Horizonte/MG,STANDARD,DELIVERED_ON_TIME,5,5,0,551,DC-RJ-01,RETAIL
VLX-2026-002214,2026-02-13,2026-02-17,North,Florianopolis/SC,Belem/PA,EXPRESS,DELIVERED_ON_TIME,4,4,0,1255,DC-AM-01,RETAIL
VLX-2026-002215,2026-02-10,2026-02-18,North,Rio de Janeiro/RJ,Porto Velho/RO,STANDARD,DELIVERED_LATE,7,8,1,1922,DC-AM-01,SMB
VLX-2026-002216,2026-06-21,2026-06-25,North,Florianopolis/SC,Porto Velho/RO,EXPRESS,DELIVERED_ON_TIME,4,4,0,605,DC-PA-01,RETAIL
VLX-2026-002217,2026-07-01,2026-07-06,South,Fortaleza/CE,Curitiba/PR,STANDARD,DELIVERED_ON_TIME,5,5,0,176,DC-RS-01,ENTERPRISE
VLX-2026-002218,2026-01-06,2026-01-08,Southeast,Sao Paulo/SP,Rio de Janeiro/RJ,EXPRESS,DELIVERED_ON_TIME,2,2,0,721,DC-SP-01,RETAIL
VLX-2026-002219,2026-01-27,2026-02-03,South,Cuiaba/MT,Florianopolis/SC,STANDARD,DELIVERED_LATE,5,7,2,436,DC-PR-01,RETAIL
VLX-2026-002220,2026-03-20,2026-03-26,Northeast,Belo Horizonte/MG,Recife/PE,STANDARD,DELIVERED_ON_TIME,6,6,0,1061,DC-CE-01,SMB
VLX-2026-002221,2026-02-09,2026-02-11,Southeast,Belo Horizonte/MG,Rio de Janeiro/RJ,EXPRESS,DELIVERED_ON_TIME,2,2,0,1042,DC-SP-01,SMB
VLX-2026-002222,2026-05-13,2026-05-22,Central-West,Florianopolis/SC,Goiania/GO,EXPRESS,DELIVERY_EXCEPTION,3,9,6,967,DC-DF-01,RETAIL
VLX-2026-002223,2026-05-28,2026-05-31,Southeast,Sao Paulo/SP,Belo Horizonte/MG,EXPRESS,DELIVERED_ON_TIME,3,3,0,436,DC-SP-01,RETAIL
VLX-2026-002224,2026-06-04,2026-06-11,North,Belem/PA,Belem/PA,STANDARD,DELIVERED_ON_TIME,7,7,0,1543,DC-PA-01,RETAIL
VLX-2026-002225,2026-06-04,2026-06-06,South,Recife/PE,Porto Alegre/RS,EXPRESS,DELIVERED_ON_TIME,2,2,0,1251,DC-RS-01,RETAIL
VLX-2026-002226,2026-01-17,2026-01-25,Southeast,Porto Alegre/RS,Belo Horizonte/MG,STANDARD,DELIVERED_LATE,5,8,3,667,DC-SP-01,RETAIL
VLX-2026-002227,2026-07-08,2026-07-11,North,Salvador/BA,Porto Velho/RO,EXPRESS,DELIVERED_ON_TIME,4,3,0,1688,DC-AM-01,RETAIL
VLX-2026-002228,2026-01-13,2026-01-15,Southeast,Rio de Janeiro/RJ,Rio de Janeiro/RJ,EXPRESS,DELIVERED_ON_TIME,3,2,0,283,DC-RJ-01,RETAIL
VLX-2026-002229,2026-06-15,2026-06-25,Northeast,Belo Horizonte/MG,Fortaleza/CE,STANDARD,DELIVERED_LATE,6,10,4,1471,DC-BA-01,RETAIL
VLX-2026-002230,2026-08-13,2026-08-21,North,Rio de Janeiro/RJ,Porto Velho/RO,STANDARD,DELIVERED_ON_TIME,8,8,0,730,DC-AM-01,RETAIL
VLX-2026-002231,2026-01-10,2026-01-15,South,Florianopolis/SC,Curitiba/PR,STANDARD,DELIVERED_ON_TIME,5,5,0,122,DC-PR-01,RETAIL
VLX-2026-002232,2026-03-29,2026-04-04,Northeast,Rio de Janeiro/RJ,Fortaleza/CE,STANDARD,DELIVERED_ON_TIME,6,6,0,988,DC-PE-01,RETAIL
VLX-2026-002233,2026-02-12,2026-02-17,Northeast,Curitiba/PR,Recife/PE,STANDARD,DELIVERED_ON_TIME,6,5,0,1014,DC-BA-01,RETAIL
VLX-2026-002234,2026-07-22,2026-07-24,Southeast,Goiania/GO,Sao Paulo/SP,EXPRESS,DELIVERED_ON_TIME,2,2,0,782,DC-SP-01,RETAIL
VLX-2026-002235,2026-07-01,2026-07-04,South,Brasilia/DF,Florianopolis/SC,EXPRESS,DELIVERED_ON_TIME,3,3,0,573,DC-RS-01,RETAIL
VLX-2026-002236,2026-07-21,2026-07-26,South,Sao Paulo/SP,Porto Alegre/RS,STANDARD,DELIVERED_ON_TIME,5,5,0,1195,DC-PR-01,SMB
VLX-2026-002237,2026-05-24,2026-05-30,Northeast,Brasilia/DF,Fortaleza/CE,STANDARD,DELIVERED_ON_TIME,6,6,0,317,DC-CE-01,ENTERPRISE
VLX-2026-002238,2026-01-14,2026-01-16,South,Sao Paulo/SP,Florianopolis/SC,EXPRESS,DELIVERED_ON_TIME,2,2,0,886,DC-PR-01,RETAIL
VLX-2026-002239,2026-02-03,2026-02-06,Southeast,Porto Alegre/RS,Belo Horizonte/MG,EXPRESS,DELIVERED_LATE,2,3,1,307,DC-MG-01,RETAIL
VLX-2026-002240,2026-07-22,2026-07-28,Central-West,Belem/PA,Cuiaba/MT,STANDARD,DELIVERED_ON_TIME,6,6,0,526,DC-GO-01,RETAIL
VLX-2026-002241,2026-06-12,2026-06-16,South,Belo Horizonte/MG,Porto Alegre/RS,STANDARD,DELIVERED_ON_TIME,5,4,0,884,DC-RS-01,SMB
VLX-2026-002242,2026-08-10,2026-08-16,Central-West,Brasilia/DF,Goiania/GO,STANDARD,DELIVERED_ON_TIME,6,6,0,1085,DC-GO-01,RETAIL
VLX-2026-002243,2026-01-17,2026-01-22,Southeast,Recife/PE,Sao Paulo/SP,STANDARD,DELIVERED_ON_TIME,5,5,0,285,DC-SP-01,ENTERPRISE
VLX-2026-002244,2026-07-13,2026-07-14,Southeast,Porto Alegre/RS,Sao Paulo/SP,EXPRESS,DELIVERED_ON_TIME,2,1,0,458,DC-SP-01,RETAIL
VLX-2026-002245,2026-05-18,2026-05-22,Central-West,Salvador/BA,Cuiaba/MT,EXPRESS,DELIVERED_ON_TIME,4,4,0,727,DC-GO-01,RETAIL
VLX-2026-002246,2026-02-14,2026-02-21,Central-West,Sao Paulo/SP,Brasilia/DF,STANDARD,DELIVERED_LATE,6,7,1,1310,DC-GO-01,SMB
VLX-2026-002247,2026-08-01,2026-08-04,Northeast,Florianopolis/SC,Salvador/BA,EXPRESS,DELIVERED_ON_TIME,4,3,0,467,DC-PE-01,RETAIL
VLX-2026-002248,2026-06-22,2026-07-03,Northeast,Belo Horizonte/MG,Salvador/BA,STANDARD,DELIVERED_LATE,6,11,5,956,DC-PE-01,ENTERPRISE
VLX-2026-002249,2026-08-03,2026-08-09,Southeast,Recife/PE,Belo Horizonte/MG,STANDARD,DELIVERED_ON_TIME,6,6,0,565,DC-MG-01,RETAIL
VLX-2026-002250,2026-02-26,2026-03-02,Northeast,Florianopolis/SC,Salvador/BA,EXPRESS,DELIVERED_ON_TIME,4,4,0,1276,DC-BA-01,RETAIL
VLX-2026-002251,2026-02-18,2026-02-25,Northeast,Rio de Janeiro/RJ,Salvador/BA,STANDARD,DELIVERED_ON_TIME,7,7,0,638,DC-BA-01,SMB
VLX-2026-002252,2026-07-03,2026-07-08,Southeast,Rio de Janeiro/RJ,Belo Horizonte/MG,STANDARD,DELIVERED_ON_TIME,6,5,0,965,DC-SP-01,SMB
VLX-2026-002253,2026-02-14,2026-02-21,Central-West,Rio de Janeiro/RJ,Cuiaba/MT,STANDARD,DELIVERED_ON_TIME,7,7,0,382,DC-GO-01,ENTERPRISE
VLX-2026-002254,2026-02-09,2026-02-14,North,Cuiaba/MT,Belem/PA,EXPRESS,DELIVERED_ON_TIME,5,5,0,2186,DC-PA-01,SMB
VLX-2026-002255,2026-07-08,2026-07-10,Central-West,Belo Horizonte/MG,Cuiaba/MT,EXPRESS,DELIVERED_ON_TIME,3,2,0,1142,DC-DF-01,RETAIL
VLX-2026-002256,2026-01-22,2026-01-23,South,Florianopolis/SC,Florianopolis/SC,EXPRESS,DELIVERED_ON_TIME,2,1,0,155,DC-RS-01,RETAIL
VLX-2026-002257,2026-02-19,2026-02-25,Northeast,Belo Horizonte/MG,Recife/PE,EXPRESS,DELIVERED_LATE,4,6,2,305,DC-CE-01,RETAIL
VLX-2026-002258,2026-01-11,2026-01-13,Southeast,Belem/PA,Belo Horizonte/MG,EXPRESS,DELIVERED_ON_TIME,2,2,0,242,DC-RJ-01,RETAIL
VLX-2026-002259,2026-02-08,2026-02-14,Northeast,Fortaleza/CE,Fortaleza/CE,STANDARD,DELIVERED_ON_TIME,6,6,0,1712,DC-CE-01,RETAIL
VLX-2026-002260,2026-03-11,2026-03-15,North,Rio de Janeiro/RJ,Manaus/AM,EXPRESS,DELIVERED_ON_TIME,4,4,0,1482,DC-PA-01,SMB
VLX-2026-002261,2026-03-28,2026-04-02,Southeast,Sao Paulo/SP,Rio de Janeiro/RJ,STANDARD,DELIVERED_ON_TIME,5,5,0,955,DC-RJ-01,RETAIL
VLX-2026-002262,2026-04-10,2026-04-16,South,Belo Horizonte/MG,Florianopolis/SC,STANDARD,DELIVERED_ON_TIME,6,6,0,186,DC-PR-01,SMB
VLX-2026-002263,2026-08-04,2026-08-10,South,Belo Horizonte/MG,Curitiba/PR,STANDARD,DELIVERED_ON_TIME,6,6,0,1279,DC-PR-01,ENTERPRISE
VLX-2026-002264,2026-04-24,2026-05-07,Northeast,Recife/PE,Salvador/BA,STANDARD,DELIVERY_EXCEPTION,6,13,7,1137,DC-CE-01,RETAIL
VLX-2026-002265,2026-04-29,2026-05-06,North,Brasilia/DF,Porto Velho/RO,STANDARD,DELIVERED_ON_TIME,7,7,0,1383,DC-AM-01,RETAIL
VLX-2026-002266,2026-02-22,2026-03-01,Central-West,Porto Velho/RO,Goiania/GO,STANDARD,DELIVERED_ON_TIME,7,7,0,411,DC-GO-01,RETAIL
VLX-2026-002267,2026-07-05,2026-07-10,South,Porto Alegre/RS,Florianopolis/SC,STANDARD,DELIVERED_ON_TIME,5,5,0,704,DC-PR-01,RETAIL
VLX-2026-002268,2026-05-30,2026-06-04,Southeast,Rio de Janeiro/RJ,Rio de Janeiro/RJ,STANDARD,DELIVERED_ON_TIME,5,5,0,567,DC-SP-01,RETAIL
VLX-2026-002269,2026-01-16,2026-01-23,Central-West,Salvador/BA,Goiania/GO,STANDARD,DELIVERED_ON_TIME,7,7,0,1686,DC-GO-01,RETAIL
VLX-2026-002270,2026-07-26,2026-07-30,Southeast,Rio de Janeiro/RJ,Belo Horizonte/MG,STANDARD,DELIVERED_ON_TIME,5,4,0,1002,DC-SP-01,RETAIL
VLX-2026-002271,2026-05-30,2026-06-01,Southeast,Manaus/AM,Belo Horizonte/MG,EXPRESS,DELIVERED_ON_TIME,2,2,0,155,DC-MG-01,RETAIL
VLX-2026-002272,2026-07-07,2026-07-12,South,Florianopolis/SC,Porto Alegre/RS,STANDARD,DELIVERED_ON_TIME,5,5,0,1032,DC-RS-01,ENTERPRISE
VLX-2026-002273,2026-03-09,2026-03-13,South,Goiania/GO,Curitiba/PR,STANDARD,DELIVERED_ON_TIME,5,4,0,669,DC-PR-01,RETAIL
VLX-2026-002274,2026-01-16,2026-01-22,Southeast,Belo Horizonte/MG,Rio de Janeiro/RJ,STANDARD,DELIVERED_ON_TIME,6,6,0,459,DC-RJ-01,SMB
VLX-2026-002275,2026-05-16,2026-05-21,Southeast,Curitiba/PR,Belo Horizonte/MG,STANDARD,DELIVERED_ON_TIME,5,5,0,712,DC-SP-01,RETAIL
VLX-2026-002276,2026-03-05,2026-03-11,Northeast,Porto Alegre/RS,Recife/PE,EXPRESS,DELIVERED_LATE,3,6,3,449,DC-BA-01,SMB
VLX-2026-002277,2026-05-18,2026-05-24,Central-West,Goiania/GO,Brasilia/DF,STANDARD,DELIVERED_ON_TIME,6,6,0,1071,DC-GO-01,SMB
VLX-2026-002278,2026-05-12,2026-05-23,Northeast,Rio de Janeiro/RJ,Recife/PE,STANDARD,DELIVERED_LATE,6,11,5,182,DC-CE-01,RETAIL
VLX-2026-002279,2026-01-21,2026-01-23,Southeast,Rio de Janeiro/RJ,Rio de Janeiro/RJ,EXPRESS,DELIVERED_ON_TIME,3,2,0,931,DC-MG-01,SMB
VLX-2026-002280,2026-03-18,2026-03-24,South,Rio de Janeiro/RJ,Curitiba/PR,STANDARD,DELIVERED_LATE,5,6,1,1297,DC-RS-01,RETAIL
VLX-2026-002281,2026-08-11,2026-08-17,Northeast,Belo Horizonte/MG,Salvador/BA,STANDARD,DELIVERED_ON_TIME,6,6,0,277,DC-CE-01,RETAIL
VLX-2026-002282,2026-07-10,2026-07-15,Central-West,Recife/PE,Goiania/GO,STANDARD,DELIVERED_ON_TIME,6,5,0,593,DC-GO-01,ENTERPRISE
VLX-2026-002283,2026-07-15,2026-07-17,Southeast,Sao Paulo/SP,Sao Paulo/SP,EXPRESS,DELIVERED_ON_TIME,3,2,0,537,DC-MG-01,RETAIL
VLX-2026-002284,2026-02-26,2026-03-03,Southeast,Belo Horizonte/MG,Sao Paulo/SP,STANDARD,DELIVERED_ON_TIME,5,5,0,643,DC-RJ-01,RETAIL
VLX-2026-002285,2026-06-25,2026-06-30,Southeast,Porto Alegre/RS,Belo Horizonte/MG,STANDARD,DELIVERED_ON_TIME,5,5,0,472,DC-RJ-01,RETAIL
VLX-2026-002286,2026-06-07,2026-06-09,Southeast,Curitiba/PR,Belo Horizonte/MG,EXPRESS,DELIVERED_ON_TIME,2,2,0,359,DC-SP-01,RETAIL
VLX-2026-002287,2026-07-13,2026-07-14,South,Salvador/BA,Florianopolis/SC,EXPRESS,DELIVERED_ON_TIME,2,1,0,352,DC-PR-01,RETAIL
VLX-2026-002288,2026-03-31,2026-04-06,Northeast,Sao Paulo/SP,Recife/PE,STANDARD,DELIVERED_ON_TIME,6,6,0,1856,DC-CE-01,SMB
VLX-2026-002289,2026-08-05,2026-08-14,South,Goiania/GO,Curitiba/PR,EXPRESS,DELIVERY_EXCEPTION,2,9,7,382,DC-PR-01,SMB
VLX-2026-002290,2026-07-31,2026-08-06,Southeast,Belo Horizonte/MG,Belo Horizonte/MG,STANDARD,DELIVERED_ON_TIME,6,6,0,695,DC-SP-01,ENTERPRISE
VLX-2026-002291,2026-07-01,2026-07-08,North,Florianopolis/SC,Belem/PA,STANDARD,DELIVERED_ON_TIME,7,7,0,1579,DC-PA-01,RETAIL
VLX-2026-002292,2026-08-16,2026-08-21,South,Rio de Janeiro/RJ,Porto Alegre/RS,STANDARD,DELIVERED_ON_TIME,5,5,0,923,DC-RS-01,RETAIL
VLX-2026-002293,2026-04-30,2026-05-07,South,Recife/PE,Florianopolis/SC,STANDARD,DELIVERED_LATE,5,7,2,1053,DC-RS-01,SMB
VLX-2026-002294,2026-07-03,2026-07-09,Northeast,Rio de Janeiro/RJ,Salvador/BA,STANDARD,DELIVERED_ON_TIME,6,6,0,1248,DC-PE-01,RETAIL
VLX-2026-002295,2026-06-26,2026-07-02,Central-West,Sao Paulo/SP,Brasilia/DF,STANDARD,DELIVERED_ON_TIME,6,6,0,1152,DC-DF-01,RETAIL
VLX-2026-002296,2026-07-12,2026-07-18,Northeast,Rio de Janeiro/RJ,Salvador/BA,STANDARD,DELIVERED_ON_TIME,6,6,0,1850,DC-PE-01,RETAIL
VLX-2026-002297,2026-08-09,2026-08-11,Southeast,Rio de Janeiro/RJ,Rio de Janeiro/RJ,EXPRESS,DELIVERED_ON_TIME,3,2,0,860,DC-RJ-01,RETAIL
VLX-2026-002298,2026-03-15,2026-03-21,Northeast,Belo Horizonte/MG,Recife/PE,STANDARD,DELIVERED_ON_TIME,6,6,0,649,DC-CE-01,RETAIL
VLX-2026-002299,2026-08-02,2026-08-05,Northeast,Belo Horizonte/MG,Recife/PE,EXPRESS,DELIVERED_ON_TIME,3,3,0,204,DC-CE-01,RETAIL
VLX-2026-002300,2026-02-17,2026-02-24,Southeast,Brasilia/DF,Sao Paulo/SP,EXPRESS,DELIVERY_EXCEPTION,2,7,5,97,DC-SP-01,RETAIL
VLX-2026-002301,2026-07-12,2026-07-17,Southeast,Rio de Janeiro/RJ,Sao Paulo/SP,STANDARD,DELIVERED_ON_TIME,5,5,0,798,DC-RJ-01,RETAIL
VLX-2026-002302,2026-04-14,2026-04-20,Northeast,Belo Horizonte/MG,Salvador/BA,STANDARD,DELIVERED_ON_TIME,6,6,0,774,DC-CE-01,RETAIL
VLX-2026-002303,2026-02-14,2026-02-24,Northeast,Curitiba/PR,Fortaleza/CE,STANDARD,DELIVERED_LATE,6,10,4,275,DC-BA-01,RETAIL
VLX-2026-002304,2026-02-12,2026-02-16,South,Recife/PE,Curitiba/PR,STANDARD,DELIVERED_ON_TIME,5,4,0,863,DC-PR-01,RETAIL
VLX-2026-002305,2026-01-23,2026-01-29,Northeast,Sao Paulo/SP,Fortaleza/CE,STANDARD,DELIVERED_ON_TIME,6,6,0,980,DC-BA-01,RETAIL
VLX-2026-002306,2026-01-26,2026-01-31,Central-West,Sao Paulo/SP,Goiania/GO,STANDARD,DELIVERED_ON_TIME,6,5,0,229,DC-DF-01,RETAIL
VLX-2026-002307,2026-07-19,2026-07-22,Northeast,Salvador/BA,Recife/PE,EXPRESS,DELIVERED_ON_TIME,3,3,0,1134,DC-PE-01,SMB
VLX-2026-002308,2026-07-14,2026-07-23,North,Curitiba/PR,Porto Velho/RO,STANDARD,DELIVERED_LATE,8,9,1,1312,DC-PA-01,SMB
VLX-2026-002309,2026-06-05,2026-06-08,South,Curitiba/PR,Florianopolis/SC,EXPRESS,DELIVERED_ON_TIME,3,3,0,116,DC-RS-01,SMB
VLX-2026-002310,2026-02-02,2026-02-07,South,Sao Paulo/SP,Curitiba/PR,STANDARD,DELIVERED_ON_TIME,5,5,0,224,DC-PR-01,SMB
VLX-2026-002311,2026-03-13,2026-03-18,Central-West,Porto Alegre/RS,Goiania/GO,STANDARD,DELIVERED_ON_TIME,6,5,0,206,DC-DF-01,SMB
VLX-2026-002312,2026-03-15,2026-03-22,North,Salvador/BA,Porto Velho/RO,STANDARD,DELIVERED_ON_TIME,7,7,0,584,DC-PA-01,RETAIL
VLX-2026-002313,2026-05-21,2026-05-28,North,Belo Horizonte/MG,Porto Velho/RO,STANDARD,DELIVERED_ON_TIME,7,7,0,631,DC-PA-01,SMB
VLX-2026-002314,2026-06-20,2026-06-28,Southeast,Rio de Janeiro/RJ,Belo Horizonte/MG,STANDARD,DELIVERED_LATE,5,8,3,688,DC-SP-01,RETAIL
VLX-2026-002315,2026-04-20,2026-04-26,Southeast,Porto Alegre/RS,Rio de Janeiro/RJ,STANDARD,DELIVERED_ON_TIME,6,6,0,614,DC-RJ-01,RETAIL
VLX-2026-002316,2026-05-23,2026-05-28,Central-West,Rio de Janeiro/RJ,Brasilia/DF,STANDARD,DELIVERED_ON_TIME,6,5,0,273,DC-DF-01,RETAIL
VLX-2026-002317,2026-06-04,2026-06-09,Southeast,Sao Paulo/SP,Sao Paulo/SP,STANDARD,DELIVERED_ON_TIME,5,5,0,605,DC-MG-01,RETAIL
VLX-2026-002318,2026-06-22,2026-07-01,South,Belo Horizonte/MG,Florianopolis/SC,STANDARD,DELIVERED_LATE,5,9,4,224,DC-RS-01,RETAIL
VLX-2026-002319,2026-07-27,2026-08-04,Northeast,Rio de Janeiro/RJ,Recife/PE,STANDARD,DELIVERED_LATE,6,8,2,645,DC-PE-01,RETAIL
VLX-2026-002320,2026-05-08,2026-05-13,Southeast,Porto Velho/RO,Sao Paulo/SP,STANDARD,DELIVERED_ON_TIME,5,5,0,775,DC-MG-01,RETAIL
VLX-2026-002321,2026-01-24,2026-01-25,Southeast,Goiania/GO,Rio de Janeiro/RJ,EXPRESS,DELIVERED_ON_TIME,2,1,0,385,DC-SP-01,RETAIL
VLX-2026-002322,2026-01-24,2026-01-29,Southeast,Sao Paulo/SP,Belo Horizonte/MG,STANDARD,DELIVERED_ON_TIME,6,5,0,129,DC-RJ-01,RETAIL
VLX-2026-002323,2026-06-07,2026-06-11,Southeast,Florianopolis/SC,Rio de Janeiro/RJ,STANDARD,DELIVERED_ON_TIME,5,4,0,480,DC-RJ-01,RETAIL
VLX-2026-002324,2026-04-02,2026-04-06,Southeast,Rio de Janeiro/RJ,Sao Paulo/SP,STANDARD,DELIVERED_ON_TIME,5,4,0,258,DC-MG-01,RETAIL
VLX-2026-002325,2026-02-16,2026-02-22,Central-West,Sao Paulo/SP,Cuiaba/MT,STANDARD,DELIVERED_ON_TIME,6,6,0,939,DC-GO-01,RETAIL
VLX-2026-002326,2026-07-18,2026-07-25,Northeast,Cuiaba/MT,Salvador/BA,STANDARD,DELIVERED_ON_TIME,7,7,0,1179,DC-CE-01,RETAIL
VLX-2026-002327,2026-05-14,2026-05-25,Northeast,Sao Paulo/SP,Salvador/BA,EXPRESS,DELIVERY_EXCEPTION,4,11,7,840,DC-PE-01,SMB
VLX-2026-002328,2026-02-03,2026-02-08,South,Fortaleza/CE,Curitiba/PR,STANDARD,DELIVERED_ON_TIME,5,5,0,259,DC-RS-01,RETAIL
VLX-2026-002329,2026-02-22,2026-02-27,Central-West,Brasilia/DF,Brasilia/DF,STANDARD,DELIVERED_ON_TIME,6,5,0,935,DC-DF-01,RETAIL
VLX-2026-002330,2026-05-24,2026-05-29,Southeast,Belo Horizonte/MG,Rio de Janeiro/RJ,STANDARD,DELIVERED_ON_TIME,5,5,0,567,DC-SP-01,RETAIL
VLX-2026-002331,2026-08-01,2026-08-06,Southeast,Rio de Janeiro/RJ,Rio de Janeiro/RJ,STANDARD,DELIVERED_ON_TIME,5,5,0,917,DC-MG-01,ENTERPRISE
VLX-2026-002332,2026-05-05,2026-05-10,Southeast,Fortaleza/CE,Belo Horizonte/MG,STANDARD,DELIVERED_ON_TIME,5,5,0,578,DC-RJ-01,RETAIL
VLX-2026-002333,2026-06-04,2026-06-08,North,Belo Horizonte/MG,Porto Velho/RO,EXPRESS,DELIVERED_ON_TIME,4,4,0,968,DC-PA-01,RETAIL
VLX-2026-002334,2026-05-24,2026-06-04,Northeast,Recife/PE,Salvador/BA,STANDARD,DELIVERED_LATE,6,11,5,1274,DC-PE-01,ENTERPRISE
VLX-2026-002335,2026-05-06,2026-05-10,Southeast,Curitiba/PR,Sao Paulo/SP,STANDARD,DELIVERED_ON_TIME,5,4,0,356,DC-SP-01,RETAIL
VLX-2026-002336,2026-08-06,2026-08-11,Southeast,Curitiba/PR,Rio de Janeiro/RJ,STANDARD,DELIVERED_ON_TIME,5,5,0,318,DC-MG-01,RETAIL
VLX-2026-002337,2026-08-15,2026-08-21,North,Fortaleza/CE,Manaus/AM,STANDARD,DELIVERED_ON_TIME,7,6,0,1529,DC-AM-01,ENTERPRISE
VLX-2026-002338,2026-04-01,2026-04-06,South,Rio de Janeiro/RJ,Curitiba/PR,STANDARD,DELIVERED_ON_TIME,5,5,0,214,DC-RS-01,RETAIL
VLX-2026-002339,2026-07-13,2026-07-14,Southeast,Belem/PA,Rio de Janeiro/RJ,EXPRESS,DELIVERED_ON_TIME,2,1,0,283,DC-SP-01,RETAIL
VLX-2026-002340,2026-02-28,2026-03-02,Southeast,Curitiba/PR,Rio de Janeiro/RJ,EXPRESS,DELIVERED_ON_TIME,2,2,0,340,DC-MG-01,RETAIL
VLX-2026-002341,2026-04-06,2026-04-12,Southeast,Fortaleza/CE,Rio de Janeiro/RJ,STANDARD,DELIVERED_ON_TIME,6,6,0,833,DC-SP-01,RETAIL
VLX-2026-002342,2026-04-30,2026-05-06,Southeast,Rio de Janeiro/RJ,Rio de Janeiro/RJ,STANDARD,DELIVERED_LATE,5,6,1,119,DC-SP-01,RETAIL
VLX-2026-002343,2026-04-20,2026-04-22,Southeast,Fortaleza/CE,Rio de Janeiro/RJ,EXPRESS,DELIVERED_ON_TIME,3,2,0,154,DC-MG-01,RETAIL
VLX-2026-002344,2026-01-10,2026-01-16,Central-West,Florianopolis/SC,Goiania/GO,EXPRESS,DELIVERED_LATE,3,6,3,1057,DC-GO-01,RETAIL
VLX-2026-002345,2026-06-04,2026-06-13,Northeast,Belo Horizonte/MG,Salvador/BA,STANDARD,DELIVERED_LATE,6,9,3,481,DC-CE-01,SMB
VLX-2026-002346,2026-04-13,2026-04-18,Southeast,Porto Velho/RO,Belo Horizonte/MG,STANDARD,DELIVERED_ON_TIME,5,5,0,421,DC-RJ-01,RETAIL
VLX-2026-002347,2026-03-08,2026-03-13,Southeast,Florianopolis/SC,Rio de Janeiro/RJ,STANDARD,DELIVERED_ON_TIME,5,5,0,950,DC-MG-01,RETAIL
VLX-2026-002348,2026-03-04,2026-03-09,Southeast,Rio de Janeiro/RJ,Rio de Janeiro/RJ,STANDARD,DELIVERED_ON_TIME,5,5,0,825,DC-MG-01,SMB
VLX-2026-002349,2026-06-08,2026-06-14,South,Belo Horizonte/MG,Florianopolis/SC,STANDARD,DELIVERED_ON_TIME,6,6,0,188,DC-RS-01,ENTERPRISE
VLX-2026-002350,2026-01-07,2026-01-12,Southeast,Curitiba/PR,Rio de Janeiro/RJ,STANDARD,DELIVERED_ON_TIME,5,5,0,803,DC-SP-01,RETAIL
VLX-2026-002351,2026-02-08,2026-02-12,Central-West,Porto Alegre/RS,Brasilia/DF,EXPRESS,DELIVERED_ON_TIME,4,4,0,1340,DC-GO-01,RETAIL
VLX-2026-002352,2026-01-17,2026-01-18,Southeast,Florianopolis/SC,Rio de Janeiro/RJ,EXPRESS,DELIVERED_ON_TIME,2,1,0,1006,DC-MG-01,SMB
VLX-2026-002353,2026-07-17,2026-07-23,Central-West,Belo Horizonte/MG,Cuiaba/MT,STANDARD,DELIVERED_ON_TIME,6,6,0,780,DC-GO-01,RETAIL
VLX-2026-002354,2026-06-15,2026-06-17,Southeast,Belo Horizonte/MG,Belo Horizonte/MG,EXPRESS,DELIVERED_ON_TIME,2,2,0,212,DC-MG-01,RETAIL
VLX-2026-002355,2026-03-24,2026-03-30,Southeast,Fortaleza/CE,Sao Paulo/SP,STANDARD,DELIVERED_ON_TIME,6,6,0,344,DC-RJ-01,RETAIL
VLX-2026-002356,2026-01-16,2026-01-22,Central-West,Recife/PE,Cuiaba/MT,STANDARD,DELIVERED_ON_TIME,7,6,0,1635,DC-DF-01,RETAIL
VLX-2026-002357,2026-01-18,2026-01-23,South,Porto Alegre/RS,Porto Alegre/RS,STANDARD,DELIVERED_ON_TIME,6,5,0,641,DC-PR-01,RETAIL
VLX-2026-002358,2026-06-13,2026-06-21,North,Rio de Janeiro/RJ,Belem/PA,STANDARD,DELIVERED_ON_TIME,8,8,0,1742,DC-PA-01,RETAIL
VLX-2026-002359,2026-03-07,2026-03-12,Central-West,Sao Paulo/SP,Brasilia/DF,STANDARD,DELIVERED_ON_TIME,6,5,0,415,DC-DF-01,RETAIL
VLX-2026-002360,2026-04-12,2026-04-17,Central-West,Salvador/BA,Brasilia/DF,STANDARD,DELIVERED_ON_TIME,6,5,0,686,DC-DF-01,SMB
VLX-2026-002361,2026-03-11,2026-03-16,South,Curitiba/PR,Curitiba/PR,STANDARD,DELIVERED_ON_TIME,5,5,0,1093,DC-PR-01,RETAIL
VLX-2026-002362,2026-07-11,2026-07-14,Southeast,Sao Paulo/SP,Belo Horizonte/MG,EXPRESS,DELIVERED_ON_TIME,3,3,0,789,DC-SP-01,RETAIL
VLX-2026-002363,2026-06-18,2026-06-23,Central-West,Brasilia/DF,Brasilia/DF,EXPRESS,DELIVERED_LATE,3,5,2,1041,DC-GO-01,RETAIL
VLX-2026-002364,2026-05-15,2026-05-26,Northeast,Belo Horizonte/MG,Salvador/BA,STANDARD,DELIVERED_LATE,6,11,5,841,DC-PE-01,ENTERPRISE
VLX-2026-002365,2026-03-30,2026-04-01,Southeast,Sao Paulo/SP,Sao Paulo/SP,EXPRESS,DELIVERED_ON_TIME,3,2,0,549,DC-MG-01,SMB
VLX-2026-002366,2026-05-17,2026-05-26,North,Sao Paulo/SP,Manaus/AM,STANDARD,DELIVERED_LATE,7,9,2,956,DC-AM-01,RETAIL
VLX-2026-002367,2026-02-25,2026-02-27,Northeast,Florianopolis/SC,Recife/PE,EXPRESS,DELIVERED_ON_TIME,3,2,0,1676,DC-BA-01,RETAIL
VLX-2026-002368,2026-06-30,2026-07-05,South,Belo Horizonte/MG,Curitiba/PR,STANDARD,DELIVERED_ON_TIME,5,5,0,320,DC-PR-01,RETAIL
VLX-2026-002369,2026-02-28,2026-03-04,Northeast,Sao Paulo/SP,Recife/PE,EXPRESS,DELIVERED_ON_TIME,4,4,0,357,DC-PE-01,RETAIL
VLX-2026-002370,2026-08-17,2026-08-22,South,Sao Paulo/SP,Florianopolis/SC,STANDARD,DELIVERED_ON_TIME,5,5,0,641,DC-RS-01,ENTERPRISE
VLX-2026-002371,2026-07-04,2026-07-14,Northeast,Florianopolis/SC,Fortaleza/CE,STANDARD,DELIVERED_LATE,7,10,3,1692,DC-BA-01,ENTERPRISE
VLX-2026-002372,2026-01-20,2026-01-30,Northeast,Fortaleza/CE,Fortaleza/CE,STANDARD,DELIVERY_EXCEPTION,6,10,4,1720,DC-BA-01,SMB
VLX-2026-002373,2026-04-26,2026-05-01,South,Brasilia/DF,Florianopolis/SC,STANDARD,DELIVERED_ON_TIME,5,5,0,854,DC-PR-01,RETAIL
VLX-2026-002374,2026-04-01,2026-04-07,Southeast,Belem/PA,Belo Horizonte/MG,STANDARD,DELIVERED_ON_TIME,6,6,0,774,DC-SP-01,RETAIL
VLX-2026-002375,2026-03-04,2026-03-10,Northeast,Rio de Janeiro/RJ,Salvador/BA,STANDARD,DELIVERED_ON_TIME,6,6,0,755,DC-CE-01,RETAIL
VLX-2026-002376,2026-04-14,2026-04-18,North,Rio de Janeiro/RJ,Porto Velho/RO,EXPRESS,DELIVERED_ON_TIME,4,4,0,2223,DC-AM-01,RETAIL
VLX-2026-002377,2026-03-02,2026-03-06,Southeast,Florianopolis/SC,Rio de Janeiro/RJ,STANDARD,DELIVERED_ON_TIME,5,4,0,485,DC-RJ-01,RETAIL
VLX-2026-002378,2026-06-13,2026-06-19,North,Belo Horizonte/MG,Porto Velho/RO,STANDARD,DELIVERED_ON_TIME,7,6,0,1975,DC-PA-01,ENTERPRISE
VLX-2026-002379,2026-04-13,2026-04-15,Southeast,Belo Horizonte/MG,Sao Paulo/SP,EXPRESS,DELIVERED_ON_TIME,2,2,0,582,DC-RJ-01,RETAIL
VLX-2026-002380,2026-06-16,2026-06-21,South,Fortaleza/CE,Porto Alegre/RS,STANDARD,DELIVERED_ON_TIME,5,5,0,625,DC-RS-01,RETAIL
VLX-2026-002381,2026-04-20,2026-04-25,Southeast,Belo Horizonte/MG,Sao Paulo/SP,STANDARD,DELIVERED_ON_TIME,5,5,0,993,DC-SP-01,RETAIL
VLX-2026-002382,2026-06-25,2026-07-04,Southeast,Porto Alegre/RS,Sao Paulo/SP,STANDARD,DELIVERED_LATE,5,9,4,85,DC-SP-01,RETAIL
VLX-2026-002383,2026-03-14,2026-03-20,North,Curitiba/PR,Porto Velho/RO,STANDARD,DELIVERED_ON_TIME,7,6,0,630,DC-AM-01,ENTERPRISE
VLX-2026-002384,2026-08-04,2026-08-06,South,Fortaleza/CE,Florianopolis/SC,EXPRESS,DELIVERED_ON_TIME,2,2,0,1168,DC-RS-01,RETAIL
VLX-2026-002385,2026-03-26,2026-03-31,South,Sao Paulo/SP,Porto Alegre/RS,STANDARD,DELIVERED_ON_TIME,5,5,0,1090,DC-RS-01,RETAIL
VLX-2026-002386,2026-01-12,2026-01-20,Central-West,Porto Alegre/RS,Cuiaba/MT,STANDARD,DELIVERED_LATE,6,8,2,1590,DC-DF-01,RETAIL
VLX-2026-002387,2026-04-18,2026-04-24,Northeast,Goiania/GO,Fortaleza/CE,STANDARD,DELIVERED_ON_TIME,6,6,0,1481,DC-CE-01,RETAIL
VLX-2026-002388,2026-01-04,2026-01-19,Southeast,Belo Horizonte/MG,Belo Horizonte/MG,STANDARD,LOST,5,15,10,970,DC-RJ-01,RETAIL
VLX-2026-002389,2026-06-29,2026-07-04,South,Belo Horizonte/MG,Florianopolis/SC,STANDARD,DELIVERED_ON_TIME,6,5,0,259,DC-RS-01,ENTERPRISE
VLX-2026-002390,2026-04-17,2026-04-23,Southeast,Cuiaba/MT,Belo Horizonte/MG,EXPRESS,DELIVERED_LATE,2,6,4,996,DC-MG-01,RETAIL
VLX-2026-002391,2026-06-05,2026-06-10,Southeast,Belo Horizonte/MG,Sao Paulo/SP,STANDARD,DELIVERED_ON_TIME,5,5,0,922,DC-RJ-01,RETAIL
VLX-2026-002392,2026-03-15,2026-03-20,Southeast,Salvador/BA,Belo Horizonte/MG,STANDARD,DELIVERED_ON_TIME,5,5,0,937,DC-SP-01,RETAIL
VLX-2026-002393,2026-06-24,2026-06-26,Southeast,Rio de Janeiro/RJ,Belo Horizonte/MG,EXPRESS,DELIVERED_ON_TIME,2,2,0,328,DC-RJ-01,SMB
VLX-2026-002394,2026-07-24,2026-08-01,North,Sao Paulo/SP,Belem/PA,STANDARD,DELIVERED_LATE,7,8,1,667,DC-PA-01,RETAIL
VLX-2026-002395,2026-07-30,2026-08-06,Northeast,Goiania/GO,Recife/PE,STANDARD,DELIVERED_ON_TIME,7,7,0,1715,DC-PE-01,SMB
VLX-2026-002396,2026-06-06,2026-06-08,Southeast,Belo Horizonte/MG,Rio de Janeiro/RJ,EXPRESS,DELIVERED_ON_TIME,2,2,0,434,DC-MG-01,SMB
VLX-2026-002397,2026-06-26,2026-07-01,South,Rio de Janeiro/RJ,Florianopolis/SC,STANDARD,DELIVERED_ON_TIME,5,5,0,373,DC-PR-01,RETAIL
VLX-2026-002398,2026-08-06,2026-08-15,Southeast,Porto Alegre/RS,Rio de Janeiro/RJ,STANDARD,DELIVERED_LATE,6,9,3,877,DC-RJ-01,RETAIL
VLX-2026-002399,2026-03-25,2026-04-01,North,Belo Horizonte/MG,Manaus/AM,STANDARD,DELIVERED_ON_TIME,7,7,0,1252,DC-AM-01,RETAIL
VLX-2026-002400,2026-01-23,2026-01-26,Central-West,Goiania/GO,Cuiaba/MT,EXPRESS,DELIVERED_ON_TIME,3,3,0,510,DC-DF-01,RETAIL
VLX-2026-002401,2026-06-20,2026-06-25,South,Belo Horizonte/MG,Florianopolis/SC,STANDARD,DELIVERED_ON_TIME,5,5,0,1160,DC-RS-01,RETAIL
VLX-2026-002402,2026-02-25,2026-03-10,Central-West,Brasilia/DF,Goiania/GO,STANDARD,DELIVERY_EXCEPTION,6,13,7,995,DC-GO-01,ENTERPRISE
VLX-2026-002403,2026-06-27,2026-07-02,Southeast,Sao Paulo/SP,Belo Horizonte/MG,STANDARD,DELIVERED_ON_TIME,5,5,0,791,DC-RJ-01,RETAIL
VLX-2026-002404,2026-02-23,2026-02-28,Northeast,Sao Paulo/SP,Salvador/BA,STANDARD,DELIVERED_ON_TIME,6,5,0,1351,DC-PE-01,RETAIL
VLX-2026-002405,2026-03-18,2026-03-23,Central-West,Goiania/GO,Goiania/GO,STANDARD,DELIVERED_ON_TIME,6,5,0,768,DC-GO-01,RETAIL
VLX-2026-002406,2026-06-20,2026-06-26,Northeast,Rio de Janeiro/RJ,Fortaleza/CE,STANDARD,DELIVERED_ON_TIME,6,6,0,620,DC-BA-01,RETAIL
VLX-2026-002407,2026-07-12,2026-07-22,Northeast,Belem/PA,Fortaleza/CE,STANDARD,DELIVERED_LATE,7,10,3,834,DC-PE-01,RETAIL
VLX-2026-002408,2026-04-19,2026-04-30,Central-West,Belo Horizonte/MG,Cuiaba/MT,STANDARD,DELIVERY_EXCEPTION,6,11,5,1591,DC-GO-01,RETAIL
VLX-2026-002409,2026-02-26,2026-03-03,Southeast,Porto Alegre/RS,Sao Paulo/SP,STANDARD,DELIVERED_ON_TIME,5,5,0,1089,DC-RJ-01,RETAIL
VLX-2026-002410,2026-07-27,2026-08-01,South,Rio de Janeiro/RJ,Florianopolis/SC,STANDARD,DELIVERED_ON_TIME,5,5,0,983,DC-RS-01,SMB
VLX-2026-002411,2026-01-07,2026-01-08,South,Curitiba/PR,Curitiba/PR,EXPRESS,DELIVERED_ON_TIME,2,1,0,788,DC-PR-01,RETAIL
VLX-2026-002412,2026-03-16,2026-03-22,Central-West,Rio de Janeiro/RJ,Goiania/GO,STANDARD,DELIVERED_ON_TIME,6,6,0,1404,DC-GO-01,SMB
VLX-2026-002413,2026-02-06,2026-02-13,South,Belem/PA,Florianopolis/SC,STANDARD,DELIVERY_EXCEPTION,5,7,2,685,DC-PR-01,RETAIL
VLX-2026-002414,2026-02-16,2026-02-22,Central-West,Curitiba/PR,Brasilia/DF,STANDARD,DELIVERED_ON_TIME,6,6,0,1331,DC-DF-01,RETAIL
VLX-2026-002415,2026-05-05,2026-05-06,Southeast,Goiania/GO,Sao Paulo/SP,EXPRESS,DELIVERED_ON_TIME,2,1,0,220,DC-MG-01,RETAIL
VLX-2026-002416,2026-07-13,2026-07-21,North,Recife/PE,Belem/PA,STANDARD,DELIVERED_LATE,7,8,1,427,DC-AM-01,RETAIL
VLX-2026-002417,2026-01-24,2026-01-30,Southeast,Rio de Janeiro/RJ,Belo Horizonte/MG,STANDARD,DELIVERED_ON_TIME,6,6,0,829,DC-RJ-01,SMB
VLX-2026-002418,2026-07-27,2026-07-28,Southeast,Belo Horizonte/MG,Belo Horizonte/MG,EXPRESS,DELIVERED_ON_TIME,2,1,0,212,DC-MG-01,RETAIL
VLX-2026-002419,2026-02-16,2026-02-22,Northeast,Rio de Janeiro/RJ,Recife/PE,STANDARD,DELIVERED_ON_TIME,6,6,0,747,DC-BA-01,RETAIL
VLX-2026-002420,2026-01-10,2026-01-11,Southeast,Rio de Janeiro/RJ,Belo Horizonte/MG,EXPRESS,DELIVERED_ON_TIME,2,1,0,932,DC-MG-01,SMB
VLX-2026-002421,2026-04-09,2026-04-15,Central-West,Sao Paulo/SP,Cuiaba/MT,STANDARD,DELIVERED_ON_TIME,6,6,0,1298,DC-DF-01,RETAIL
VLX-2026-002422,2026-01-16,2026-01-21,Southeast,Recife/PE,Sao Paulo/SP,STANDARD,DELIVERED_ON_TIME,5,5,0,380,DC-RJ-01,RETAIL
VLX-2026-002423,2026-08-01,2026-08-08,Northeast,Manaus/AM,Recife/PE,STANDARD,DELIVERED_ON_TIME,7,7,0,1822,DC-BA-01,SMB
VLX-2026-002424,2026-07-08,2026-07-12,South,Belo Horizonte/MG,Florianopolis/SC,STANDARD,DELIVERED_ON_TIME,5,4,0,672,DC-RS-01,RETAIL
VLX-2026-002425,2026-05-31,2026-06-04,Southeast,Recife/PE,Belo Horizonte/MG,STANDARD,DELIVERED_ON_TIME,5,4,0,280,DC-RJ-01,ENTERPRISE
VLX-2026-002426,2026-01-27,2026-02-02,Central-West,Rio de Janeiro/RJ,Cuiaba/MT,STANDARD,DELIVERED_ON_TIME,6,6,0,1337,DC-GO-01,RETAIL
VLX-2026-002427,2026-03-29,2026-04-06,North,Curitiba/PR,Manaus/AM,STANDARD,DELIVERED_LATE,7,8,1,1867,DC-PA-01,SMB
VLX-2026-002428,2026-02-24,2026-02-27,Central-West,Salvador/BA,Brasilia/DF,EXPRESS,DELIVERED_ON_TIME,3,3,0,894,DC-DF-01,RETAIL
VLX-2026-002429,2026-05-16,2026-05-18,Northeast,Belo Horizonte/MG,Salvador/BA,EXPRESS,DELIVERED_ON_TIME,3,2,0,195,DC-PE-01,RETAIL
VLX-2026-002430,2026-06-30,2026-07-07,Central-West,Cuiaba/MT,Cuiaba/MT,STANDARD,DELIVERED_ON_TIME,7,7,0,583,DC-DF-01,RETAIL
VLX-2026-002431,2026-06-08,2026-06-10,Southeast,Porto Alegre/RS,Belo Horizonte/MG,EXPRESS,DELIVERED_ON_TIME,2,2,0,775,DC-SP-01,SMB
VLX-2026-002432,2026-03-27,2026-04-04,South,Brasilia/DF,Porto Alegre/RS,STANDARD,DELIVERED_LATE,6,8,2,954,DC-RS-01,ENTERPRISE
VLX-2026-002433,2026-07-29,2026-08-05,Central-West,Porto Velho/RO,Brasilia/DF,STANDARD,DELIVERED_ON_TIME,7,7,0,1024,DC-DF-01,RETAIL
VLX-2026-002434,2026-05-02,2026-05-08,Northeast,Sao Paulo/SP,Salvador/BA,STANDARD,DELIVERED_ON_TIME,6,6,0,1097,DC-CE-01,ENTERPRISE
VLX-2026-002435,2026-07-29,2026-08-03,South,Rio de Janeiro/RJ,Florianopolis/SC,STANDARD,DELIVERED_ON_TIME,5,5,0,1279,DC-RS-01,RETAIL
VLX-2026-002436,2026-01-16,2026-01-22,Northeast,Belo Horizonte/MG,Salvador/BA,STANDARD,DELIVERED_ON_TIME,6,6,0,1614,DC-BA-01,SMB
VLX-2026-002437,2026-03-25,2026-03-28,Northeast,Manaus/AM,Fortaleza/CE,EXPRESS,DELIVERED_ON_TIME,4,3,0,638,DC-BA-01,RETAIL
VLX-2026-002438,2026-05-01,2026-05-06,Southeast,Rio de Janeiro/RJ,Rio de Janeiro/RJ,STANDARD,DELIVERED_ON_TIME,5,5,0,506,DC-MG-01,SMB
VLX-2026-002439,2026-03-20,2026-03-25,Central-West,Porto Alegre/RS,Goiania/GO,STANDARD,DELIVERED_ON_TIME,6,5,0,678,DC-GO-01,RETAIL
VLX-2026-002440,2026-06-17,2026-06-28,Northeast,Salvador/BA,Recife/PE,STANDARD,DELIVERED_LATE,7,11,4,175,DC-BA-01,ENTERPRISE
VLX-2026-002441,2026-04-14,2026-04-21,North,Porto Alegre/RS,Porto Velho/RO,STANDARD,DELIVERED_ON_TIME,7,7,0,1296,DC-AM-01,RETAIL
VLX-2026-002442,2026-07-12,2026-07-16,Northeast,Belo Horizonte/MG,Recife/PE,EXPRESS,DELIVERED_ON_TIME,4,4,0,1401,DC-CE-01,RETAIL
VLX-2026-002443,2026-02-03,2026-02-07,Southeast,Rio de Janeiro/RJ,Belo Horizonte/MG,STANDARD,DELIVERED_ON_TIME,5,4,0,873,DC-SP-01,SMB
VLX-2026-002444,2026-05-03,2026-05-05,South,Rio de Janeiro/RJ,Porto Alegre/RS,EXPRESS,DELIVERED_ON_TIME,2,2,0,162,DC-RS-01,RETAIL
VLX-2026-002445,2026-01-10,2026-01-17,North,Belo Horizonte/MG,Porto Velho/RO,STANDARD,DELIVERED_ON_TIME,7,7,0,1771,DC-PA-01,RETAIL
VLX-2026-002446,2026-08-04,2026-08-10,Southeast,Belo Horizonte/MG,Belo Horizonte/MG,STANDARD,DELIVERED_ON_TIME,6,6,0,1082,DC-MG-01,RETAIL
VLX-2026-002447,2026-04-15,2026-04-21,Northeast,Fortaleza/CE,Recife/PE,STANDARD,DELIVERED_ON_TIME,6,6,0,1542,DC-CE-01,SMB
VLX-2026-002448,2026-08-09,2026-08-15,Central-West,Rio de Janeiro/RJ,Goiania/GO,STANDARD,DELIVERED_ON_TIME,6,6,0,1317,DC-DF-01,RETAIL
VLX-2026-002449,2026-06-05,2026-06-13,Southeast,Rio de Janeiro/RJ,Belo Horizonte/MG,STANDARD,DELIVERED_LATE,5,8,3,579,DC-RJ-01,SMB
VLX-2026-002450,2026-03-10,2026-03-16,South,Florianopolis/SC,Florianopolis/SC,STANDARD,DELIVERED_ON_TIME,6,6,0,399,DC-RS-01,RETAIL
VLX-2026-002451,2026-06-19,2026-06-26,North,Sao Paulo/SP,Porto Velho/RO,STANDARD,DELIVERED_ON_TIME,7,7,0,396,DC-PA-01,RETAIL
VLX-2026-002452,2026-01-10,2026-01-12,South,Rio de Janeiro/RJ,Porto Alegre/RS,EXPRESS,DELIVERED_ON_TIME,3,2,0,277,DC-RS-01,SMB
VLX-2026-002453,2026-01-28,2026-02-01,Northeast,Belo Horizonte/MG,Salvador/BA,EXPRESS,DELIVERED_ON_TIME,4,4,0,1088,DC-CE-01,RETAIL
VLX-2026-002454,2026-07-25,2026-07-31,South,Recife/PE,Florianopolis/SC,STANDARD,DELIVERED_ON_TIME,6,6,0,801,DC-RS-01,RETAIL
VLX-2026-002455,2026-03-09,2026-03-10,Southeast,Rio de Janeiro/RJ,Belo Horizonte/MG,EXPRESS,DELIVERED_ON_TIME,2,1,0,465,DC-SP-01,RETAIL
VLX-2026-002456,2026-05-15,2026-05-17,Northeast,Sao Paulo/SP,Recife/PE,EXPRESS,DELIVERED_ON_TIME,3,2,0,1663,DC-BA-01,RETAIL
VLX-2026-002457,2026-02-22,2026-03-01,North,Belo Horizonte/MG,Porto Velho/RO,STANDARD,DELIVERED_ON_TIME,7,7,0,684,DC-PA-01,RETAIL
VLX-2026-002458,2026-01-13,2026-01-18,Southeast,Fortaleza/CE,Rio de Janeiro/RJ,STANDARD,DELIVERED_ON_TIME,5,5,0,1062,DC-MG-01,RETAIL
VLX-2026-002459,2026-02-16,2026-02-24,Central-West,Goiania/GO,Goiania/GO,STANDARD,DELIVERED_LATE,6,8,2,241,DC-GO-01,RETAIL
VLX-2026-002460,2026-05-26,2026-05-28,Southeast,Fortaleza/CE,Sao Paulo/SP,EXPRESS,DELIVERED_ON_TIME,2,2,0,621,DC-RJ-01,RETAIL
VLX-2026-002461,2026-08-01,2026-08-03,Southeast,Fortaleza/CE,Belo Horizonte/MG,EXPRESS,DELIVERED_ON_TIME,2,2,0,213,DC-RJ-01,RETAIL
VLX-2026-002462,2026-06-20,2026-06-25,Northeast,Rio de Janeiro/RJ,Fortaleza/CE,STANDARD,DELIVERED_ON_TIME,6,5,0,1361,DC-BA-01,SMB
VLX-2026-002463,2026-02-10,2026-02-15,Central-West,Sao Paulo/SP,Brasilia/DF,STANDARD,DELIVERED_ON_TIME,6,5,0,1634,DC-GO-01,RETAIL
VLX-2026-002464,2026-03-26,2026-04-02,Central-West,Belo Horizonte/MG,Cuiaba/MT,STANDARD,DELIVERED_LATE,6,7,1,1439,DC-GO-01,RETAIL
VLX-2026-002465,2026-03-08,2026-03-11,Northeast,Salvador/BA,Salvador/BA,EXPRESS,DELIVERED_ON_TIME,4,3,0,199,DC-BA-01,RETAIL
VLX-2026-002466,2026-01-30,2026-02-05,Northeast,Brasilia/DF,Fortaleza/CE,STANDARD,DELIVERED_ON_TIME,6,6,0,523,DC-PE-01,RETAIL
VLX-2026-002467,2026-02-03,2026-02-07,Northeast,Belo Horizonte/MG,Fortaleza/CE,EXPRESS,DELIVERED_ON_TIME,4,4,0,988,DC-CE-01,RETAIL
VLX-2026-002468,2026-03-23,2026-03-31,Southeast,Belo Horizonte/MG,Sao Paulo/SP,STANDARD,DELIVERED_LATE,6,8,2,1069,DC-SP-01,RETAIL
VLX-2026-002469,2026-07-31,2026-08-01,Southeast,Belo Horizonte/MG,Sao Paulo/SP,EXPRESS,DELIVERED_ON_TIME,2,1,0,149,DC-SP-01,RETAIL
VLX-2026-002470,2026-05-24,2026-06-01,Northeast,Goiania/GO,Recife/PE,STANDARD,DELIVERED_LATE,6,8,2,210,DC-CE-01,RETAIL
VLX-2026-002471,2026-04-18,2026-04-23,South,Porto Alegre/RS,Florianopolis/SC,EXPRESS,DELIVERED_LATE,3,5,2,607,DC-PR-01,SMB
VLX-2026-002472,2026-03-07,2026-03-12,Southeast,Cuiaba/MT,Belo Horizonte/MG,STANDARD,DELIVERED_ON_TIME,5,5,0,699,DC-MG-01,RETAIL
VLX-2026-002473,2026-03-03,2026-03-11,North,Sao Paulo/SP,Belem/PA,STANDARD,DELIVERED_LATE,7,8,1,2091,DC-PA-01,RETAIL
VLX-2026-002474,2026-03-23,2026-03-31,Southeast,Cuiaba/MT,Belo Horizonte/MG,STANDARD,DELIVERED_LATE,5,8,3,1095,DC-RJ-01,RETAIL
VLX-2026-002475,2026-08-12,2026-08-15,Northeast,Curitiba/PR,Salvador/BA,EXPRESS,DELIVERED_ON_TIME,3,3,0,588,DC-BA-01,RETAIL
VLX-2026-002476,2026-01-20,2026-01-22,South,Belo Horizonte/MG,Curitiba/PR,EXPRESS,DELIVERED_ON_TIME,2,2,0,746,DC-PR-01,RETAIL
VLX-2026-002477,2026-02-07,2026-02-12,South,Curitiba/PR,Curitiba/PR,STANDARD,DELIVERED_ON_TIME,5,5,0,739,DC-PR-01,SMB
VLX-2026-002478,2026-01-20,2026-01-25,South,Curitiba/PR,Florianopolis/SC,STANDARD,DELIVERED_ON_TIME,5,5,0,655,DC-RS-01,RETAIL
VLX-2026-002479,2026-03-31,2026-04-05,Southeast,Florianopolis/SC,Belo Horizonte/MG,STANDARD,DELIVERED_ON_TIME,5,5,0,853,DC-MG-01,RETAIL
VLX-2026-002480,2026-01-22,2026-01-25,Central-West,Salvador/BA,Brasilia/DF,EXPRESS,DELIVERED_ON_TIME,3,3,0,709,DC-DF-01,RETAIL
VLX-2026-002481,2026-07-25,2026-07-28,Southeast,Porto Velho/RO,Belo Horizonte/MG,EXPRESS,DELIVERED_LATE,2,3,1,982,DC-MG-01,RETAIL
VLX-2026-002482,2026-04-26,2026-04-30,North,Florianopolis/SC,Manaus/AM,EXPRESS,DELIVERED_ON_TIME,4,4,0,878,DC-AM-01,RETAIL
VLX-2026-002483,2026-02-24,2026-03-05,Central-West,Belo Horizonte/MG,Cuiaba/MT,STANDARD,DELIVERED_LATE,6,9,3,1305,DC-GO-01,RETAIL
VLX-2026-002484,2026-08-10,2026-08-13,Southeast,Belo Horizonte/MG,Sao Paulo/SP,EXPRESS,DELIVERED_ON_TIME,3,3,0,244,DC-RJ-01,RETAIL
VLX-2026-002485,2026-02-26,2026-03-04,Northeast,Porto Alegre/RS,Salvador/BA,STANDARD,DELIVERED_ON_TIME,6,6,0,1432,DC-PE-01,RETAIL
VLX-2026-002486,2026-08-17,2026-08-19,Southeast,Recife/PE,Sao Paulo/SP,EXPRESS,DELIVERED_ON_TIME,2,2,0,459,DC-MG-01,RETAIL
VLX-2026-002487,2026-05-15,2026-05-17,Southeast,Sao Paulo/SP,Rio de Janeiro/RJ,EXPRESS,DELIVERED_ON_TIME,2,2,0,740,DC-SP-01,SMB
VLX-2026-002488,2026-07-08,2026-07-20,North,Sao Paulo/SP,Belem/PA,STANDARD,DELIVERED_LATE,8,12,4,266,DC-PA-01,SMB
VLX-2026-002489,2026-01-29,2026-01-31,Southeast,Brasilia/DF,Rio de Janeiro/RJ,EXPRESS,DELIVERED_ON_TIME,2,2,0,302,DC-RJ-01,RETAIL
VLX-2026-002490,2026-02-01,2026-02-07,Central-West,Rio de Janeiro/RJ,Cuiaba/MT,STANDARD,DELIVERED_ON_TIME,6,6,0,1696,DC-GO-01,RETAIL
VLX-2026-002491,2026-01-07,2026-01-12,South,Rio de Janeiro/RJ,Florianopolis/SC,STANDARD,DELIVERED_ON_TIME,5,5,0,433,DC-RS-01,ENTERPRISE
VLX-2026-002492,2026-06-17,2026-06-23,Southeast,Rio de Janeiro/RJ,Belo Horizonte/MG,STANDARD,DELIVERED_LATE,5,6,1,559,DC-RJ-01,RETAIL
VLX-2026-002493,2026-03-25,2026-03-31,South,Cuiaba/MT,Curitiba/PR,STANDARD,DELIVERED_ON_TIME,6,6,0,1161,DC-RS-01,RETAIL
VLX-2026-002494,2026-02-20,2026-02-27,Northeast,Florianopolis/SC,Fortaleza/CE,STANDARD,DELIVERED_ON_TIME,7,7,0,781,DC-CE-01,RETAIL
VLX-2026-002495,2026-04-20,2026-04-28,North,Fortaleza/CE,Manaus/AM,STANDARD,DELIVERED_ON_TIME,8,8,0,2131,DC-AM-01,RETAIL
VLX-2026-002496,2026-04-16,2026-04-18,Southeast,Sao Paulo/SP,Sao Paulo/SP,EXPRESS,DELIVERED_ON_TIME,2,2,0,326,DC-SP-01,ENTERPRISE
VLX-2026-002497,2026-01-07,2026-01-12,Northeast,Belo Horizonte/MG,Salvador/BA,STANDARD,DELIVERED_ON_TIME,6,5,0,150,DC-PE-01,RETAIL
VLX-2026-002498,2026-08-02,2026-08-07,South,Rio de Janeiro/RJ,Florianopolis/SC,STANDARD,DELIVERED_ON_TIME,5,5,0,892,DC-PR-01,RETAIL
VLX-2026-002499,2026-04-09,2026-04-17,Northeast,Sao Paulo/SP,Salvador/BA,EXPRESS,DELIVERED_LATE,3,8,5,516,DC-BA-01,RETAIL
VLX-2026-002500,2026-03-23,2026-03-27,South,Porto Alegre/RS,Curitiba/PR,STANDARD,DELIVERED_ON_TIME,5,4,0,334,DC-PR-01,RETAIL
